file_name,entity_text,entity_type,start_char,end_char,regulation
tenant-a_log_00.json,alice.chen,PERSON,285,295,"GDPR_Art5_1a, DPDPA_S8"
tenant-a_log_00.json,alice.chen,PERSON,1574,1584,"GDPR_Art5_1a, DPDPA_S8"
tenant-a_log_00.json,bob.kumar,PERSON,2861,2870,"GDPR_Art5_1a, DPDPA_S8"
tenant-a_log_00.json,alice.chen,PERSON,4146,4156,"GDPR_Art5_1a, DPDPA_S8"
tenant-a_log_00.json,carol.smith,PERSON,5435,5446,"GDPR_Art5_1a, DPDPA_S8"
tenant-a_log_00.json,bob.kumar,PERSON,6727,6736,"GDPR_Art5_1a, DPDPA_S8"
tenant-a_log_00.json,alice.chen,PERSON,8015,8025,"GDPR_Art5_1a, DPDPA_S8"
tenant-a_log_00.json,bob.kumar,PERSON,9303,9312,"GDPR_Art5_1a, DPDPA_S8"
tenant-a_log_00.json,bob.kumar,PERSON,10590,10599,"GDPR_Art5_1a, DPDPA_S8"
tenant-a_log_00.json,alice.chen,PERSON,11873,11883,"GDPR_Art5_1a, DPDPA_S8"
tenant-a_log_00.json,alice.chen,PERSON,13159,13169,"GDPR_Art5_1a, DPDPA_S8"
tenant-a_log_00.json,alice.chen,PERSON,14448,14458,"GDPR_Art5_1a, DPDPA_S8"
tenant-a_log_00.json,alice.chen,PERSON,15732,15742,"GDPR_Art5_1a, DPDPA_S8"
tenant-a_log_00.json,bob.kumar,PERSON,17025,17034,"GDPR_Art5_1a, DPDPA_S8"
tenant-a_log_00.json,alice.chen,PERSON,18313,18323,"GDPR_Art5_1a, DPDPA_S8"
tenant-a_log_00.json,carol.smith,PERSON,19597,19608,"GDPR_Art5_1a, DPDPA_S8"
tenant-a_log_00.json,carol.smith,PERSON,20887,20898,"GDPR_Art5_1a, DPDPA_S8"
tenant-a_log_00.json,bob.kumar,PERSON,22179,22188,"GDPR_Art5_1a, DPDPA_S8"
tenant-a_log_00.json,alice.chen,PERSON,23461,23471,"GDPR_Art5_1a, DPDPA_S8"
tenant-a_log_00.json,carol.smith,PERSON,24745,24756,"GDPR_Art5_1a, DPDPA_S8"
tenant-a_log_00.json,alice.chen,PERSON,26031,26041,"GDPR_Art5_1a, DPDPA_S8"
tenant-a_log_00.json,bob.kumar,PERSON,27319,27328,"GDPR_Art5_1a, DPDPA_S8"
tenant-a_log_00.json,bob.kumar,PERSON,28604,28613,"GDPR_Art5_1a, DPDPA_S8"
tenant-a_log_00.json,bob.kumar,PERSON,29887,29896,"GDPR_Art5_1a, DPDPA_S8"
tenant-a_log_00.json,carol.smith,PERSON,31172,31183,"GDPR_Art5_1a, DPDPA_S8"
tenant-a_log_00.json,alice.chen,PERSON,32469,32479,"GDPR_Art5_1a, DPDPA_S8"
tenant-a_log_00.json,alice.chen,PERSON,33753,33763,"GDPR_Art5_1a, DPDPA_S8"
tenant-a_log_00.json,bob.kumar,PERSON,35041,35050,"GDPR_Art5_1a, DPDPA_S8"
tenant-a_log_00.json,alice.chen,PERSON,36330,36340,"GDPR_Art5_1a, DPDPA_S8"
tenant-a_log_00.json,bob.kumar,PERSON,37618,37627,"GDPR_Art5_1a, DPDPA_S8"
tenant-a_log_00.json,carol.smith,PERSON,38910,38921,"GDPR_Art5_1a, DPDPA_S8"
tenant-a_log_00.json,alice.chen,PERSON,40195,40205,"GDPR_Art5_1a, DPDPA_S8"
tenant-a_log_00.json,carol.smith,PERSON,41482,41493,"GDPR_Art5_1a, DPDPA_S8"
tenant-a_log_00.json,bob.kumar,PERSON,42770,42779,"GDPR_Art5_1a, DPDPA_S8"
tenant-a_log_00.json,bob.kumar,PERSON,44054,44063,"GDPR_Art5_1a, DPDPA_S8"
tenant-a_log_00.json,carol.smith,PERSON,45338,45349,"GDPR_Art5_1a, DPDPA_S8"
tenant-a_log_00.json,alice.chen,PERSON,46624,46634,"GDPR_Art5_1a, DPDPA_S8"
tenant-a_log_00.json,alice.chen,PERSON,47909,47919,"GDPR_Art5_1a, DPDPA_S8"
tenant-a_log_00.json,carol.smith,PERSON,49192,49203,"GDPR_Art5_1a, DPDPA_S8"
tenant-a_log_00.json,bob.kumar,PERSON,50475,50484,"GDPR_Art5_1a, DPDPA_S8"
tenant-a_log_00.json,176.174.50.12,IP_ADDRESS,683,696,"GDPR_Art5_1b, DPDPA_S8"
tenant-a_log_00.json,5.189.67.176,IP_ADDRESS,1972,1984,"GDPR_Art5_1b, DPDPA_S8"
tenant-a_log_00.json,202.95.132.206,IP_ADDRESS,3258,3272,"GDPR_Art5_1b, DPDPA_S8"
tenant-a_log_00.json,184.62.131.247,IP_ADDRESS,4544,4558,"GDPR_Art5_1b, DPDPA_S8"
tenant-a_log_00.json,215.143.103.9,IP_ADDRESS,5834,5847,"GDPR_Art5_1b, DPDPA_S8"
tenant-a_log_00.json,123.202.95.221,IP_ADDRESS,7124,7138,"GDPR_Art5_1b, DPDPA_S8"
tenant-a_log_00.json,166.130.75.199,IP_ADDRESS,8413,8427,"GDPR_Art5_1b, DPDPA_S8"
tenant-a_log_00.json,203.125.70.251,IP_ADDRESS,9700,9714,"GDPR_Art5_1b, DPDPA_S8"
tenant-a_log_00.json,140.44.209.23,IP_ADDRESS,10987,11000,"GDPR_Art5_1b, DPDPA_S8"
tenant-a_log_00.json,3.58.25.222,IP_ADDRESS,12271,12282,"GDPR_Art5_1b, DPDPA_S8"
tenant-a_log_00.json,206.14.182.24,IP_ADDRESS,13557,13570,"GDPR_Art5_1b, DPDPA_S8"
tenant-a_log_00.json,139.233.42.193,IP_ADDRESS,14846,14860,"GDPR_Art5_1b, DPDPA_S8"
tenant-a_log_00.json,118.205.170.173,IP_ADDRESS,16130,16145,"GDPR_Art5_1b, DPDPA_S8"
tenant-a_log_00.json,116.110.88.186,IP_ADDRESS,17422,17436,"GDPR_Art5_1b, DPDPA_S8"
tenant-a_log_00.json,111.4.239.68,IP_ADDRESS,18711,18723,"GDPR_Art5_1b, DPDPA_S8"
tenant-a_log_00.json,30.255.20.177,IP_ADDRESS,19996,20009,"GDPR_Art5_1b, DPDPA_S8"
tenant-a_log_00.json,113.10.168.78,IP_ADDRESS,21286,21299,"GDPR_Art5_1b, DPDPA_S8"
tenant-a_log_00.json,21.226.88.197,IP_ADDRESS,22576,22589,"GDPR_Art5_1b, DPDPA_S8"
tenant-a_log_00.json,113.135.13.200,IP_ADDRESS,23859,23873,"GDPR_Art5_1b, DPDPA_S8"
tenant-a_log_00.json,167.41.102.211,IP_ADDRESS,25144,25158,"GDPR_Art5_1b, DPDPA_S8"
tenant-a_log_00.json,112.78.233.117,IP_ADDRESS,26429,26443,"GDPR_Art5_1b, DPDPA_S8"
tenant-a_log_00.json,118.192.232.81,IP_ADDRESS,27716,27730,"GDPR_Art5_1b, DPDPA_S8"
tenant-a_log_00.json,44.123.238.233,IP_ADDRESS,29001,29015,"GDPR_Art5_1b, DPDPA_S8"
tenant-a_log_00.json,108.137.157.77,IP_ADDRESS,30284,30298,"GDPR_Art5_1b, DPDPA_S8"
tenant-a_log_00.json,188.240.216.105,IP_ADDRESS,31571,31586,"GDPR_Art5_1b, DPDPA_S8"
tenant-a_log_00.json,62.223.90.159,IP_ADDRESS,32867,32880,"GDPR_Art5_1b, DPDPA_S8"
tenant-a_log_00.json,203.222.89.95,IP_ADDRESS,34151,34164,"GDPR_Art5_1b, DPDPA_S8"
tenant-a_log_00.json,16.188.10.86,IP_ADDRESS,35438,35450,"GDPR_Art5_1b, DPDPA_S8"
tenant-a_log_00.json,34.126.202.117,IP_ADDRESS,36728,36742,"GDPR_Art5_1b, DPDPA_S8"
tenant-a_log_00.json,150.99.253.236,IP_ADDRESS,38015,38029,"GDPR_Art5_1b, DPDPA_S8"
tenant-a_log_00.json,24.74.227.109,IP_ADDRESS,39306,39319,"GDPR_Art5_1b, DPDPA_S8"
tenant-a_log_00.json,80.29.89.10,IP_ADDRESS,40590,40601,"GDPR_Art5_1b, DPDPA_S8"
tenant-a_log_00.json,191.210.15.250,IP_ADDRESS,41878,41892,"GDPR_Art5_1b, DPDPA_S8"
tenant-a_log_00.json,138.79.10.46,IP_ADDRESS,43164,43176,"GDPR_Art5_1b, DPDPA_S8"
tenant-a_log_00.json,98.10.41.17,IP_ADDRESS,44448,44459,"GDPR_Art5_1b, DPDPA_S8"
tenant-a_log_00.json,38.220.76.152,IP_ADDRESS,45734,45747,"GDPR_Art5_1b, DPDPA_S8"
tenant-a_log_00.json,199.106.131.150,IP_ADDRESS,47019,47034,"GDPR_Art5_1b, DPDPA_S8"
tenant-a_log_00.json,194.169.212.201,IP_ADDRESS,48304,48319,"GDPR_Art5_1b, DPDPA_S8"
tenant-a_log_00.json,132.152.174.180,IP_ADDRESS,49588,49603,"GDPR_Art5_1b, DPDPA_S8"
tenant-a_log_00.json,98.116.101.32,IP_ADDRESS,50869,50882,"GDPR_Art5_1b, DPDPA_S8"
tenant-a_log_00.json,arn:aws:iam::123456789012:user/alice.chen,AWS_ARN,183,224,"GDPR_Art5_1b, DPDPA_S8"
tenant-a_log_00.json,arn:aws:s3:::tenant-a-backup,AWS_ARN,1066,1094,"GDPR_Art5_1b, DPDPA_S8"
tenant-a_log_00.json,arn:aws:iam::123456789012:user/alice.chen,AWS_ARN,1472,1513,"GDPR_Art5_1b, DPDPA_S8"
tenant-a_log_00.json,arn:aws:s3:::tenant-a-backup,AWS_ARN,2354,2382,"GDPR_Art5_1b, DPDPA_S8"
tenant-a_log_00.json,arn:aws:iam::123456789012:user/bob.kumar,AWS_ARN,2760,2800,"GDPR_Art5_1b, DPDPA_S8"
tenant-a_log_00.json,arn:aws:s3:::tenant-a-data,AWS_ARN,3640,3666,"GDPR_Art5_1b, DPDPA_S8"
tenant-a_log_00.json,arn:aws:iam::123456789012:user/alice.chen,AWS_ARN,4044,4085,"GDPR_Art5_1b, DPDPA_S8"
tenant-a_log_00.json,arn:aws:s3:::tenant-a-backup,AWS_ARN,4926,4954,"GDPR_Art5_1b, DPDPA_S8"
tenant-a_log_00.json,arn:aws:iam::123456789012:user/carol.smith,AWS_ARN,5332,5374,"GDPR_Art5_1b, DPDPA_S8"
tenant-a_log_00.json,arn:aws:s3:::tenant-a-backup,AWS_ARN,6220,6248,"GDPR_Art5_1b, DPDPA_S8"
tenant-a_log_00.json,arn:aws:iam::123456789012:user/bob.kumar,AWS_ARN,6626,6666,"GDPR_Art5_1b, DPDPA_S8"
tenant-a_log_00.json,arn:aws:s3:::tenant-a-data,AWS_ARN,7509,7535,"GDPR_Art5_1b, DPDPA_S8"
tenant-a_log_00.json,arn:aws:iam::123456789012:user/alice.chen,AWS_ARN,7913,7954,"GDPR_Art5_1b, DPDPA_S8"
tenant-a_log_00.json,arn:aws:s3:::tenant-a-data,AWS_ARN,8798,8824,"GDPR_Art5_1b, DPDPA_S8"
tenant-a_log_00.json,arn:aws:iam::123456789012:user/bob.kumar,AWS_ARN,9202,9242,"GDPR_Art5_1b, DPDPA_S8"
tenant-a_log_00.json,arn:aws:s3:::tenant-a-backup,AWS_ARN,10083,10111,"GDPR_Art5_1b, DPDPA_S8"
tenant-a_log_00.json,arn:aws:iam::123456789012:user/bob.kumar,AWS_ARN,10489,10529,"GDPR_Art5_1b, DPDPA_S8"
tenant-a_log_00.json,arn:aws:s3:::tenant-a-data,AWS_ARN,11367,11393,"GDPR_Art5_1b, DPDPA_S8"
tenant-a_log_00.json,arn:aws:iam::123456789012:user/alice.chen,AWS_ARN,11771,11812,"GDPR_Art5_1b, DPDPA_S8"
tenant-a_log_00.json,arn:aws:s3:::tenant-a-data,AWS_ARN,12653,12679,"GDPR_Art5_1b, DPDPA_S8"
tenant-a_log_00.json,arn:aws:iam::123456789012:user/alice.chen,AWS_ARN,13057,13098,"GDPR_Art5_1b, DPDPA_S8"
tenant-a_log_00.json,arn:aws:s3:::tenant-a-backup,AWS_ARN,13940,13968,"GDPR_Art5_1b, DPDPA_S8"
tenant-a_log_00.json,arn:aws:iam::123456789012:user/alice.chen,AWS_ARN,14346,14387,"GDPR_Art5_1b, DPDPA_S8"
tenant-a_log_00.json,arn:aws:s3:::tenant-a-data,AWS_ARN,15226,15252,"GDPR_Art5_1b, DPDPA_S8"
tenant-a_log_00.json,arn:aws:iam::123456789012:user/alice.chen,AWS_ARN,15630,15671,"GDPR_Art5_1b, DPDPA_S8"
tenant-a_log_00.json,arn:aws:s3:::tenant-a-backup,AWS_ARN,16518,16546,"GDPR_Art5_1b, DPDPA_S8"
tenant-a_log_00.json,arn:aws:iam::123456789012:user/bob.kumar,AWS_ARN,16924,16964,"GDPR_Art5_1b, DPDPA_S8"
tenant-a_log_00.json,arn:aws:s3:::tenant-a-data,AWS_ARN,17807,17833,"GDPR_Art5_1b, DPDPA_S8"
tenant-a_log_00.json,arn:aws:iam::123456789012:user/alice.chen,AWS_ARN,18211,18252,"GDPR_Art5_1b, DPDPA_S8"
tenant-a_log_00.json,arn:aws:s3:::tenant-a-data,AWS_ARN,19090,19116,"GDPR_Art5_1b, DPDPA_S8"
tenant-a_log_00.json,arn:aws:iam::123456789012:user/carol.smith,AWS_ARN,19494,19536,"GDPR_Art5_1b, DPDPA_S8"
tenant-a_log_00.json,arn:aws:s3:::tenant-a-data,AWS_ARN,20380,20406,"GDPR_Art5_1b, DPDPA_S8"
tenant-a_log_00.json,arn:aws:iam::123456789012:user/carol.smith,AWS_ARN,20784,20826,"GDPR_Art5_1b, DPDPA_S8"
tenant-a_log_00.json,arn:aws:s3:::tenant-a-backup,AWS_ARN,21672,21700,"GDPR_Art5_1b, DPDPA_S8"
tenant-a_log_00.json,arn:aws:iam::123456789012:user/bob.kumar,AWS_ARN,22078,22118,"GDPR_Art5_1b, DPDPA_S8"
tenant-a_log_00.json,arn:aws:s3:::tenant-a-data,AWS_ARN,22955,22981,"GDPR_Art5_1b, DPDPA_S8"
tenant-a_log_00.json,arn:aws:iam::123456789012:user/alice.chen,AWS_ARN,23359,23400,"GDPR_Art5_1b, DPDPA_S8"
tenant-a_log_00.json,arn:aws:s3:::tenant-a-data,AWS_ARN,24238,24264,"GDPR_Art5_1b, DPDPA_S8"
tenant-a_log_00.json,arn:aws:iam::123456789012:user/carol.smith,AWS_ARN,24642,24684,"GDPR_Art5_1b, DPDPA_S8"
tenant-a_log_00.json,arn:aws:s3:::tenant-a-data,AWS_ARN,25525,25551,"GDPR_Art5_1b, DPDPA_S8"
tenant-a_log_00.json,arn:aws:iam::123456789012:user/alice.chen,AWS_ARN,25929,25970,"GDPR_Art5_1b, DPDPA_S8"
tenant-a_log_00.json,arn:aws:s3:::tenant-a-data,AWS_ARN,26814,26840,"GDPR_Art5_1b, DPDPA_S8"
tenant-a_log_00.json,arn:aws:iam::123456789012:user/bob.kumar,AWS_ARN,27218,27258,"GDPR_Art5_1b, DPDPA_S8"
tenant-a_log_00.json,arn:aws:s3:::tenant-a-data,AWS_ARN,28099,28125,"GDPR_Art5_1b, DPDPA_S8"
tenant-a_log_00.json,arn:aws:iam::123456789012:user/bob.kumar,AWS_ARN,28503,28543,"GDPR_Art5_1b, DPDPA_S8"
tenant-a_log_00.json,arn:aws:s3:::tenant-a-data,AWS_ARN,29382,29408,"GDPR_Art5_1b, DPDPA_S8"
tenant-a_log_00.json,arn:aws:iam::123456789012:user/bob.kumar,AWS_ARN,29786,29826,"GDPR_Art5_1b, DPDPA_S8"
tenant-a_log_00.json,arn:aws:s3:::tenant-a-data,AWS_ARN,30665,30691,"GDPR_Art5_1b, DPDPA_S8"
tenant-a_log_00.json,arn:aws:iam::123456789012:user/carol.smith,AWS_ARN,31069,31111,"GDPR_Art5_1b, DPDPA_S8"
tenant-a_log_00.json,arn:aws:s3:::tenant-a-backup,AWS_ARN,31961,31989,"GDPR_Art5_1b, DPDPA_S8"
tenant-a_log_00.json,arn:aws:iam::123456789012:user/alice.chen,AWS_ARN,32367,32408,"GDPR_Art5_1b, DPDPA_S8"
tenant-a_log_00.json,arn:aws:s3:::tenant-a-data,AWS_ARN,33247,33273,"GDPR_Art5_1b, DPDPA_S8"
tenant-a_log_00.json,arn:aws:iam::123456789012:user/alice.chen,AWS_ARN,33651,33692,"GDPR_Art5_1b, DPDPA_S8"
tenant-a_log_00.json,arn:aws:s3:::tenant-a-data,AWS_ARN,34536,34562,"GDPR_Art5_1b, DPDPA_S8"
tenant-a_log_00.json,arn:aws:iam::123456789012:user/bob.kumar,AWS_ARN,34940,34980,"GDPR_Art5_1b, DPDPA_S8"
tenant-a_log_00.json,arn:aws:s3:::tenant-a-backup,AWS_ARN,35822,35850,"GDPR_Art5_1b, DPDPA_S8"
tenant-a_log_00.json,arn:aws:iam::123456789012:user/alice.chen,AWS_ARN,36228,36269,"GDPR_Art5_1b, DPDPA_S8"
tenant-a_log_00.json,arn:aws:s3:::tenant-a-data,AWS_ARN,37113,37139,"GDPR_Art5_1b, DPDPA_S8"
tenant-a_log_00.json,arn:aws:iam::123456789012:user/bob.kumar,AWS_ARN,37517,37557,"GDPR_Art5_1b, DPDPA_S8"
tenant-a_log_00.json,arn:aws:s3:::tenant-a-backup,AWS_ARN,38401,38429,"GDPR_Art5_1b, DPDPA_S8"
tenant-a_log_00.json,arn:aws:iam::123456789012:user/carol.smith,AWS_ARN,38807,38849,"GDPR_Art5_1b, DPDPA_S8"
tenant-a_log_00.json,arn:aws:s3:::tenant-a-backup,AWS_ARN,39687,39715,"GDPR_Art5_1b, DPDPA_S8"
tenant-a_log_00.json,arn:aws:iam::123456789012:user/alice.chen,AWS_ARN,40093,40134,"GDPR_Art5_1b, DPDPA_S8"
tenant-a_log_00.json,arn:aws:s3:::tenant-a-backup,AWS_ARN,40973,41001,"GDPR_Art5_1b, DPDPA_S8"
tenant-a_log_00.json,arn:aws:iam::123456789012:user/carol.smith,AWS_ARN,41379,41421,"GDPR_Art5_1b, DPDPA_S8"
tenant-a_log_00.json,arn:aws:s3:::tenant-a-backup,AWS_ARN,42263,42291,"GDPR_Art5_1b, DPDPA_S8"
tenant-a_log_00.json,arn:aws:iam::123456789012:user/bob.kumar,AWS_ARN,42669,42709,"GDPR_Art5_1b, DPDPA_S8"
tenant-a_log_00.json,arn:aws:s3:::tenant-a-backup,AWS_ARN,43547,43575,"GDPR_Art5_1b, DPDPA_S8"
tenant-a_log_00.json,arn:aws:iam::123456789012:user/bob.kumar,AWS_ARN,43953,43993,"GDPR_Art5_1b, DPDPA_S8"
tenant-a_log_00.json,arn:aws:s3:::tenant-a-backup,AWS_ARN,44829,44857,"GDPR_Art5_1b, DPDPA_S8"
tenant-a_log_00.json,arn:aws:iam::123456789012:user/carol.smith,AWS_ARN,45235,45277,"GDPR_Art5_1b, DPDPA_S8"
tenant-a_log_00.json,arn:aws:s3:::tenant-a-backup,AWS_ARN,46116,46144,"GDPR_Art5_1b, DPDPA_S8"
tenant-a_log_00.json,arn:aws:iam::123456789012:user/alice.chen,AWS_ARN,46522,46563,"GDPR_Art5_1b, DPDPA_S8"
tenant-a_log_00.json,arn:aws:s3:::tenant-a-data,AWS_ARN,47403,47429,"GDPR_Art5_1b, DPDPA_S8"
tenant-a_log_00.json,arn:aws:iam::123456789012:user/alice.chen,AWS_ARN,47807,47848,"GDPR_Art5_1b, DPDPA_S8"
tenant-a_log_00.json,arn:aws:s3:::tenant-a-data,AWS_ARN,48685,48711,"GDPR_Art5_1b, DPDPA_S8"
tenant-a_log_00.json,arn:aws:iam::123456789012:user/carol.smith,AWS_ARN,49089,49131,"GDPR_Art5_1b, DPDPA_S8"
tenant-a_log_00.json,arn:aws:s3:::tenant-a-data,AWS_ARN,49970,49996,"GDPR_Art5_1b, DPDPA_S8"
tenant-a_log_00.json,arn:aws:iam::123456789012:user/bob.kumar,AWS_ARN,50374,50414,"GDPR_Art5_1b, DPDPA_S8"
tenant-a_log_00.json,arn:aws:s3:::tenant-a-data,AWS_ARN,51251,51277,"GDPR_Art5_1b, DPDPA_S8"
tenant-a_log_00.json,123456789012,AWS_ACCOUNT_ID,249,261,"GDPR_Art5_1b, DPDPA_S8"
tenant-a_log_00.json,123456789012,AWS_ACCOUNT_ID,1121,1133,"GDPR_Art5_1b, DPDPA_S8"
tenant-a_log_00.json,123456789012,AWS_ACCOUNT_ID,1285,1297,"GDPR_Art5_1b, DPDPA_S8"
tenant-a_log_00.json,123456789012,AWS_ACCOUNT_ID,1538,1550,"GDPR_Art5_1b, DPDPA_S8"
tenant-a_log_00.json,123456789012,AWS_ACCOUNT_ID,2409,2421,"GDPR_Art5_1b, DPDPA_S8"
tenant-a_log_00.json,123456789012,AWS_ACCOUNT_ID,2573,2585,"GDPR_Art5_1b, DPDPA_S8"
tenant-a_log_00.json,123456789012,AWS_ACCOUNT_ID,2825,2837,"GDPR_Art5_1b, DPDPA_S8"
tenant-a_log_00.json,123456789012,AWS_ACCOUNT_ID,3693,3705,"GDPR_Art5_1b, DPDPA_S8"
tenant-a_log_00.json,123456789012,AWS_ACCOUNT_ID,3857,3869,"GDPR_Art5_1b, DPDPA_S8"
tenant-a_log_00.json,123456789012,AWS_ACCOUNT_ID,4110,4122,"GDPR_Art5_1b, DPDPA_S8"
tenant-a_log_00.json,123456789012,AWS_ACCOUNT_ID,4981,4993,"GDPR_Art5_1b, DPDPA_S8"
tenant-a_log_00.json,123456789012,AWS_ACCOUNT_ID,5145,5157,"GDPR_Art5_1b, DPDPA_S8"
tenant-a_log_00.json,123456789012,AWS_ACCOUNT_ID,5399,5411,"GDPR_Art5_1b, DPDPA_S8"
tenant-a_log_00.json,123456789012,AWS_ACCOUNT_ID,6275,6287,"GDPR_Art5_1b, DPDPA_S8"
tenant-a_log_00.json,123456789012,AWS_ACCOUNT_ID,6439,6451,"GDPR_Art5_1b, DPDPA_S8"
tenant-a_log_00.json,123456789012,AWS_ACCOUNT_ID,6691,6703,"GDPR_Art5_1b, DPDPA_S8"
tenant-a_log_00.json,123456789012,AWS_ACCOUNT_ID,7562,7574,"GDPR_Art5_1b, DPDPA_S8"
tenant-a_log_00.json,123456789012,AWS_ACCOUNT_ID,7726,7738,"GDPR_Art5_1b, DPDPA_S8"
tenant-a_log_00.json,123456789012,AWS_ACCOUNT_ID,7979,7991,"GDPR_Art5_1b, DPDPA_S8"
tenant-a_log_00.json,123456789012,AWS_ACCOUNT_ID,8851,8863,"GDPR_Art5_1b, DPDPA_S8"
tenant-a_log_00.json,123456789012,AWS_ACCOUNT_ID,9015,9027,"GDPR_Art5_1b, DPDPA_S8"
tenant-a_log_00.json,123456789012,AWS_ACCOUNT_ID,9267,9279,"GDPR_Art5_1b, DPDPA_S8"
tenant-a_log_00.json,123456789012,AWS_ACCOUNT_ID,10138,10150,"GDPR_Art5_1b, DPDPA_S8"
tenant-a_log_00.json,123456789012,AWS_ACCOUNT_ID,10302,10314,"GDPR_Art5_1b, DPDPA_S8"
tenant-a_log_00.json,123456789012,AWS_ACCOUNT_ID,10554,10566,"GDPR_Art5_1b, DPDPA_S8"
tenant-a_log_00.json,123456789012,AWS_ACCOUNT_ID,11420,11432,"GDPR_Art5_1b, DPDPA_S8"
tenant-a_log_00.json,123456789012,AWS_ACCOUNT_ID,11584,11596,"GDPR_Art5_1b, DPDPA_S8"
tenant-a_log_00.json,123456789012,AWS_ACCOUNT_ID,11837,11849,"GDPR_Art5_1b, DPDPA_S8"
tenant-a_log_00.json,123456789012,AWS_ACCOUNT_ID,12706,12718,"GDPR_Art5_1b, DPDPA_S8"
tenant-a_log_00.json,123456789012,AWS_ACCOUNT_ID,12870,12882,"GDPR_Art5_1b, DPDPA_S8"
tenant-a_log_00.json,123456789012,AWS_ACCOUNT_ID,13123,13135,"GDPR_Art5_1b, DPDPA_S8"
tenant-a_log_00.json,123456789012,AWS_ACCOUNT_ID,13995,14007,"GDPR_Art5_1b, DPDPA_S8"
tenant-a_log_00.json,123456789012,AWS_ACCOUNT_ID,14159,14171,"GDPR_Art5_1b, DPDPA_S8"
tenant-a_log_00.json,123456789012,AWS_ACCOUNT_ID,14412,14424,"GDPR_Art5_1b, DPDPA_S8"
tenant-a_log_00.json,123456789012,AWS_ACCOUNT_ID,15279,15291,"GDPR_Art5_1b, DPDPA_S8"
tenant-a_log_00.json,123456789012,AWS_ACCOUNT_ID,15443,15455,"GDPR_Art5_1b, DPDPA_S8"
tenant-a_log_00.json,123456789012,AWS_ACCOUNT_ID,15696,15708,"GDPR_Art5_1b, DPDPA_S8"
tenant-a_log_00.json,123456789012,AWS_ACCOUNT_ID,16573,16585,"GDPR_Art5_1b, DPDPA_S8"
tenant-a_log_00.json,123456789012,AWS_ACCOUNT_ID,16737,16749,"GDPR_Art5_1b, DPDPA_S8"
tenant-a_log_00.json,123456789012,AWS_ACCOUNT_ID,16989,17001,"GDPR_Art5_1b, DPDPA_S8"
tenant-a_log_00.json,123456789012,AWS_ACCOUNT_ID,17860,17872,"GDPR_Art5_1b, DPDPA_S8"
tenant-a_log_00.json,123456789012,AWS_ACCOUNT_ID,18024,18036,"GDPR_Art5_1b, DPDPA_S8"
tenant-a_log_00.json,123456789012,AWS_ACCOUNT_ID,18277,18289,"GDPR_Art5_1b, DPDPA_S8"
tenant-a_log_00.json,123456789012,AWS_ACCOUNT_ID,19143,19155,"GDPR_Art5_1b, DPDPA_S8"
tenant-a_log_00.json,123456789012,AWS_ACCOUNT_ID,19307,19319,"GDPR_Art5_1b, DPDPA_S8"
tenant-a_log_00.json,123456789012,AWS_ACCOUNT_ID,19561,19573,"GDPR_Art5_1b, DPDPA_S8"
tenant-a_log_00.json,123456789012,AWS_ACCOUNT_ID,20433,20445,"GDPR_Art5_1b, DPDPA_S8"
tenant-a_log_00.json,123456789012,AWS_ACCOUNT_ID,20597,20609,"GDPR_Art5_1b, DPDPA_S8"
tenant-a_log_00.json,123456789012,AWS_ACCOUNT_ID,20851,20863,"GDPR_Art5_1b, DPDPA_S8"
tenant-a_log_00.json,123456789012,AWS_ACCOUNT_ID,21727,21739,"GDPR_Art5_1b, DPDPA_S8"
tenant-a_log_00.json,123456789012,AWS_ACCOUNT_ID,21891,21903,"GDPR_Art5_1b, DPDPA_S8"
tenant-a_log_00.json,123456789012,AWS_ACCOUNT_ID,22143,22155,"GDPR_Art5_1b, DPDPA_S8"
tenant-a_log_00.json,123456789012,AWS_ACCOUNT_ID,23008,23020,"GDPR_Art5_1b, DPDPA_S8"
tenant-a_log_00.json,123456789012,AWS_ACCOUNT_ID,23172,23184,"GDPR_Art5_1b, DPDPA_S8"
tenant-a_log_00.json,123456789012,AWS_ACCOUNT_ID,23425,23437,"GDPR_Art5_1b, DPDPA_S8"
tenant-a_log_00.json,123456789012,AWS_ACCOUNT_ID,24291,24303,"GDPR_Art5_1b, DPDPA_S8"
tenant-a_log_00.json,123456789012,AWS_ACCOUNT_ID,24455,24467,"GDPR_Art5_1b, DPDPA_S8"
tenant-a_log_00.json,123456789012,AWS_ACCOUNT_ID,24709,24721,"GDPR_Art5_1b, DPDPA_S8"
tenant-a_log_00.json,123456789012,AWS_ACCOUNT_ID,25578,25590,"GDPR_Art5_1b, DPDPA_S8"
tenant-a_log_00.json,123456789012,AWS_ACCOUNT_ID,25742,25754,"GDPR_Art5_1b, DPDPA_S8"
tenant-a_log_00.json,123456789012,AWS_ACCOUNT_ID,25995,26007,"GDPR_Art5_1b, DPDPA_S8"
tenant-a_log_00.json,123456789012,AWS_ACCOUNT_ID,26867,26879,"GDPR_Art5_1b, DPDPA_S8"
tenant-a_log_00.json,123456789012,AWS_ACCOUNT_ID,27031,27043,"GDPR_Art5_1b, DPDPA_S8"
tenant-a_log_00.json,123456789012,AWS_ACCOUNT_ID,27283,27295,"GDPR_Art5_1b, DPDPA_S8"
tenant-a_log_00.json,123456789012,AWS_ACCOUNT_ID,28152,28164,"GDPR_Art5_1b, DPDPA_S8"
tenant-a_log_00.json,123456789012,AWS_ACCOUNT_ID,28316,28328,"GDPR_Art5_1b, DPDPA_S8"
tenant-a_log_00.json,123456789012,AWS_ACCOUNT_ID,28568,28580,"GDPR_Art5_1b, DPDPA_S8"
tenant-a_log_00.json,123456789012,AWS_ACCOUNT_ID,29435,29447,"GDPR_Art5_1b, DPDPA_S8"
tenant-a_log_00.json,123456789012,AWS_ACCOUNT_ID,29599,29611,"GDPR_Art5_1b, DPDPA_S8"
tenant-a_log_00.json,123456789012,AWS_ACCOUNT_ID,29851,29863,"GDPR_Art5_1b, DPDPA_S8"
tenant-a_log_00.json,123456789012,AWS_ACCOUNT_ID,30718,30730,"GDPR_Art5_1b, DPDPA_S8"
tenant-a_log_00.json,123456789012,AWS_ACCOUNT_ID,30882,30894,"GDPR_Art5_1b, DPDPA_S8"
tenant-a_log_00.json,123456789012,AWS_ACCOUNT_ID,31136,31148,"GDPR_Art5_1b, DPDPA_S8"
tenant-a_log_00.json,123456789012,AWS_ACCOUNT_ID,32016,32028,"GDPR_Art5_1b, DPDPA_S8"
tenant-a_log_00.json,123456789012,AWS_ACCOUNT_ID,32180,32192,"GDPR_Art5_1b, DPDPA_S8"
tenant-a_log_00.json,123456789012,AWS_ACCOUNT_ID,32433,32445,"GDPR_Art5_1b, DPDPA_S8"
tenant-a_log_00.json,123456789012,AWS_ACCOUNT_ID,33300,33312,"GDPR_Art5_1b, DPDPA_S8"
tenant-a_log_00.json,123456789012,AWS_ACCOUNT_ID,33464,33476,"GDPR_Art5_1b, DPDPA_S8"
tenant-a_log_00.json,123456789012,AWS_ACCOUNT_ID,33717,33729,"GDPR_Art5_1b, DPDPA_S8"
tenant-a_log_00.json,123456789012,AWS_ACCOUNT_ID,34589,34601,"GDPR_Art5_1b, DPDPA_S8"
tenant-a_log_00.json,123456789012,AWS_ACCOUNT_ID,34753,34765,"GDPR_Art5_1b, DPDPA_S8"
tenant-a_log_00.json,123456789012,AWS_ACCOUNT_ID,35005,35017,"GDPR_Art5_1b, DPDPA_S8"
tenant-a_log_00.json,123456789012,AWS_ACCOUNT_ID,35877,35889,"GDPR_Art5_1b, DPDPA_S8"
tenant-a_log_00.json,123456789012,AWS_ACCOUNT_ID,36041,36053,"GDPR_Art5_1b, DPDPA_S8"
tenant-a_log_00.json,123456789012,AWS_ACCOUNT_ID,36294,36306,"GDPR_Art5_1b, DPDPA_S8"
tenant-a_log_00.json,123456789012,AWS_ACCOUNT_ID,37166,37178,"GDPR_Art5_1b, DPDPA_S8"
tenant-a_log_00.json,123456789012,AWS_ACCOUNT_ID,37330,37342,"GDPR_Art5_1b, DPDPA_S8"
tenant-a_log_00.json,123456789012,AWS_ACCOUNT_ID,37582,37594,"GDPR_Art5_1b, DPDPA_S8"
tenant-a_log_00.json,123456789012,AWS_ACCOUNT_ID,38456,38468,"GDPR_Art5_1b, DPDPA_S8"
tenant-a_log_00.json,123456789012,AWS_ACCOUNT_ID,38620,38632,"GDPR_Art5_1b, DPDPA_S8"
tenant-a_log_00.json,123456789012,AWS_ACCOUNT_ID,38874,38886,"GDPR_Art5_1b, DPDPA_S8"
tenant-a_log_00.json,123456789012,AWS_ACCOUNT_ID,39742,39754,"GDPR_Art5_1b, DPDPA_S8"
tenant-a_log_00.json,123456789012,AWS_ACCOUNT_ID,39906,39918,"GDPR_Art5_1b, DPDPA_S8"
tenant-a_log_00.json,123456789012,AWS_ACCOUNT_ID,40159,40171,"GDPR_Art5_1b, DPDPA_S8"
tenant-a_log_00.json,123456789012,AWS_ACCOUNT_ID,41028,41040,"GDPR_Art5_1b, DPDPA_S8"
tenant-a_log_00.json,123456789012,AWS_ACCOUNT_ID,41192,41204,"GDPR_Art5_1b, DPDPA_S8"
tenant-a_log_00.json,123456789012,AWS_ACCOUNT_ID,41446,41458,"GDPR_Art5_1b, DPDPA_S8"
tenant-a_log_00.json,123456789012,AWS_ACCOUNT_ID,42318,42330,"GDPR_Art5_1b, DPDPA_S8"
tenant-a_log_00.json,123456789012,AWS_ACCOUNT_ID,42482,42494,"GDPR_Art5_1b, DPDPA_S8"
tenant-a_log_00.json,123456789012,AWS_ACCOUNT_ID,42734,42746,"GDPR_Art5_1b, DPDPA_S8"
tenant-a_log_00.json,123456789012,AWS_ACCOUNT_ID,43602,43614,"GDPR_Art5_1b, DPDPA_S8"
tenant-a_log_00.json,123456789012,AWS_ACCOUNT_ID,43766,43778,"GDPR_Art5_1b, DPDPA_S8"
tenant-a_log_00.json,123456789012,AWS_ACCOUNT_ID,44018,44030,"GDPR_Art5_1b, DPDPA_S8"
tenant-a_log_00.json,123456789012,AWS_ACCOUNT_ID,44884,44896,"GDPR_Art5_1b, DPDPA_S8"
tenant-a_log_00.json,123456789012,AWS_ACCOUNT_ID,45048,45060,"GDPR_Art5_1b, DPDPA_S8"
tenant-a_log_00.json,123456789012,AWS_ACCOUNT_ID,45302,45314,"GDPR_Art5_1b, DPDPA_S8"
tenant-a_log_00.json,123456789012,AWS_ACCOUNT_ID,46171,46183,"GDPR_Art5_1b, DPDPA_S8"
tenant-a_log_00.json,123456789012,AWS_ACCOUNT_ID,46335,46347,"GDPR_Art5_1b, DPDPA_S8"
tenant-a_log_00.json,123456789012,AWS_ACCOUNT_ID,46588,46600,"GDPR_Art5_1b, DPDPA_S8"
tenant-a_log_00.json,123456789012,AWS_ACCOUNT_ID,47456,47468,"GDPR_Art5_1b, DPDPA_S8"
tenant-a_log_00.json,123456789012,AWS_ACCOUNT_ID,47620,47632,"GDPR_Art5_1b, DPDPA_S8"
tenant-a_log_00.json,123456789012,AWS_ACCOUNT_ID,47873,47885,"GDPR_Art5_1b, DPDPA_S8"
tenant-a_log_00.json,123456789012,AWS_ACCOUNT_ID,48738,48750,"GDPR_Art5_1b, DPDPA_S8"
tenant-a_log_00.json,123456789012,AWS_ACCOUNT_ID,48902,48914,"GDPR_Art5_1b, DPDPA_S8"
tenant-a_log_00.json,123456789012,AWS_ACCOUNT_ID,49156,49168,"GDPR_Art5_1b, DPDPA_S8"
tenant-a_log_00.json,123456789012,AWS_ACCOUNT_ID,50023,50035,"GDPR_Art5_1b, DPDPA_S8"
tenant-a_log_00.json,123456789012,AWS_ACCOUNT_ID,50187,50199,"GDPR_Art5_1b, DPDPA_S8"
tenant-a_log_00.json,123456789012,AWS_ACCOUNT_ID,50439,50451,"GDPR_Art5_1b, DPDPA_S8"
tenant-a_log_00.json,123456789012,AWS_ACCOUNT_ID,51304,51316,"GDPR_Art5_1b, DPDPA_S8"
tenant-a_log_00.json,123456789012,AWS_ACCOUNT_ID,51468,51480,"GDPR_Art5_1b, DPDPA_S8"
tenant-a_log_01.json,carol.smith,PERSON,286,297,"GDPR_Art5_1a, DPDPA_S8"
tenant-a_log_01.json,bob.kumar,PERSON,1570,1579,"GDPR_Art5_1a, DPDPA_S8"
tenant-a_log_01.json,bob.kumar,PERSON,2854,2863,"GDPR_Art5_1a, DPDPA_S8"
tenant-a_log_01.json,carol.smith,PERSON,4145,4156,"GDPR_Art5_1a, DPDPA_S8"
tenant-a_log_01.json,bob.kumar,PERSON,5430,5439,"GDPR_Art5_1a, DPDPA_S8"
tenant-a_log_01.json,carol.smith,PERSON,6718,6729,"GDPR_Art5_1a, DPDPA_S8"
tenant-a_log_01.json,bob.kumar,PERSON,8005,8014,"GDPR_Art5_1a, DPDPA_S8"
tenant-a_log_01.json,bob.kumar,PERSON,9293,9302,"GDPR_Art5_1a, DPDPA_S8"
tenant-a_log_01.json,alice.chen,PERSON,10575,10585,"GDPR_Art5_1a, DPDPA_S8"
tenant-a_log_01.json,carol.smith,PERSON,11866,11877,"GDPR_Art5_1a, DPDPA_S8"
tenant-a_log_01.json,alice.chen,PERSON,13156,13166,"GDPR_Art5_1a, DPDPA_S8"
tenant-a_log_01.json,bob.kumar,PERSON,14438,14447,"GDPR_Art5_1a, DPDPA_S8"
tenant-a_log_01.json,carol.smith,PERSON,15729,15740,"GDPR_Art5_1a, DPDPA_S8"
tenant-a_log_01.json,bob.kumar,PERSON,17015,17024,"GDPR_Art5_1a, DPDPA_S8"
tenant-a_log_01.json,alice.chen,PERSON,18298,18308,"GDPR_Art5_1a, DPDPA_S8"
tenant-a_log_01.json,carol.smith,PERSON,19590,19601,"GDPR_Art5_1a, DPDPA_S8"
tenant-a_log_01.json,carol.smith,PERSON,20887,20898,"GDPR_Art5_1a, DPDPA_S8"
tenant-a_log_01.json,alice.chen,PERSON,22172,22182,"GDPR_Art5_1a, DPDPA_S8"
tenant-a_log_01.json,bob.kumar,PERSON,23458,23467,"GDPR_Art5_1a, DPDPA_S8"
tenant-a_log_01.json,carol.smith,PERSON,24747,24758,"GDPR_Art5_1a, DPDPA_S8"
tenant-a_log_01.json,carol.smith,PERSON,26033,26044,"GDPR_Art5_1a, DPDPA_S8"
tenant-a_log_01.json,alice.chen,PERSON,27327,27337,"GDPR_Art5_1a, DPDPA_S8"
tenant-a_log_01.json,alice.chen,PERSON,28614,28624,"GDPR_Art5_1a, DPDPA_S8"
tenant-a_log_01.json,carol.smith,PERSON,29901,29912,"GDPR_Art5_1a, DPDPA_S8"
tenant-a_log_01.json,bob.kumar,PERSON,31190,31199,"GDPR_Art5_1a, DPDPA_S8"
tenant-a_log_01.json,alice.chen,PERSON,32475,32485,"GDPR_Art5_1a, DPDPA_S8"
tenant-a_log_01.json,carol.smith,PERSON,33766,33777,"GDPR_Art5_1a, DPDPA_S8"
tenant-a_log_01.json,carol.smith,PERSON,35057,35068,"GDPR_Art5_1a, DPDPA_S8"
tenant-a_log_01.json,alice.chen,PERSON,36342,36352,"GDPR_Art5_1a, DPDPA_S8"
tenant-a_log_01.json,carol.smith,PERSON,37629,37640,"GDPR_Art5_1a, DPDPA_S8"
tenant-a_log_01.json,carol.smith,PERSON,38915,38926,"GDPR_Art5_1a, DPDPA_S8"
tenant-a_log_01.json,alice.chen,PERSON,40200,40210,"GDPR_Art5_1a, DPDPA_S8"
tenant-a_log_01.json,bob.kumar,PERSON,41480,41489,"GDPR_Art5_1a, DPDPA_S8"
tenant-a_log_01.json,bob.kumar,PERSON,42764,42773,"GDPR_Art5_1a, DPDPA_S8"
tenant-a_log_01.json,bob.kumar,PERSON,44045,44054,"GDPR_Art5_1a, DPDPA_S8"
tenant-a_log_01.json,carol.smith,PERSON,45330,45341,"GDPR_Art5_1a, DPDPA_S8"
tenant-a_log_01.json,alice.chen,PERSON,46619,46629,"GDPR_Art5_1a, DPDPA_S8"
tenant-a_log_01.json,alice.chen,PERSON,47905,47915,"GDPR_Art5_1a, DPDPA_S8"
tenant-a_log_01.json,carol.smith,PERSON,49196,49207,"GDPR_Art5_1a, DPDPA_S8"
tenant-a_log_01.json,alice.chen,PERSON,50479,50489,"GDPR_Art5_1a, DPDPA_S8"
tenant-a_log_01.json,146.219.184.46,IP_ADDRESS,685,699,"GDPR_Art5_1b, DPDPA_S8"
tenant-a_log_01.json,71.61.166.20,IP_ADDRESS,1967,1979,"GDPR_Art5_1b, DPDPA_S8"
tenant-a_log_01.json,5.33.103.134,IP_ADDRESS,3251,3263,"GDPR_Art5_1b, DPDPA_S8"
tenant-a_log_01.json,151.236.226.178,IP_ADDRESS,4544,4559,"GDPR_Art5_1b, DPDPA_S8"
tenant-a_log_01.json,40.147.92.110,IP_ADDRESS,5827,5840,"GDPR_Art5_1b, DPDPA_S8"
tenant-a_log_01.json,46.246.23.93,IP_ADDRESS,7117,7129,"GDPR_Art5_1b, DPDPA_S8"
tenant-a_log_01.json,4.182.125.206,IP_ADDRESS,8402,8415,"GDPR_Art5_1b, DPDPA_S8"
tenant-a_log_01.json,7.4.138.182,IP_ADDRESS,9690,9701,"GDPR_Art5_1b, DPDPA_S8"
tenant-a_log_01.json,167.51.133.158,IP_ADDRESS,10973,10987,"GDPR_Art5_1b, DPDPA_S8"
tenant-a_log_01.json,169.162.153.194,IP_ADDRESS,12265,12280,"GDPR_Art5_1b, DPDPA_S8"
tenant-a_log_01.json,4.27.157.251,IP_ADDRESS,13554,13566,"GDPR_Art5_1b, DPDPA_S8"
tenant-a_log_01.json,200.84.235.11,IP_ADDRESS,14835,14848,"GDPR_Art5_1b, DPDPA_S8"
tenant-a_log_01.json,102.212.84.7,IP_ADDRESS,16128,16140,"GDPR_Art5_1b, DPDPA_S8"
tenant-a_log_01.json,89.193.251.170,IP_ADDRESS,17412,17426,"GDPR_Art5_1b, DPDPA_S8"
tenant-a_log_01.json,170.173.86.136,IP_ADDRESS,18696,18710,"GDPR_Art5_1b, DPDPA_S8"
tenant-a_log_01.json,173.107.38.68,IP_ADDRESS,19989,20002,"GDPR_Art5_1b, DPDPA_S8"
tenant-a_log_01.json,4.132.21.139,IP_ADDRESS,21286,21298,"GDPR_Art5_1b, DPDPA_S8"
tenant-a_log_01.json,192.45.56.5,IP_ADDRESS,22570,22581,"GDPR_Art5_1b, DPDPA_S8"
tenant-a_log_01.json,200.39.26.139,IP_ADDRESS,23855,23868,"GDPR_Art5_1b, DPDPA_S8"
tenant-a_log_01.json,50.1.236.249,IP_ADDRESS,25146,25158,"GDPR_Art5_1b, DPDPA_S8"
tenant-a_log_01.json,209.221.249.146,IP_ADDRESS,26432,26447,"GDPR_Art5_1b, DPDPA_S8"
tenant-a_log_01.json,41.116.251.67,IP_ADDRESS,27725,27738,"GDPR_Art5_1b, DPDPA_S8"
tenant-a_log_01.json,97.46.93.3,IP_ADDRESS,29012,29022,"GDPR_Art5_1b, DPDPA_S8"
tenant-a_log_01.json,217.134.198.79,IP_ADDRESS,30300,30314,"GDPR_Art5_1b, DPDPA_S8"
tenant-a_log_01.json,129.200.220.93,IP_ADDRESS,31587,31601,"GDPR_Art5_1b, DPDPA_S8"
tenant-a_log_01.json,192.118.104.198,IP_ADDRESS,32873,32888,"GDPR_Art5_1b, DPDPA_S8"
tenant-a_log_01.json,52.89.165.114,IP_ADDRESS,34165,34178,"GDPR_Art5_1b, DPDPA_S8"
tenant-a_log_01.json,222.46.231.197,IP_ADDRESS,35456,35470,"GDPR_Art5_1b, DPDPA_S8"
tenant-a_log_01.json,11.92.209.147,IP_ADDRESS,36740,36753,"GDPR_Art5_1b, DPDPA_S8"
tenant-a_log_01.json,105.121.3.239,IP_ADDRESS,38028,38041,"GDPR_Art5_1b, DPDPA_S8"
tenant-a_log_01.json,211.58.151.253,IP_ADDRESS,39311,39325,"GDPR_Art5_1b, DPDPA_S8"
tenant-a_log_01.json,74.11.76.121,IP_ADDRESS,40595,40607,"GDPR_Art5_1b, DPDPA_S8"
tenant-a_log_01.json,17.228.200.186,IP_ADDRESS,41874,41888,"GDPR_Art5_1b, DPDPA_S8"
tenant-a_log_01.json,25.168.248.210,IP_ADDRESS,43158,43172,"GDPR_Art5_1b, DPDPA_S8"
tenant-a_log_01.json,141.218.112.230,IP_ADDRESS,44439,44454,"GDPR_Art5_1b, DPDPA_S8"
tenant-a_log_01.json,153.109.105.162,IP_ADDRESS,45726,45741,"GDPR_Art5_1b, DPDPA_S8"
tenant-a_log_01.json,158.229.247.68,IP_ADDRESS,47014,47028,"GDPR_Art5_1b, DPDPA_S8"
tenant-a_log_01.json,194.167.153.44,IP_ADDRESS,48300,48314,"GDPR_Art5_1b, DPDPA_S8"
tenant-a_log_01.json,45.169.217.233,IP_ADDRESS,49592,49606,"GDPR_Art5_1b, DPDPA_S8"
tenant-a_log_01.json,182.2.194.184,IP_ADDRESS,50874,50887,"GDPR_Art5_1b, DPDPA_S8"
tenant-a_log_01.json,arn:aws:iam::123456789012:user/carol.smith,AWS_ARN,183,225,"GDPR_Art5_1b, DPDPA_S8"
tenant-a_log_01.json,arn:aws:s3:::tenant-a-data,AWS_ARN,1065,1091,"GDPR_Art5_1b, DPDPA_S8"
tenant-a_log_01.json,arn:aws:iam::123456789012:user/bob.kumar,AWS_ARN,1469,1509,"GDPR_Art5_1b, DPDPA_S8"
tenant-a_log_01.json,arn:aws:s3:::tenant-a-backup,AWS_ARN,2347,2375,"GDPR_Art5_1b, DPDPA_S8"
tenant-a_log_01.json,arn:aws:iam::123456789012:user/bob.kumar,AWS_ARN,2753,2793,"GDPR_Art5_1b, DPDPA_S8"
tenant-a_log_01.json,arn:aws:s3:::tenant-a-backup,AWS_ARN,3636,3664,"GDPR_Art5_1b, DPDPA_S8"
tenant-a_log_01.json,arn:aws:iam::123456789012:user/carol.smith,AWS_ARN,4042,4084,"GDPR_Art5_1b, DPDPA_S8"
tenant-a_log_01.json,arn:aws:s3:::tenant-a-data,AWS_ARN,4925,4951,"GDPR_Art5_1b, DPDPA_S8"
tenant-a_log_01.json,arn:aws:iam::123456789012:user/bob.kumar,AWS_ARN,5329,5369,"GDPR_Art5_1b, DPDPA_S8"
tenant-a_log_01.json,arn:aws:s3:::tenant-a-data,AWS_ARN,6211,6237,"GDPR_Art5_1b, DPDPA_S8"
tenant-a_log_01.json,arn:aws:iam::123456789012:user/carol.smith,AWS_ARN,6615,6657,"GDPR_Art5_1b, DPDPA_S8"
tenant-a_log_01.json,arn:aws:s3:::tenant-a-backup,AWS_ARN,7498,7526,"GDPR_Art5_1b, DPDPA_S8"
tenant-a_log_01.json,arn:aws:iam::123456789012:user/bob.kumar,AWS_ARN,7904,7944,"GDPR_Art5_1b, DPDPA_S8"
tenant-a_log_01.json,arn:aws:s3:::tenant-a-backup,AWS_ARN,8786,8814,"GDPR_Art5_1b, DPDPA_S8"
tenant-a_log_01.json,arn:aws:iam::123456789012:user/bob.kumar,AWS_ARN,9192,9232,"GDPR_Art5_1b, DPDPA_S8"
tenant-a_log_01.json,arn:aws:s3:::tenant-a-data,AWS_ARN,10069,10095,"GDPR_Art5_1b, DPDPA_S8"
tenant-a_log_01.json,arn:aws:iam::123456789012:user/alice.chen,AWS_ARN,10473,10514,"GDPR_Art5_1b, DPDPA_S8"
tenant-a_log_01.json,arn:aws:s3:::tenant-a-backup,AWS_ARN,11357,11385,"GDPR_Art5_1b, DPDPA_S8"
tenant-a_log_01.json,arn:aws:iam::123456789012:user/carol.smith,AWS_ARN,11763,11805,"GDPR_Art5_1b, DPDPA_S8"
tenant-a_log_01.json,arn:aws:s3:::tenant-a-backup,AWS_ARN,12648,12676,"GDPR_Art5_1b, DPDPA_S8"
tenant-a_log_01.json,arn:aws:iam::123456789012:user/alice.chen,AWS_ARN,13054,13095,"GDPR_Art5_1b, DPDPA_S8"
tenant-a_log_01.json,arn:aws:s3:::tenant-a-data,AWS_ARN,13933,13959,"GDPR_Art5_1b, DPDPA_S8"
tenant-a_log_01.json,arn:aws:iam::123456789012:user/bob.kumar,AWS_ARN,14337,14377,"GDPR_Art5_1b, DPDPA_S8"
tenant-a_log_01.json,arn:aws:s3:::tenant-a-backup,AWS_ARN,15220,15248,"GDPR_Art5_1b, DPDPA_S8"
tenant-a_log_01.json,arn:aws:iam::123456789012:user/carol.smith,AWS_ARN,15626,15668,"GDPR_Art5_1b, DPDPA_S8"
tenant-a_log_01.json,arn:aws:s3:::tenant-a-data,AWS_ARN,16510,16536,"GDPR_Art5_1b, DPDPA_S8"
tenant-a_log_01.json,arn:aws:iam::123456789012:user/bob.kumar,AWS_ARN,16914,16954,"GDPR_Art5_1b, DPDPA_S8"
tenant-a_log_01.json,arn:aws:s3:::tenant-a-data,AWS_ARN,17792,17818,"GDPR_Art5_1b, DPDPA_S8"
tenant-a_log_01.json,arn:aws:iam::123456789012:user/alice.chen,AWS_ARN,18196,18237,"GDPR_Art5_1b, DPDPA_S8"
tenant-a_log_01.json,arn:aws:s3:::tenant-a-backup,AWS_ARN,19081,19109,"GDPR_Art5_1b, DPDPA_S8"
tenant-a_log_01.json,arn:aws:iam::123456789012:user/carol.smith,AWS_ARN,19487,19529,"GDPR_Art5_1b, DPDPA_S8"
tenant-a_log_01.json,arn:aws:s3:::tenant-a-backup,AWS_ARN,20378,20406,"GDPR_Art5_1b, DPDPA_S8"
tenant-a_log_01.json,arn:aws:iam::123456789012:user/carol.smith,AWS_ARN,20784,20826,"GDPR_Art5_1b, DPDPA_S8"
tenant-a_log_01.json,arn:aws:s3:::tenant-a-data,AWS_ARN,21666,21692,"GDPR_Art5_1b, DPDPA_S8"
tenant-a_log_01.json,arn:aws:iam::123456789012:user/alice.chen,AWS_ARN,22070,22111,"GDPR_Art5_1b, DPDPA_S8"
tenant-a_log_01.json,arn:aws:s3:::tenant-a-backup,AWS_ARN,22951,22979,"GDPR_Art5_1b, DPDPA_S8"
tenant-a_log_01.json,arn:aws:iam::123456789012:user/bob.kumar,AWS_ARN,23357,23397,"GDPR_Art5_1b, DPDPA_S8"
tenant-a_log_01.json,arn:aws:s3:::tenant-a-data,AWS_ARN,24240,24266,"GDPR_Art5_1b, DPDPA_S8"
tenant-a_log_01.json,arn:aws:iam::123456789012:user/carol.smith,AWS_ARN,24644,24686,"GDPR_Art5_1b, DPDPA_S8"
tenant-a_log_01.json,arn:aws:s3:::tenant-a-data,AWS_ARN,25526,25552,"GDPR_Art5_1b, DPDPA_S8"
tenant-a_log_01.json,arn:aws:iam::123456789012:user/carol.smith,AWS_ARN,25930,25972,"GDPR_Art5_1b, DPDPA_S8"
tenant-a_log_01.json,arn:aws:s3:::tenant-a-backup,AWS_ARN,26819,26847,"GDPR_Art5_1b, DPDPA_S8"
tenant-a_log_01.json,arn:aws:iam::123456789012:user/alice.chen,AWS_ARN,27225,27266,"GDPR_Art5_1b, DPDPA_S8"
tenant-a_log_01.json,arn:aws:s3:::tenant-a-backup,AWS_ARN,28106,28134,"GDPR_Art5_1b, DPDPA_S8"
tenant-a_log_01.json,arn:aws:iam::123456789012:user/alice.chen,AWS_ARN,28512,28553,"GDPR_Art5_1b, DPDPA_S8"
tenant-a_log_01.json,arn:aws:s3:::tenant-a-backup,AWS_ARN,29392,29420,"GDPR_Art5_1b, DPDPA_S8"
tenant-a_log_01.json,arn:aws:iam::123456789012:user/carol.smith,AWS_ARN,29798,29840,"GDPR_Art5_1b, DPDPA_S8"
tenant-a_log_01.json,arn:aws:s3:::tenant-a-backup,AWS_ARN,30683,30711,"GDPR_Art5_1b, DPDPA_S8"
tenant-a_log_01.json,arn:aws:iam::123456789012:user/bob.kumar,AWS_ARN,31089,31129,"GDPR_Art5_1b, DPDPA_S8"
tenant-a_log_01.json,arn:aws:s3:::tenant-a-data,AWS_ARN,31969,31995,"GDPR_Art5_1b, DPDPA_S8"
tenant-a_log_01.json,arn:aws:iam::123456789012:user/alice.chen,AWS_ARN,32373,32414,"GDPR_Art5_1b, DPDPA_S8"
tenant-a_log_01.json,arn:aws:s3:::tenant-a-data,AWS_ARN,33259,33285,"GDPR_Art5_1b, DPDPA_S8"
tenant-a_log_01.json,arn:aws:iam::123456789012:user/carol.smith,AWS_ARN,33663,33705,"GDPR_Art5_1b, DPDPA_S8"
tenant-a_log_01.json,arn:aws:s3:::tenant-a-data,AWS_ARN,34550,34576,"GDPR_Art5_1b, DPDPA_S8"
tenant-a_log_01.json,arn:aws:iam::123456789012:user/carol.smith,AWS_ARN,34954,34996,"GDPR_Art5_1b, DPDPA_S8"
tenant-a_log_01.json,arn:aws:s3:::tenant-a-data,AWS_ARN,35836,35862,"GDPR_Art5_1b, DPDPA_S8"
tenant-a_log_01.json,arn:aws:iam::123456789012:user/alice.chen,AWS_ARN,36240,36281,"GDPR_Art5_1b, DPDPA_S8"
tenant-a_log_01.json,arn:aws:s3:::tenant-a-data,AWS_ARN,37122,37148,"GDPR_Art5_1b, DPDPA_S8"
tenant-a_log_01.json,arn:aws:iam::123456789012:user/carol.smith,AWS_ARN,37526,37568,"GDPR_Art5_1b, DPDPA_S8"
tenant-a_log_01.json,arn:aws:s3:::tenant-a-data,AWS_ARN,38408,38434,"GDPR_Art5_1b, DPDPA_S8"
tenant-a_log_01.json,arn:aws:iam::123456789012:user/carol.smith,AWS_ARN,38812,38854,"GDPR_Art5_1b, DPDPA_S8"
tenant-a_log_01.json,arn:aws:s3:::tenant-a-data,AWS_ARN,39694,39720,"GDPR_Art5_1b, DPDPA_S8"
tenant-a_log_01.json,arn:aws:iam::123456789012:user/alice.chen,AWS_ARN,40098,40139,"GDPR_Art5_1b, DPDPA_S8"
tenant-a_log_01.json,arn:aws:s3:::tenant-a-data,AWS_ARN,40975,41001,"GDPR_Art5_1b, DPDPA_S8"
tenant-a_log_01.json,arn:aws:iam::123456789012:user/bob.kumar,AWS_ARN,41379,41419,"GDPR_Art5_1b, DPDPA_S8"
tenant-a_log_01.json,arn:aws:s3:::tenant-a-backup,AWS_ARN,42257,42285,"GDPR_Art5_1b, DPDPA_S8"
tenant-a_log_01.json,arn:aws:iam::123456789012:user/bob.kumar,AWS_ARN,42663,42703,"GDPR_Art5_1b, DPDPA_S8"
tenant-a_log_01.json,arn:aws:s3:::tenant-a-data,AWS_ARN,43540,43566,"GDPR_Art5_1b, DPDPA_S8"
tenant-a_log_01.json,arn:aws:iam::123456789012:user/bob.kumar,AWS_ARN,43944,43984,"GDPR_Art5_1b, DPDPA_S8"
tenant-a_log_01.json,arn:aws:s3:::tenant-a-data,AWS_ARN,44823,44849,"GDPR_Art5_1b, DPDPA_S8"
tenant-a_log_01.json,arn:aws:iam::123456789012:user/carol.smith,AWS_ARN,45227,45269,"GDPR_Art5_1b, DPDPA_S8"
tenant-a_log_01.json,arn:aws:s3:::tenant-a-backup,AWS_ARN,46111,46139,"GDPR_Art5_1b, DPDPA_S8"
tenant-a_log_01.json,arn:aws:iam::123456789012:user/alice.chen,AWS_ARN,46517,46558,"GDPR_Art5_1b, DPDPA_S8"
tenant-a_log_01.json,arn:aws:s3:::tenant-a-data,AWS_ARN,47399,47425,"GDPR_Art5_1b, DPDPA_S8"
tenant-a_log_01.json,arn:aws:iam::123456789012:user/alice.chen,AWS_ARN,47803,47844,"GDPR_Art5_1b, DPDPA_S8"
tenant-a_log_01.json,arn:aws:s3:::tenant-a-backup,AWS_ARN,48687,48715,"GDPR_Art5_1b, DPDPA_S8"
tenant-a_log_01.json,arn:aws:iam::123456789012:user/carol.smith,AWS_ARN,49093,49135,"GDPR_Art5_1b, DPDPA_S8"
tenant-a_log_01.json,arn:aws:s3:::tenant-a-data,AWS_ARN,49973,49999,"GDPR_Art5_1b, DPDPA_S8"
tenant-a_log_01.json,arn:aws:iam::123456789012:user/alice.chen,AWS_ARN,50377,50418,"GDPR_Art5_1b, DPDPA_S8"
tenant-a_log_01.json,arn:aws:s3:::tenant-a-backup,AWS_ARN,51256,51284,"GDPR_Art5_1b, DPDPA_S8"
tenant-a_log_01.json,123456789012,AWS_ACCOUNT_ID,250,262,"GDPR_Art5_1b, DPDPA_S8"
tenant-a_log_01.json,123456789012,AWS_ACCOUNT_ID,1118,1130,"GDPR_Art5_1b, DPDPA_S8"
tenant-a_log_01.json,123456789012,AWS_ACCOUNT_ID,1282,1294,"GDPR_Art5_1b, DPDPA_S8"
tenant-a_log_01.json,123456789012,AWS_ACCOUNT_ID,1534,1546,"GDPR_Art5_1b, DPDPA_S8"
tenant-a_log_01.json,123456789012,AWS_ACCOUNT_ID,2402,2414,"GDPR_Art5_1b, DPDPA_S8"
tenant-a_log_01.json,123456789012,AWS_ACCOUNT_ID,2566,2578,"GDPR_Art5_1b, DPDPA_S8"
tenant-a_log_01.json,123456789012,AWS_ACCOUNT_ID,2818,2830,"GDPR_Art5_1b, DPDPA_S8"
tenant-a_log_01.json,123456789012,AWS_ACCOUNT_ID,3691,3703,"GDPR_Art5_1b, DPDPA_S8"
tenant-a_log_01.json,123456789012,AWS_ACCOUNT_ID,3855,3867,"GDPR_Art5_1b, DPDPA_S8"
tenant-a_log_01.json,123456789012,AWS_ACCOUNT_ID,4109,4121,"GDPR_Art5_1b, DPDPA_S8"
tenant-a_log_01.json,123456789012,AWS_ACCOUNT_ID,4978,4990,"GDPR_Art5_1b, DPDPA_S8"
tenant-a_log_01.json,123456789012,AWS_ACCOUNT_ID,5142,5154,"GDPR_Art5_1b, DPDPA_S8"
tenant-a_log_01.json,123456789012,AWS_ACCOUNT_ID,5394,5406,"GDPR_Art5_1b, DPDPA_S8"
tenant-a_log_01.json,123456789012,AWS_ACCOUNT_ID,6264,6276,"GDPR_Art5_1b, DPDPA_S8"
tenant-a_log_01.json,123456789012,AWS_ACCOUNT_ID,6428,6440,"GDPR_Art5_1b, DPDPA_S8"
tenant-a_log_01.json,123456789012,AWS_ACCOUNT_ID,6682,6694,"GDPR_Art5_1b, DPDPA_S8"
tenant-a_log_01.json,123456789012,AWS_ACCOUNT_ID,7553,7565,"GDPR_Art5_1b, DPDPA_S8"
tenant-a_log_01.json,123456789012,AWS_ACCOUNT_ID,7717,7729,"GDPR_Art5_1b, DPDPA_S8"
tenant-a_log_01.json,123456789012,AWS_ACCOUNT_ID,7969,7981,"GDPR_Art5_1b, DPDPA_S8"
tenant-a_log_01.json,123456789012,AWS_ACCOUNT_ID,8841,8853,"GDPR_Art5_1b, DPDPA_S8"
tenant-a_log_01.json,123456789012,AWS_ACCOUNT_ID,9005,9017,"GDPR_Art5_1b, DPDPA_S8"
tenant-a_log_01.json,123456789012,AWS_ACCOUNT_ID,9257,9269,"GDPR_Art5_1b, DPDPA_S8"
tenant-a_log_01.json,123456789012,AWS_ACCOUNT_ID,10122,10134,"GDPR_Art5_1b, DPDPA_S8"
tenant-a_log_01.json,123456789012,AWS_ACCOUNT_ID,10286,10298,"GDPR_Art5_1b, DPDPA_S8"
tenant-a_log_01.json,123456789012,AWS_ACCOUNT_ID,10539,10551,"GDPR_Art5_1b, DPDPA_S8"
tenant-a_log_01.json,123456789012,AWS_ACCOUNT_ID,11412,11424,"GDPR_Art5_1b, DPDPA_S8"
tenant-a_log_01.json,123456789012,AWS_ACCOUNT_ID,11576,11588,"GDPR_Art5_1b, DPDPA_S8"
tenant-a_log_01.json,123456789012,AWS_ACCOUNT_ID,11830,11842,"GDPR_Art5_1b, DPDPA_S8"
tenant-a_log_01.json,123456789012,AWS_ACCOUNT_ID,12703,12715,"GDPR_Art5_1b, DPDPA_S8"
tenant-a_log_01.json,123456789012,AWS_ACCOUNT_ID,12867,12879,"GDPR_Art5_1b, DPDPA_S8"
tenant-a_log_01.json,123456789012,AWS_ACCOUNT_ID,13120,13132,"GDPR_Art5_1b, DPDPA_S8"
tenant-a_log_01.json,123456789012,AWS_ACCOUNT_ID,13986,13998,"GDPR_Art5_1b, DPDPA_S8"
tenant-a_log_01.json,123456789012,AWS_ACCOUNT_ID,14150,14162,"GDPR_Art5_1b, DPDPA_S8"
tenant-a_log_01.json,123456789012,AWS_ACCOUNT_ID,14402,14414,"GDPR_Art5_1b, DPDPA_S8"
tenant-a_log_01.json,123456789012,AWS_ACCOUNT_ID,15275,15287,"GDPR_Art5_1b, DPDPA_S8"
tenant-a_log_01.json,123456789012,AWS_ACCOUNT_ID,15439,15451,"GDPR_Art5_1b, DPDPA_S8"
tenant-a_log_01.json,123456789012,AWS_ACCOUNT_ID,15693,15705,"GDPR_Art5_1b, DPDPA_S8"
tenant-a_log_01.json,123456789012,AWS_ACCOUNT_ID,16563,16575,"GDPR_Art5_1b, DPDPA_S8"
tenant-a_log_01.json,123456789012,AWS_ACCOUNT_ID,16727,16739,"GDPR_Art5_1b, DPDPA_S8"
tenant-a_log_01.json,123456789012,AWS_ACCOUNT_ID,16979,16991,"GDPR_Art5_1b, DPDPA_S8"
tenant-a_log_01.json,123456789012,AWS_ACCOUNT_ID,17845,17857,"GDPR_Art5_1b, DPDPA_S8"
tenant-a_log_01.json,123456789012,AWS_ACCOUNT_ID,18009,18021,"GDPR_Art5_1b, DPDPA_S8"
tenant-a_log_01.json,123456789012,AWS_ACCOUNT_ID,18262,18274,"GDPR_Art5_1b, DPDPA_S8"
tenant-a_log_01.json,123456789012,AWS_ACCOUNT_ID,19136,19148,"GDPR_Art5_1b, DPDPA_S8"
tenant-a_log_01.json,123456789012,AWS_ACCOUNT_ID,19300,19312,"GDPR_Art5_1b, DPDPA_S8"
tenant-a_log_01.json,123456789012,AWS_ACCOUNT_ID,19554,19566,"GDPR_Art5_1b, DPDPA_S8"
tenant-a_log_01.json,123456789012,AWS_ACCOUNT_ID,20433,20445,"GDPR_Art5_1b, DPDPA_S8"
tenant-a_log_01.json,123456789012,AWS_ACCOUNT_ID,20597,20609,"GDPR_Art5_1b, DPDPA_S8"
tenant-a_log_01.json,123456789012,AWS_ACCOUNT_ID,20851,20863,"GDPR_Art5_1b, DPDPA_S8"
tenant-a_log_01.json,123456789012,AWS_ACCOUNT_ID,21719,21731,"GDPR_Art5_1b, DPDPA_S8"
tenant-a_log_01.json,123456789012,AWS_ACCOUNT_ID,21883,21895,"GDPR_Art5_1b, DPDPA_S8"
tenant-a_log_01.json,123456789012,AWS_ACCOUNT_ID,22136,22148,"GDPR_Art5_1b, DPDPA_S8"
tenant-a_log_01.json,123456789012,AWS_ACCOUNT_ID,23006,23018,"GDPR_Art5_1b, DPDPA_S8"
tenant-a_log_01.json,123456789012,AWS_ACCOUNT_ID,23170,23182,"GDPR_Art5_1b, DPDPA_S8"
tenant-a_log_01.json,123456789012,AWS_ACCOUNT_ID,23422,23434,"GDPR_Art5_1b, DPDPA_S8"
tenant-a_log_01.json,123456789012,AWS_ACCOUNT_ID,24293,24305,"GDPR_Art5_1b, DPDPA_S8"
tenant-a_log_01.json,123456789012,AWS_ACCOUNT_ID,24457,24469,"GDPR_Art5_1b, DPDPA_S8"
tenant-a_log_01.json,123456789012,AWS_ACCOUNT_ID,24711,24723,"GDPR_Art5_1b, DPDPA_S8"
tenant-a_log_01.json,123456789012,AWS_ACCOUNT_ID,25579,25591,"GDPR_Art5_1b, DPDPA_S8"
tenant-a_log_01.json,123456789012,AWS_ACCOUNT_ID,25743,25755,"GDPR_Art5_1b, DPDPA_S8"
tenant-a_log_01.json,123456789012,AWS_ACCOUNT_ID,25997,26009,"GDPR_Art5_1b, DPDPA_S8"
tenant-a_log_01.json,123456789012,AWS_ACCOUNT_ID,26874,26886,"GDPR_Art5_1b, DPDPA_S8"
tenant-a_log_01.json,123456789012,AWS_ACCOUNT_ID,27038,27050,"GDPR_Art5_1b, DPDPA_S8"
tenant-a_log_01.json,123456789012,AWS_ACCOUNT_ID,27291,27303,"GDPR_Art5_1b, DPDPA_S8"
tenant-a_log_01.json,123456789012,AWS_ACCOUNT_ID,28161,28173,"GDPR_Art5_1b, DPDPA_S8"
tenant-a_log_01.json,123456789012,AWS_ACCOUNT_ID,28325,28337,"GDPR_Art5_1b, DPDPA_S8"
tenant-a_log_01.json,123456789012,AWS_ACCOUNT_ID,28578,28590,"GDPR_Art5_1b, DPDPA_S8"
tenant-a_log_01.json,123456789012,AWS_ACCOUNT_ID,29447,29459,"GDPR_Art5_1b, DPDPA_S8"
tenant-a_log_01.json,123456789012,AWS_ACCOUNT_ID,29611,29623,"GDPR_Art5_1b, DPDPA_S8"
tenant-a_log_01.json,123456789012,AWS_ACCOUNT_ID,29865,29877,"GDPR_Art5_1b, DPDPA_S8"
tenant-a_log_01.json,123456789012,AWS_ACCOUNT_ID,30738,30750,"GDPR_Art5_1b, DPDPA_S8"
tenant-a_log_01.json,123456789012,AWS_ACCOUNT_ID,30902,30914,"GDPR_Art5_1b, DPDPA_S8"
tenant-a_log_01.json,123456789012,AWS_ACCOUNT_ID,31154,31166,"GDPR_Art5_1b, DPDPA_S8"
tenant-a_log_01.json,123456789012,AWS_ACCOUNT_ID,32022,32034,"GDPR_Art5_1b, DPDPA_S8"
tenant-a_log_01.json,123456789012,AWS_ACCOUNT_ID,32186,32198,"GDPR_Art5_1b, DPDPA_S8"
tenant-a_log_01.json,123456789012,AWS_ACCOUNT_ID,32439,32451,"GDPR_Art5_1b, DPDPA_S8"
tenant-a_log_01.json,123456789012,AWS_ACCOUNT_ID,33312,33324,"GDPR_Art5_1b, DPDPA_S8"
tenant-a_log_01.json,123456789012,AWS_ACCOUNT_ID,33476,33488,"GDPR_Art5_1b, DPDPA_S8"
tenant-a_log_01.json,123456789012,AWS_ACCOUNT_ID,33730,33742,"GDPR_Art5_1b, DPDPA_S8"
tenant-a_log_01.json,123456789012,AWS_ACCOUNT_ID,34603,34615,"GDPR_Art5_1b, DPDPA_S8"
tenant-a_log_01.json,123456789012,AWS_ACCOUNT_ID,34767,34779,"GDPR_Art5_1b, DPDPA_S8"
tenant-a_log_01.json,123456789012,AWS_ACCOUNT_ID,35021,35033,"GDPR_Art5_1b, DPDPA_S8"
tenant-a_log_01.json,123456789012,AWS_ACCOUNT_ID,35889,35901,"GDPR_Art5_1b, DPDPA_S8"
tenant-a_log_01.json,123456789012,AWS_ACCOUNT_ID,36053,36065,"GDPR_Art5_1b, DPDPA_S8"
tenant-a_log_01.json,123456789012,AWS_ACCOUNT_ID,36306,36318,"GDPR_Art5_1b, DPDPA_S8"
tenant-a_log_01.json,123456789012,AWS_ACCOUNT_ID,37175,37187,"GDPR_Art5_1b, DPDPA_S8"
tenant-a_log_01.json,123456789012,AWS_ACCOUNT_ID,37339,37351,"GDPR_Art5_1b, DPDPA_S8"
tenant-a_log_01.json,123456789012,AWS_ACCOUNT_ID,37593,37605,"GDPR_Art5_1b, DPDPA_S8"
tenant-a_log_01.json,123456789012,AWS_ACCOUNT_ID,38461,38473,"GDPR_Art5_1b, DPDPA_S8"
tenant-a_log_01.json,123456789012,AWS_ACCOUNT_ID,38625,38637,"GDPR_Art5_1b, DPDPA_S8"
tenant-a_log_01.json,123456789012,AWS_ACCOUNT_ID,38879,38891,"GDPR_Art5_1b, DPDPA_S8"
tenant-a_log_01.json,123456789012,AWS_ACCOUNT_ID,39747,39759,"GDPR_Art5_1b, DPDPA_S8"
tenant-a_log_01.json,123456789012,AWS_ACCOUNT_ID,39911,39923,"GDPR_Art5_1b, DPDPA_S8"
tenant-a_log_01.json,123456789012,AWS_ACCOUNT_ID,40164,40176,"GDPR_Art5_1b, DPDPA_S8"
tenant-a_log_01.json,123456789012,AWS_ACCOUNT_ID,41028,41040,"GDPR_Art5_1b, DPDPA_S8"
tenant-a_log_01.json,123456789012,AWS_ACCOUNT_ID,41192,41204,"GDPR_Art5_1b, DPDPA_S8"
tenant-a_log_01.json,123456789012,AWS_ACCOUNT_ID,41444,41456,"GDPR_Art5_1b, DPDPA_S8"
tenant-a_log_01.json,123456789012,AWS_ACCOUNT_ID,42312,42324,"GDPR_Art5_1b, DPDPA_S8"
tenant-a_log_01.json,123456789012,AWS_ACCOUNT_ID,42476,42488,"GDPR_Art5_1b, DPDPA_S8"
tenant-a_log_01.json,123456789012,AWS_ACCOUNT_ID,42728,42740,"GDPR_Art5_1b, DPDPA_S8"
tenant-a_log_01.json,123456789012,AWS_ACCOUNT_ID,43593,43605,"GDPR_Art5_1b, DPDPA_S8"
tenant-a_log_01.json,123456789012,AWS_ACCOUNT_ID,43757,43769,"GDPR_Art5_1b, DPDPA_S8"
tenant-a_log_01.json,123456789012,AWS_ACCOUNT_ID,44009,44021,"GDPR_Art5_1b, DPDPA_S8"
tenant-a_log_01.json,123456789012,AWS_ACCOUNT_ID,44876,44888,"GDPR_Art5_1b, DPDPA_S8"
tenant-a_log_01.json,123456789012,AWS_ACCOUNT_ID,45040,45052,"GDPR_Art5_1b, DPDPA_S8"
tenant-a_log_01.json,123456789012,AWS_ACCOUNT_ID,45294,45306,"GDPR_Art5_1b, DPDPA_S8"
tenant-a_log_01.json,123456789012,AWS_ACCOUNT_ID,46166,46178,"GDPR_Art5_1b, DPDPA_S8"
tenant-a_log_01.json,123456789012,AWS_ACCOUNT_ID,46330,46342,"GDPR_Art5_1b, DPDPA_S8"
tenant-a_log_01.json,123456789012,AWS_ACCOUNT_ID,46583,46595,"GDPR_Art5_1b, DPDPA_S8"
tenant-a_log_01.json,123456789012,AWS_ACCOUNT_ID,47452,47464,"GDPR_Art5_1b, DPDPA_S8"
tenant-a_log_01.json,123456789012,AWS_ACCOUNT_ID,47616,47628,"GDPR_Art5_1b, DPDPA_S8"
tenant-a_log_01.json,123456789012,AWS_ACCOUNT_ID,47869,47881,"GDPR_Art5_1b, DPDPA_S8"
tenant-a_log_01.json,123456789012,AWS_ACCOUNT_ID,48742,48754,"GDPR_Art5_1b, DPDPA_S8"
tenant-a_log_01.json,123456789012,AWS_ACCOUNT_ID,48906,48918,"GDPR_Art5_1b, DPDPA_S8"
tenant-a_log_01.json,123456789012,AWS_ACCOUNT_ID,49160,49172,"GDPR_Art5_1b, DPDPA_S8"
tenant-a_log_01.json,123456789012,AWS_ACCOUNT_ID,50026,50038,"GDPR_Art5_1b, DPDPA_S8"
tenant-a_log_01.json,123456789012,AWS_ACCOUNT_ID,50190,50202,"GDPR_Art5_1b, DPDPA_S8"
tenant-a_log_01.json,123456789012,AWS_ACCOUNT_ID,50443,50455,"GDPR_Art5_1b, DPDPA_S8"
tenant-a_log_01.json,123456789012,AWS_ACCOUNT_ID,51311,51323,"GDPR_Art5_1b, DPDPA_S8"
tenant-a_log_01.json,123456789012,AWS_ACCOUNT_ID,51475,51487,"GDPR_Art5_1b, DPDPA_S8"
tenant-a_log_02.json,bob.kumar,PERSON,284,293,"GDPR_Art5_1a, DPDPA_S8"
tenant-a_log_02.json,bob.kumar,PERSON,1574,1583,"GDPR_Art5_1a, DPDPA_S8"
tenant-a_log_02.json,carol.smith,PERSON,2867,2878,"GDPR_Art5_1a, DPDPA_S8"
tenant-a_log_02.json,bob.kumar,PERSON,4158,4167,"GDPR_Art5_1a, DPDPA_S8"
tenant-a_log_02.json,alice.chen,PERSON,5444,5454,"GDPR_Art5_1a, DPDPA_S8"
tenant-a_log_02.json,alice.chen,PERSON,6732,6742,"GDPR_Art5_1a, DPDPA_S8"
tenant-a_log_02.json,bob.kumar,PERSON,8016,8025,"GDPR_Art5_1a, DPDPA_S8"
tenant-a_log_02.json,carol.smith,PERSON,9311,9322,"GDPR_Art5_1a, DPDPA_S8"
tenant-a_log_02.json,bob.kumar,PERSON,10594,10603,"GDPR_Art5_1a, DPDPA_S8"
tenant-a_log_02.json,alice.chen,PERSON,11891,11901,"GDPR_Art5_1a, DPDPA_S8"
tenant-a_log_02.json,bob.kumar,PERSON,13178,13187,"GDPR_Art5_1a, DPDPA_S8"
tenant-a_log_02.json,carol.smith,PERSON,14465,14476,"GDPR_Art5_1a, DPDPA_S8"
tenant-a_log_02.json,carol.smith,PERSON,15757,15768,"GDPR_Art5_1a, DPDPA_S8"
tenant-a_log_02.json,bob.kumar,PERSON,17051,17060,"GDPR_Art5_1a, DPDPA_S8"
tenant-a_log_02.json,carol.smith,PERSON,18348,18359,"GDPR_Art5_1a, DPDPA_S8"
tenant-a_log_02.json,carol.smith,PERSON,19639,19650,"GDPR_Art5_1a, DPDPA_S8"
tenant-a_log_02.json,alice.chen,PERSON,20930,20940,"GDPR_Art5_1a, DPDPA_S8"
tenant-a_log_02.json,bob.kumar,PERSON,22218,22227,"GDPR_Art5_1a, DPDPA_S8"
tenant-a_log_02.json,alice.chen,PERSON,23508,23518,"GDPR_Art5_1a, DPDPA_S8"
tenant-a_log_02.json,alice.chen,PERSON,24794,24804,"GDPR_Art5_1a, DPDPA_S8"
tenant-a_log_02.json,carol.smith,PERSON,26078,26089,"GDPR_Art5_1a, DPDPA_S8"
tenant-a_log_02.json,alice.chen,PERSON,27371,27381,"GDPR_Art5_1a, DPDPA_S8"
tenant-a_log_02.json,alice.chen,PERSON,28667,28677,"GDPR_Art5_1a, DPDPA_S8"
tenant-a_log_02.json,bob.kumar,PERSON,29955,29964,"GDPR_Art5_1a, DPDPA_S8"
tenant-a_log_02.json,carol.smith,PERSON,31238,31249,"GDPR_Art5_1a, DPDPA_S8"
tenant-a_log_02.json,bob.kumar,PERSON,32527,32536,"GDPR_Art5_1a, DPDPA_S8"
tenant-a_log_02.json,carol.smith,PERSON,33817,33828,"GDPR_Art5_1a, DPDPA_S8"
tenant-a_log_02.json,alice.chen,PERSON,35103,35113,"GDPR_Art5_1a, DPDPA_S8"
tenant-a_log_02.json,alice.chen,PERSON,36394,36404,"GDPR_Art5_1a, DPDPA_S8"
tenant-a_log_02.json,carol.smith,PERSON,37685,37696,"GDPR_Art5_1a, DPDPA_S8"
tenant-a_log_02.json,alice.chen,PERSON,38971,38981,"GDPR_Art5_1a, DPDPA_S8"
tenant-a_log_02.json,bob.kumar,PERSON,40256,40265,"GDPR_Art5_1a, DPDPA_S8"
tenant-a_log_02.json,carol.smith,PERSON,41537,41548,"GDPR_Art5_1a, DPDPA_S8"
tenant-a_log_02.json,bob.kumar,PERSON,42816,42825,"GDPR_Art5_1a, DPDPA_S8"
tenant-a_log_02.json,carol.smith,PERSON,44097,44108,"GDPR_Art5_1a, DPDPA_S8"
tenant-a_log_02.json,bob.kumar,PERSON,45383,45392,"GDPR_Art5_1a, DPDPA_S8"
tenant-a_log_02.json,alice.chen,PERSON,46667,46677,"GDPR_Art5_1a, DPDPA_S8"
tenant-a_log_02.json,carol.smith,PERSON,47952,47963,"GDPR_Art5_1a, DPDPA_S8"
tenant-a_log_02.json,alice.chen,PERSON,49240,49250,"GDPR_Art5_1a, DPDPA_S8"
tenant-a_log_02.json,alice.chen,PERSON,50527,50537,"GDPR_Art5_1a, DPDPA_S8"
tenant-a_log_02.json,105.137.175.163,IP_ADDRESS,681,696,"GDPR_Art5_1b, DPDPA_S8"
tenant-a_log_02.json,168.213.183.55,IP_ADDRESS,1971,1985,"GDPR_Art5_1b, DPDPA_S8"
tenant-a_log_02.json,174.109.57.100,IP_ADDRESS,3266,3280,"GDPR_Art5_1b, DPDPA_S8"
tenant-a_log_02.json,177.151.248.50,IP_ADDRESS,4555,4569,"GDPR_Art5_1b, DPDPA_S8"
tenant-a_log_02.json,24.66.215.133,IP_ADDRESS,5842,5855,"GDPR_Art5_1b, DPDPA_S8"
tenant-a_log_02.json,216.130.41.90,IP_ADDRESS,7130,7143,"GDPR_Art5_1b, DPDPA_S8"
tenant-a_log_02.json,180.144.238.172,IP_ADDRESS,8413,8428,"GDPR_Art5_1b, DPDPA_S8"
tenant-a_log_02.json,120.11.29.122,IP_ADDRESS,9710,9723,"GDPR_Art5_1b, DPDPA_S8"
tenant-a_log_02.json,211.161.126.204,IP_ADDRESS,10991,11006,"GDPR_Art5_1b, DPDPA_S8"
tenant-a_log_02.json,79.208.46.197,IP_ADDRESS,12289,12302,"GDPR_Art5_1b, DPDPA_S8"
tenant-a_log_02.json,153.136.198.239,IP_ADDRESS,13575,13590,"GDPR_Art5_1b, DPDPA_S8"
tenant-a_log_02.json,174.204.238.98,IP_ADDRESS,14864,14878,"GDPR_Art5_1b, DPDPA_S8"
tenant-a_log_02.json,149.76.162.141,IP_ADDRESS,16156,16170,"GDPR_Art5_1b, DPDPA_S8"
tenant-a_log_02.json,157.218.57.252,IP_ADDRESS,17448,17462,"GDPR_Art5_1b, DPDPA_S8"
tenant-a_log_02.json,26.176.233.97,IP_ADDRESS,18747,18760,"GDPR_Art5_1b, DPDPA_S8"
tenant-a_log_02.json,80.145.154.102,IP_ADDRESS,20038,20052,"GDPR_Art5_1b, DPDPA_S8"
tenant-a_log_02.json,145.189.133.3,IP_ADDRESS,21328,21341,"GDPR_Art5_1b, DPDPA_S8"
tenant-a_log_02.json,181.237.176.167,IP_ADDRESS,22615,22630,"GDPR_Art5_1b, DPDPA_S8"
tenant-a_log_02.json,101.117.17.175,IP_ADDRESS,23906,23920,"GDPR_Art5_1b, DPDPA_S8"
tenant-a_log_02.json,3.31.25.107,IP_ADDRESS,25192,25203,"GDPR_Art5_1b, DPDPA_S8"
tenant-a_log_02.json,17.12.11.225,IP_ADDRESS,26477,26489,"GDPR_Art5_1b, DPDPA_S8"
tenant-a_log_02.json,128.32.200.246,IP_ADDRESS,27769,27783,"GDPR_Art5_1b, DPDPA_S8"
tenant-a_log_02.json,220.5.48.174,IP_ADDRESS,29065,29077,"GDPR_Art5_1b, DPDPA_S8"
tenant-a_log_02.json,188.169.245.4,IP_ADDRESS,30352,30365,"GDPR_Art5_1b, DPDPA_S8"
tenant-a_log_02.json,177.179.213.21,IP_ADDRESS,31637,31651,"GDPR_Art5_1b, DPDPA_S8"
tenant-a_log_02.json,124.170.147.253,IP_ADDRESS,32924,32939,"GDPR_Art5_1b, DPDPA_S8"
tenant-a_log_02.json,7.159.85.91,IP_ADDRESS,34216,34227,"GDPR_Art5_1b, DPDPA_S8"
tenant-a_log_02.json,141.144.134.124,IP_ADDRESS,35501,35516,"GDPR_Art5_1b, DPDPA_S8"
tenant-a_log_02.json,155.75.103.178,IP_ADDRESS,36792,36806,"GDPR_Art5_1b, DPDPA_S8"
tenant-a_log_02.json,72.2.148.75,IP_ADDRESS,38084,38095,"GDPR_Art5_1b, DPDPA_S8"
tenant-a_log_02.json,124.89.38.84,IP_ADDRESS,39366,39378,"GDPR_Art5_1b, DPDPA_S8"
tenant-a_log_02.json,109.77.16.163,IP_ADDRESS,40650,40663,"GDPR_Art5_1b, DPDPA_S8"
tenant-a_log_02.json,173.56.144.244,IP_ADDRESS,41933,41947,"GDPR_Art5_1b, DPDPA_S8"
tenant-a_log_02.json,53.146.18.219,IP_ADDRESS,43210,43223,"GDPR_Art5_1b, DPDPA_S8"
tenant-a_log_02.json,26.52.33.79,IP_ADDRESS,44493,44504,"GDPR_Art5_1b, DPDPA_S8"
tenant-a_log_02.json,109.119.216.6,IP_ADDRESS,45777,45790,"GDPR_Art5_1b, DPDPA_S8"
tenant-a_log_02.json,1.210.45.150,IP_ADDRESS,47062,47074,"GDPR_Art5_1b, DPDPA_S8"
tenant-a_log_02.json,209.174.24.218,IP_ADDRESS,48348,48362,"GDPR_Art5_1b, DPDPA_S8"
tenant-a_log_02.json,181.7.197.153,IP_ADDRESS,49635,49648,"GDPR_Art5_1b, DPDPA_S8"
tenant-a_log_02.json,223.147.53.74,IP_ADDRESS,50922,50935,"GDPR_Art5_1b, DPDPA_S8"
tenant-a_log_02.json,arn:aws:iam::123456789012:user/bob.kumar,AWS_ARN,183,223,"GDPR_Art5_1b, DPDPA_S8"
tenant-a_log_02.json,arn:aws:s3:::tenant-a-backup,AWS_ARN,1067,1095,"GDPR_Art5_1b, DPDPA_S8"
tenant-a_log_02.json,arn:aws:iam::123456789012:user/bob.kumar,AWS_ARN,1473,1513,"GDPR_Art5_1b, DPDPA_S8"
tenant-a_log_02.json,arn:aws:s3:::tenant-a-data,AWS_ARN,2360,2386,"GDPR_Art5_1b, DPDPA_S8"
tenant-a_log_02.json,arn:aws:iam::123456789012:user/carol.smith,AWS_ARN,2764,2806,"GDPR_Art5_1b, DPDPA_S8"
tenant-a_log_02.json,arn:aws:s3:::tenant-a-backup,AWS_ARN,3651,3679,"GDPR_Art5_1b, DPDPA_S8"
tenant-a_log_02.json,arn:aws:iam::123456789012:user/bob.kumar,AWS_ARN,4057,4097,"GDPR_Art5_1b, DPDPA_S8"
tenant-a_log_02.json,arn:aws:s3:::tenant-a-data,AWS_ARN,4938,4964,"GDPR_Art5_1b, DPDPA_S8"
tenant-a_log_02.json,arn:aws:iam::123456789012:user/alice.chen,AWS_ARN,5342,5383,"GDPR_Art5_1b, DPDPA_S8"
tenant-a_log_02.json,arn:aws:s3:::tenant-a-backup,AWS_ARN,6224,6252,"GDPR_Art5_1b, DPDPA_S8"
tenant-a_log_02.json,arn:aws:iam::123456789012:user/alice.chen,AWS_ARN,6630,6671,"GDPR_Art5_1b, DPDPA_S8"
tenant-a_log_02.json,arn:aws:s3:::tenant-a-data,AWS_ARN,7511,7537,"GDPR_Art5_1b, DPDPA_S8"
tenant-a_log_02.json,arn:aws:iam::123456789012:user/bob.kumar,AWS_ARN,7915,7955,"GDPR_Art5_1b, DPDPA_S8"
tenant-a_log_02.json,arn:aws:s3:::tenant-a-backup,AWS_ARN,8802,8830,"GDPR_Art5_1b, DPDPA_S8"
tenant-a_log_02.json,arn:aws:iam::123456789012:user/carol.smith,AWS_ARN,9208,9250,"GDPR_Art5_1b, DPDPA_S8"
tenant-a_log_02.json,arn:aws:s3:::tenant-a-data,AWS_ARN,10089,10115,"GDPR_Art5_1b, DPDPA_S8"
tenant-a_log_02.json,arn:aws:iam::123456789012:user/bob.kumar,AWS_ARN,10493,10533,"GDPR_Art5_1b, DPDPA_S8"
tenant-a_log_02.json,arn:aws:s3:::tenant-a-backup,AWS_ARN,11383,11411,"GDPR_Art5_1b, DPDPA_S8"
tenant-a_log_02.json,arn:aws:iam::123456789012:user/alice.chen,AWS_ARN,11789,11830,"GDPR_Art5_1b, DPDPA_S8"
tenant-a_log_02.json,arn:aws:s3:::tenant-a-backup,AWS_ARN,12671,12699,"GDPR_Art5_1b, DPDPA_S8"
tenant-a_log_02.json,arn:aws:iam::123456789012:user/bob.kumar,AWS_ARN,13077,13117,"GDPR_Art5_1b, DPDPA_S8"
tenant-a_log_02.json,arn:aws:s3:::tenant-a-data,AWS_ARN,13958,13984,"GDPR_Art5_1b, DPDPA_S8"
tenant-a_log_02.json,arn:aws:iam::123456789012:user/carol.smith,AWS_ARN,14362,14404,"GDPR_Art5_1b, DPDPA_S8"
tenant-a_log_02.json,arn:aws:s3:::tenant-a-backup,AWS_ARN,15248,15276,"GDPR_Art5_1b, DPDPA_S8"
tenant-a_log_02.json,arn:aws:iam::123456789012:user/carol.smith,AWS_ARN,15654,15696,"GDPR_Art5_1b, DPDPA_S8"
tenant-a_log_02.json,arn:aws:s3:::tenant-a-backup,AWS_ARN,16544,16572,"GDPR_Art5_1b, DPDPA_S8"
tenant-a_log_02.json,arn:aws:iam::123456789012:user/bob.kumar,AWS_ARN,16950,16990,"GDPR_Art5_1b, DPDPA_S8"
tenant-a_log_02.json,arn:aws:s3:::tenant-a-data,AWS_ARN,17841,17867,"GDPR_Art5_1b, DPDPA_S8"
tenant-a_log_02.json,arn:aws:iam::123456789012:user/carol.smith,AWS_ARN,18245,18287,"GDPR_Art5_1b, DPDPA_S8"
tenant-a_log_02.json,arn:aws:s3:::tenant-a-backup,AWS_ARN,19130,19158,"GDPR_Art5_1b, DPDPA_S8"
tenant-a_log_02.json,arn:aws:iam::123456789012:user/carol.smith,AWS_ARN,19536,19578,"GDPR_Art5_1b, DPDPA_S8"
tenant-a_log_02.json,arn:aws:s3:::tenant-a-backup,AWS_ARN,20422,20450,"GDPR_Art5_1b, DPDPA_S8"
tenant-a_log_02.json,arn:aws:iam::123456789012:user/alice.chen,AWS_ARN,20828,20869,"GDPR_Art5_1b, DPDPA_S8"
tenant-a_log_02.json,arn:aws:s3:::tenant-a-backup,AWS_ARN,21711,21739,"GDPR_Art5_1b, DPDPA_S8"
tenant-a_log_02.json,arn:aws:iam::123456789012:user/bob.kumar,AWS_ARN,22117,22157,"GDPR_Art5_1b, DPDPA_S8"
tenant-a_log_02.json,arn:aws:s3:::tenant-a-backup,AWS_ARN,23000,23028,"GDPR_Art5_1b, DPDPA_S8"
tenant-a_log_02.json,arn:aws:iam::123456789012:user/alice.chen,AWS_ARN,23406,23447,"GDPR_Art5_1b, DPDPA_S8"
tenant-a_log_02.json,arn:aws:s3:::tenant-a-data,AWS_ARN,24288,24314,"GDPR_Art5_1b, DPDPA_S8"
tenant-a_log_02.json,arn:aws:iam::123456789012:user/alice.chen,AWS_ARN,24692,24733,"GDPR_Art5_1b, DPDPA_S8"
tenant-a_log_02.json,arn:aws:s3:::tenant-a-data,AWS_ARN,25571,25597,"GDPR_Art5_1b, DPDPA_S8"
tenant-a_log_02.json,arn:aws:iam::123456789012:user/carol.smith,AWS_ARN,25975,26017,"GDPR_Art5_1b, DPDPA_S8"
tenant-a_log_02.json,arn:aws:s3:::tenant-a-backup,AWS_ARN,26863,26891,"GDPR_Art5_1b, DPDPA_S8"
tenant-a_log_02.json,arn:aws:iam::123456789012:user/alice.chen,AWS_ARN,27269,27310,"GDPR_Art5_1b, DPDPA_S8"
tenant-a_log_02.json,arn:aws:s3:::tenant-a-backup,AWS_ARN,28159,28187,"GDPR_Art5_1b, DPDPA_S8"
tenant-a_log_02.json,arn:aws:iam::123456789012:user/alice.chen,AWS_ARN,28565,28606,"GDPR_Art5_1b, DPDPA_S8"
tenant-a_log_02.json,arn:aws:s3:::tenant-a-data,AWS_ARN,29450,29476,"GDPR_Art5_1b, DPDPA_S8"
tenant-a_log_02.json,arn:aws:iam::123456789012:user/bob.kumar,AWS_ARN,29854,29894,"GDPR_Art5_1b, DPDPA_S8"
tenant-a_log_02.json,arn:aws:s3:::tenant-a-data,AWS_ARN,30731,30757,"GDPR_Art5_1b, DPDPA_S8"
tenant-a_log_02.json,arn:aws:iam::123456789012:user/carol.smith,AWS_ARN,31135,31177,"GDPR_Art5_1b, DPDPA_S8"
tenant-a_log_02.json,arn:aws:s3:::tenant-a-data,AWS_ARN,32022,32048,"GDPR_Art5_1b, DPDPA_S8"
tenant-a_log_02.json,arn:aws:iam::123456789012:user/bob.kumar,AWS_ARN,32426,32466,"GDPR_Art5_1b, DPDPA_S8"
tenant-a_log_02.json,arn:aws:s3:::tenant-a-backup,AWS_ARN,33308,33336,"GDPR_Art5_1b, DPDPA_S8"
tenant-a_log_02.json,arn:aws:iam::123456789012:user/carol.smith,AWS_ARN,33714,33756,"GDPR_Art5_1b, DPDPA_S8"
tenant-a_log_02.json,arn:aws:s3:::tenant-a-data,AWS_ARN,34597,34623,"GDPR_Art5_1b, DPDPA_S8"
tenant-a_log_02.json,arn:aws:iam::123456789012:user/alice.chen,AWS_ARN,35001,35042,"GDPR_Art5_1b, DPDPA_S8"
tenant-a_log_02.json,arn:aws:s3:::tenant-a-data,AWS_ARN,35888,35914,"GDPR_Art5_1b, DPDPA_S8"
tenant-a_log_02.json,arn:aws:iam::123456789012:user/alice.chen,AWS_ARN,36292,36333,"GDPR_Art5_1b, DPDPA_S8"
tenant-a_log_02.json,arn:aws:s3:::tenant-a-backup,AWS_ARN,37176,37204,"GDPR_Art5_1b, DPDPA_S8"
tenant-a_log_02.json,arn:aws:iam::123456789012:user/carol.smith,AWS_ARN,37582,37624,"GDPR_Art5_1b, DPDPA_S8"
tenant-a_log_02.json,arn:aws:s3:::tenant-a-data,AWS_ARN,38465,38491,"GDPR_Art5_1b, DPDPA_S8"
tenant-a_log_02.json,arn:aws:iam::123456789012:user/alice.chen,AWS_ARN,38869,38910,"GDPR_Art5_1b, DPDPA_S8"
tenant-a_log_02.json,arn:aws:s3:::tenant-a-data,AWS_ARN,39751,39777,"GDPR_Art5_1b, DPDPA_S8"
tenant-a_log_02.json,arn:aws:iam::123456789012:user/bob.kumar,AWS_ARN,40155,40195,"GDPR_Art5_1b, DPDPA_S8"
tenant-a_log_02.json,arn:aws:s3:::tenant-a-data,AWS_ARN,41030,41056,"GDPR_Art5_1b, DPDPA_S8"
tenant-a_log_02.json,arn:aws:iam::123456789012:user/carol.smith,AWS_ARN,41434,41476,"GDPR_Art5_1b, DPDPA_S8"
tenant-a_log_02.json,arn:aws:s3:::tenant-a-data,AWS_ARN,42311,42337,"GDPR_Art5_1b, DPDPA_S8"
tenant-a_log_02.json,arn:aws:iam::123456789012:user/bob.kumar,AWS_ARN,42715,42755,"GDPR_Art5_1b, DPDPA_S8"
tenant-a_log_02.json,arn:aws:s3:::tenant-a-data,AWS_ARN,43590,43616,"GDPR_Art5_1b, DPDPA_S8"
tenant-a_log_02.json,arn:aws:iam::123456789012:user/carol.smith,AWS_ARN,43994,44036,"GDPR_Art5_1b, DPDPA_S8"
tenant-a_log_02.json,arn:aws:s3:::tenant-a-backup,AWS_ARN,44876,44904,"GDPR_Art5_1b, DPDPA_S8"
tenant-a_log_02.json,arn:aws:iam::123456789012:user/bob.kumar,AWS_ARN,45282,45322,"GDPR_Art5_1b, DPDPA_S8"
tenant-a_log_02.json,arn:aws:s3:::tenant-a-data,AWS_ARN,46161,46187,"GDPR_Art5_1b, DPDPA_S8"
tenant-a_log_02.json,arn:aws:iam::123456789012:user/alice.chen,AWS_ARN,46565,46606,"GDPR_Art5_1b, DPDPA_S8"
tenant-a_log_02.json,arn:aws:s3:::tenant-a-backup,AWS_ARN,47443,47471,"GDPR_Art5_1b, DPDPA_S8"
tenant-a_log_02.json,arn:aws:iam::123456789012:user/carol.smith,AWS_ARN,47849,47891,"GDPR_Art5_1b, DPDPA_S8"
tenant-a_log_02.json,arn:aws:s3:::tenant-a-backup,AWS_ARN,48732,48760,"GDPR_Art5_1b, DPDPA_S8"
tenant-a_log_02.json,arn:aws:iam::123456789012:user/alice.chen,AWS_ARN,49138,49179,"GDPR_Art5_1b, DPDPA_S8"
tenant-a_log_02.json,arn:aws:s3:::tenant-a-backup,AWS_ARN,50019,50047,"GDPR_Art5_1b, DPDPA_S8"
tenant-a_log_02.json,arn:aws:iam::123456789012:user/alice.chen,AWS_ARN,50425,50466,"GDPR_Art5_1b, DPDPA_S8"
tenant-a_log_02.json,arn:aws:s3:::tenant-a-data,AWS_ARN,51307,51333,"GDPR_Art5_1b, DPDPA_S8"
tenant-a_log_02.json,123456789012,AWS_ACCOUNT_ID,248,260,"GDPR_Art5_1b, DPDPA_S8"
tenant-a_log_02.json,123456789012,AWS_ACCOUNT_ID,1122,1134,"GDPR_Art5_1b, DPDPA_S8"
tenant-a_log_02.json,123456789012,AWS_ACCOUNT_ID,1286,1298,"GDPR_Art5_1b, DPDPA_S8"
tenant-a_log_02.json,123456789012,AWS_ACCOUNT_ID,1538,1550,"GDPR_Art5_1b, DPDPA_S8"
tenant-a_log_02.json,123456789012,AWS_ACCOUNT_ID,2413,2425,"GDPR_Art5_1b, DPDPA_S8"
tenant-a_log_02.json,123456789012,AWS_ACCOUNT_ID,2577,2589,"GDPR_Art5_1b, DPDPA_S8"
tenant-a_log_02.json,123456789012,AWS_ACCOUNT_ID,2831,2843,"GDPR_Art5_1b, DPDPA_S8"
tenant-a_log_02.json,123456789012,AWS_ACCOUNT_ID,3706,3718,"GDPR_Art5_1b, DPDPA_S8"
tenant-a_log_02.json,123456789012,AWS_ACCOUNT_ID,3870,3882,"GDPR_Art5_1b, DPDPA_S8"
tenant-a_log_02.json,123456789012,AWS_ACCOUNT_ID,4122,4134,"GDPR_Art5_1b, DPDPA_S8"
tenant-a_log_02.json,123456789012,AWS_ACCOUNT_ID,4991,5003,"GDPR_Art5_1b, DPDPA_S8"
tenant-a_log_02.json,123456789012,AWS_ACCOUNT_ID,5155,5167,"GDPR_Art5_1b, DPDPA_S8"
tenant-a_log_02.json,123456789012,AWS_ACCOUNT_ID,5408,5420,"GDPR_Art5_1b, DPDPA_S8"
tenant-a_log_02.json,123456789012,AWS_ACCOUNT_ID,6279,6291,"GDPR_Art5_1b, DPDPA_S8"
tenant-a_log_02.json,123456789012,AWS_ACCOUNT_ID,6443,6455,"GDPR_Art5_1b, DPDPA_S8"
tenant-a_log_02.json,123456789012,AWS_ACCOUNT_ID,6696,6708,"GDPR_Art5_1b, DPDPA_S8"
tenant-a_log_02.json,123456789012,AWS_ACCOUNT_ID,7564,7576,"GDPR_Art5_1b, DPDPA_S8"
tenant-a_log_02.json,123456789012,AWS_ACCOUNT_ID,7728,7740,"GDPR_Art5_1b, DPDPA_S8"
tenant-a_log_02.json,123456789012,AWS_ACCOUNT_ID,7980,7992,"GDPR_Art5_1b, DPDPA_S8"
tenant-a_log_02.json,123456789012,AWS_ACCOUNT_ID,8857,8869,"GDPR_Art5_1b, DPDPA_S8"
tenant-a_log_02.json,123456789012,AWS_ACCOUNT_ID,9021,9033,"GDPR_Art5_1b, DPDPA_S8"
tenant-a_log_02.json,123456789012,AWS_ACCOUNT_ID,9275,9287,"GDPR_Art5_1b, DPDPA_S8"
tenant-a_log_02.json,123456789012,AWS_ACCOUNT_ID,10142,10154,"GDPR_Art5_1b, DPDPA_S8"
tenant-a_log_02.json,123456789012,AWS_ACCOUNT_ID,10306,10318,"GDPR_Art5_1b, DPDPA_S8"
tenant-a_log_02.json,123456789012,AWS_ACCOUNT_ID,10558,10570,"GDPR_Art5_1b, DPDPA_S8"
tenant-a_log_02.json,123456789012,AWS_ACCOUNT_ID,11438,11450,"GDPR_Art5_1b, DPDPA_S8"
tenant-a_log_02.json,123456789012,AWS_ACCOUNT_ID,11602,11614,"GDPR_Art5_1b, DPDPA_S8"
tenant-a_log_02.json,123456789012,AWS_ACCOUNT_ID,11855,11867,"GDPR_Art5_1b, DPDPA_S8"
tenant-a_log_02.json,123456789012,AWS_ACCOUNT_ID,12726,12738,"GDPR_Art5_1b, DPDPA_S8"
tenant-a_log_02.json,123456789012,AWS_ACCOUNT_ID,12890,12902,"GDPR_Art5_1b, DPDPA_S8"
tenant-a_log_02.json,123456789012,AWS_ACCOUNT_ID,13142,13154,"GDPR_Art5_1b, DPDPA_S8"
tenant-a_log_02.json,123456789012,AWS_ACCOUNT_ID,14011,14023,"GDPR_Art5_1b, DPDPA_S8"
tenant-a_log_02.json,123456789012,AWS_ACCOUNT_ID,14175,14187,"GDPR_Art5_1b, DPDPA_S8"
tenant-a_log_02.json,123456789012,AWS_ACCOUNT_ID,14429,14441,"GDPR_Art5_1b, DPDPA_S8"
tenant-a_log_02.json,123456789012,AWS_ACCOUNT_ID,15303,15315,"GDPR_Art5_1b, DPDPA_S8"
tenant-a_log_02.json,123456789012,AWS_ACCOUNT_ID,15467,15479,"GDPR_Art5_1b, DPDPA_S8"
tenant-a_log_02.json,123456789012,AWS_ACCOUNT_ID,15721,15733,"GDPR_Art5_1b, DPDPA_S8"
tenant-a_log_02.json,123456789012,AWS_ACCOUNT_ID,16599,16611,"GDPR_Art5_1b, DPDPA_S8"
tenant-a_log_02.json,123456789012,AWS_ACCOUNT_ID,16763,16775,"GDPR_Art5_1b, DPDPA_S8"
tenant-a_log_02.json,123456789012,AWS_ACCOUNT_ID,17015,17027,"GDPR_Art5_1b, DPDPA_S8"
tenant-a_log_02.json,123456789012,AWS_ACCOUNT_ID,17894,17906,"GDPR_Art5_1b, DPDPA_S8"
tenant-a_log_02.json,123456789012,AWS_ACCOUNT_ID,18058,18070,"GDPR_Art5_1b, DPDPA_S8"
tenant-a_log_02.json,123456789012,AWS_ACCOUNT_ID,18312,18324,"GDPR_Art5_1b, DPDPA_S8"
tenant-a_log_02.json,123456789012,AWS_ACCOUNT_ID,19185,19197,"GDPR_Art5_1b, DPDPA_S8"
tenant-a_log_02.json,123456789012,AWS_ACCOUNT_ID,19349,19361,"GDPR_Art5_1b, DPDPA_S8"
tenant-a_log_02.json,123456789012,AWS_ACCOUNT_ID,19603,19615,"GDPR_Art5_1b, DPDPA_S8"
tenant-a_log_02.json,123456789012,AWS_ACCOUNT_ID,20477,20489,"GDPR_Art5_1b, DPDPA_S8"
tenant-a_log_02.json,123456789012,AWS_ACCOUNT_ID,20641,20653,"GDPR_Art5_1b, DPDPA_S8"
tenant-a_log_02.json,123456789012,AWS_ACCOUNT_ID,20894,20906,"GDPR_Art5_1b, DPDPA_S8"
tenant-a_log_02.json,123456789012,AWS_ACCOUNT_ID,21766,21778,"GDPR_Art5_1b, DPDPA_S8"
tenant-a_log_02.json,123456789012,AWS_ACCOUNT_ID,21930,21942,"GDPR_Art5_1b, DPDPA_S8"
tenant-a_log_02.json,123456789012,AWS_ACCOUNT_ID,22182,22194,"GDPR_Art5_1b, DPDPA_S8"
tenant-a_log_02.json,123456789012,AWS_ACCOUNT_ID,23055,23067,"GDPR_Art5_1b, DPDPA_S8"
tenant-a_log_02.json,123456789012,AWS_ACCOUNT_ID,23219,23231,"GDPR_Art5_1b, DPDPA_S8"
tenant-a_log_02.json,123456789012,AWS_ACCOUNT_ID,23472,23484,"GDPR_Art5_1b, DPDPA_S8"
tenant-a_log_02.json,123456789012,AWS_ACCOUNT_ID,24341,24353,"GDPR_Art5_1b, DPDPA_S8"
tenant-a_log_02.json,123456789012,AWS_ACCOUNT_ID,24505,24517,"GDPR_Art5_1b, DPDPA_S8"
tenant-a_log_02.json,123456789012,AWS_ACCOUNT_ID,24758,24770,"GDPR_Art5_1b, DPDPA_S8"
tenant-a_log_02.json,123456789012,AWS_ACCOUNT_ID,25624,25636,"GDPR_Art5_1b, DPDPA_S8"
tenant-a_log_02.json,123456789012,AWS_ACCOUNT_ID,25788,25800,"GDPR_Art5_1b, DPDPA_S8"
tenant-a_log_02.json,123456789012,AWS_ACCOUNT_ID,26042,26054,"GDPR_Art5_1b, DPDPA_S8"
tenant-a_log_02.json,123456789012,AWS_ACCOUNT_ID,26918,26930,"GDPR_Art5_1b, DPDPA_S8"
tenant-a_log_02.json,123456789012,AWS_ACCOUNT_ID,27082,27094,"GDPR_Art5_1b, DPDPA_S8"
tenant-a_log_02.json,123456789012,AWS_ACCOUNT_ID,27335,27347,"GDPR_Art5_1b, DPDPA_S8"
tenant-a_log_02.json,123456789012,AWS_ACCOUNT_ID,28214,28226,"GDPR_Art5_1b, DPDPA_S8"
tenant-a_log_02.json,123456789012,AWS_ACCOUNT_ID,28378,28390,"GDPR_Art5_1b, DPDPA_S8"
tenant-a_log_02.json,123456789012,AWS_ACCOUNT_ID,28631,28643,"GDPR_Art5_1b, DPDPA_S8"
tenant-a_log_02.json,123456789012,AWS_ACCOUNT_ID,29503,29515,"GDPR_Art5_1b, DPDPA_S8"
tenant-a_log_02.json,123456789012,AWS_ACCOUNT_ID,29667,29679,"GDPR_Art5_1b, DPDPA_S8"
tenant-a_log_02.json,123456789012,AWS_ACCOUNT_ID,29919,29931,"GDPR_Art5_1b, DPDPA_S8"
tenant-a_log_02.json,123456789012,AWS_ACCOUNT_ID,30784,30796,"GDPR_Art5_1b, DPDPA_S8"
tenant-a_log_02.json,123456789012,AWS_ACCOUNT_ID,30948,30960,"GDPR_Art5_1b, DPDPA_S8"
tenant-a_log_02.json,123456789012,AWS_ACCOUNT_ID,31202,31214,"GDPR_Art5_1b, DPDPA_S8"
tenant-a_log_02.json,123456789012,AWS_ACCOUNT_ID,32075,32087,"GDPR_Art5_1b, DPDPA_S8"
tenant-a_log_02.json,123456789012,AWS_ACCOUNT_ID,32239,32251,"GDPR_Art5_1b, DPDPA_S8"
tenant-a_log_02.json,123456789012,AWS_ACCOUNT_ID,32491,32503,"GDPR_Art5_1b, DPDPA_S8"
tenant-a_log_02.json,123456789012,AWS_ACCOUNT_ID,33363,33375,"GDPR_Art5_1b, DPDPA_S8"
tenant-a_log_02.json,123456789012,AWS_ACCOUNT_ID,33527,33539,"GDPR_Art5_1b, DPDPA_S8"
tenant-a_log_02.json,123456789012,AWS_ACCOUNT_ID,33781,33793,"GDPR_Art5_1b, DPDPA_S8"
tenant-a_log_02.json,123456789012,AWS_ACCOUNT_ID,34650,34662,"GDPR_Art5_1b, DPDPA_S8"
tenant-a_log_02.json,123456789012,AWS_ACCOUNT_ID,34814,34826,"GDPR_Art5_1b, DPDPA_S8"
tenant-a_log_02.json,123456789012,AWS_ACCOUNT_ID,35067,35079,"GDPR_Art5_1b, DPDPA_S8"
tenant-a_log_02.json,123456789012,AWS_ACCOUNT_ID,35941,35953,"GDPR_Art5_1b, DPDPA_S8"
tenant-a_log_02.json,123456789012,AWS_ACCOUNT_ID,36105,36117,"GDPR_Art5_1b, DPDPA_S8"
tenant-a_log_02.json,123456789012,AWS_ACCOUNT_ID,36358,36370,"GDPR_Art5_1b, DPDPA_S8"
tenant-a_log_02.json,123456789012,AWS_ACCOUNT_ID,37231,37243,"GDPR_Art5_1b, DPDPA_S8"
tenant-a_log_02.json,123456789012,AWS_ACCOUNT_ID,37395,37407,"GDPR_Art5_1b, DPDPA_S8"
tenant-a_log_02.json,123456789012,AWS_ACCOUNT_ID,37649,37661,"GDPR_Art5_1b, DPDPA_S8"
tenant-a_log_02.json,123456789012,AWS_ACCOUNT_ID,38518,38530,"GDPR_Art5_1b, DPDPA_S8"
tenant-a_log_02.json,123456789012,AWS_ACCOUNT_ID,38682,38694,"GDPR_Art5_1b, DPDPA_S8"
tenant-a_log_02.json,123456789012,AWS_ACCOUNT_ID,38935,38947,"GDPR_Art5_1b, DPDPA_S8"
tenant-a_log_02.json,123456789012,AWS_ACCOUNT_ID,39804,39816,"GDPR_Art5_1b, DPDPA_S8"
tenant-a_log_02.json,123456789012,AWS_ACCOUNT_ID,39968,39980,"GDPR_Art5_1b, DPDPA_S8"
tenant-a_log_02.json,123456789012,AWS_ACCOUNT_ID,40220,40232,"GDPR_Art5_1b, DPDPA_S8"
tenant-a_log_02.json,123456789012,AWS_ACCOUNT_ID,41083,41095,"GDPR_Art5_1b, DPDPA_S8"
tenant-a_log_02.json,123456789012,AWS_ACCOUNT_ID,41247,41259,"GDPR_Art5_1b, DPDPA_S8"
tenant-a_log_02.json,123456789012,AWS_ACCOUNT_ID,41501,41513,"GDPR_Art5_1b, DPDPA_S8"
tenant-a_log_02.json,123456789012,AWS_ACCOUNT_ID,42364,42376,"GDPR_Art5_1b, DPDPA_S8"
tenant-a_log_02.json,123456789012,AWS_ACCOUNT_ID,42528,42540,"GDPR_Art5_1b, DPDPA_S8"
tenant-a_log_02.json,123456789012,AWS_ACCOUNT_ID,42780,42792,"GDPR_Art5_1b, DPDPA_S8"
tenant-a_log_02.json,123456789012,AWS_ACCOUNT_ID,43643,43655,"GDPR_Art5_1b, DPDPA_S8"
tenant-a_log_02.json,123456789012,AWS_ACCOUNT_ID,43807,43819,"GDPR_Art5_1b, DPDPA_S8"
tenant-a_log_02.json,123456789012,AWS_ACCOUNT_ID,44061,44073,"GDPR_Art5_1b, DPDPA_S8"
tenant-a_log_02.json,123456789012,AWS_ACCOUNT_ID,44931,44943,"GDPR_Art5_1b, DPDPA_S8"
tenant-a_log_02.json,123456789012,AWS_ACCOUNT_ID,45095,45107,"GDPR_Art5_1b, DPDPA_S8"
tenant-a_log_02.json,123456789012,AWS_ACCOUNT_ID,45347,45359,"GDPR_Art5_1b, DPDPA_S8"
tenant-a_log_02.json,123456789012,AWS_ACCOUNT_ID,46214,46226,"GDPR_Art5_1b, DPDPA_S8"
tenant-a_log_02.json,123456789012,AWS_ACCOUNT_ID,46378,46390,"GDPR_Art5_1b, DPDPA_S8"
tenant-a_log_02.json,123456789012,AWS_ACCOUNT_ID,46631,46643,"GDPR_Art5_1b, DPDPA_S8"
tenant-a_log_02.json,123456789012,AWS_ACCOUNT_ID,47498,47510,"GDPR_Art5_1b, DPDPA_S8"
tenant-a_log_02.json,123456789012,AWS_ACCOUNT_ID,47662,47674,"GDPR_Art5_1b, DPDPA_S8"
tenant-a_log_02.json,123456789012,AWS_ACCOUNT_ID,47916,47928,"GDPR_Art5_1b, DPDPA_S8"
tenant-a_log_02.json,123456789012,AWS_ACCOUNT_ID,48787,48799,"GDPR_Art5_1b, DPDPA_S8"
tenant-a_log_02.json,123456789012,AWS_ACCOUNT_ID,48951,48963,"GDPR_Art5_1b, DPDPA_S8"
tenant-a_log_02.json,123456789012,AWS_ACCOUNT_ID,49204,49216,"GDPR_Art5_1b, DPDPA_S8"
tenant-a_log_02.json,123456789012,AWS_ACCOUNT_ID,50074,50086,"GDPR_Art5_1b, DPDPA_S8"
tenant-a_log_02.json,123456789012,AWS_ACCOUNT_ID,50238,50250,"GDPR_Art5_1b, DPDPA_S8"
tenant-a_log_02.json,123456789012,AWS_ACCOUNT_ID,50491,50503,"GDPR_Art5_1b, DPDPA_S8"
tenant-a_log_02.json,123456789012,AWS_ACCOUNT_ID,51360,51372,"GDPR_Art5_1b, DPDPA_S8"
tenant-a_log_02.json,123456789012,AWS_ACCOUNT_ID,51524,51536,"GDPR_Art5_1b, DPDPA_S8"
tenant-a_log_03.json,carol.smith,PERSON,286,297,"GDPR_Art5_1a, DPDPA_S8"
tenant-a_log_03.json,bob.kumar,PERSON,1575,1584,"GDPR_Art5_1a, DPDPA_S8"
tenant-a_log_03.json,alice.chen,PERSON,2862,2872,"GDPR_Art5_1a, DPDPA_S8"
tenant-a_log_03.json,carol.smith,PERSON,4153,4164,"GDPR_Art5_1a, DPDPA_S8"
tenant-a_log_03.json,bob.kumar,PERSON,5445,5454,"GDPR_Art5_1a, DPDPA_S8"
tenant-a_log_03.json,alice.chen,PERSON,6728,6738,"GDPR_Art5_1a, DPDPA_S8"
tenant-a_log_03.json,bob.kumar,PERSON,8016,8025,"GDPR_Art5_1a, DPDPA_S8"
tenant-a_log_03.json,carol.smith,PERSON,9301,9312,"GDPR_Art5_1a, DPDPA_S8"
tenant-a_log_03.json,bob.kumar,PERSON,10586,10595,"GDPR_Art5_1a, DPDPA_S8"
tenant-a_log_03.json,bob.kumar,PERSON,11877,11886,"GDPR_Art5_1a, DPDPA_S8"
tenant-a_log_03.json,alice.chen,PERSON,13161,13171,"GDPR_Art5_1a, DPDPA_S8"
tenant-a_log_03.json,bob.kumar,PERSON,14448,14457,"GDPR_Art5_1a, DPDPA_S8"
tenant-a_log_03.json,alice.chen,PERSON,15741,15751,"GDPR_Art5_1a, DPDPA_S8"
tenant-a_log_03.json,alice.chen,PERSON,17027,17037,"GDPR_Art5_1a, DPDPA_S8"
tenant-a_log_03.json,alice.chen,PERSON,18317,18327,"GDPR_Art5_1a, DPDPA_S8"
tenant-a_log_03.json,alice.chen,PERSON,19604,19614,"GDPR_Art5_1a, DPDPA_S8"
tenant-a_log_03.json,carol.smith,PERSON,20888,20899,"GDPR_Art5_1a, DPDPA_S8"
tenant-a_log_03.json,bob.kumar,PERSON,22171,22180,"GDPR_Art5_1a, DPDPA_S8"
tenant-a_log_03.json,alice.chen,PERSON,23459,23469,"GDPR_Art5_1a, DPDPA_S8"
tenant-a_log_03.json,alice.chen,PERSON,24745,24755,"GDPR_Art5_1a, DPDPA_S8"
tenant-a_log_03.json,carol.smith,PERSON,26034,26045,"GDPR_Art5_1a, DPDPA_S8"
tenant-a_log_03.json,bob.kumar,PERSON,27323,27332,"GDPR_Art5_1a, DPDPA_S8"
tenant-a_log_03.json,bob.kumar,PERSON,28612,28621,"GDPR_Art5_1a, DPDPA_S8"
tenant-a_log_03.json,bob.kumar,PERSON,29899,29908,"GDPR_Art5_1a, DPDPA_S8"
tenant-a_log_03.json,carol.smith,PERSON,31188,31199,"GDPR_Art5_1a, DPDPA_S8"
tenant-a_log_03.json,bob.kumar,PERSON,32475,32484,"GDPR_Art5_1a, DPDPA_S8"
tenant-a_log_03.json,bob.kumar,PERSON,33765,33774,"GDPR_Art5_1a, DPDPA_S8"
tenant-a_log_03.json,alice.chen,PERSON,35054,35064,"GDPR_Art5_1a, DPDPA_S8"
tenant-a_log_03.json,carol.smith,PERSON,36348,36359,"GDPR_Art5_1a, DPDPA_S8"
tenant-a_log_03.json,carol.smith,PERSON,37639,37650,"GDPR_Art5_1a, DPDPA_S8"
tenant-a_log_03.json,alice.chen,PERSON,38926,38936,"GDPR_Art5_1a, DPDPA_S8"
tenant-a_log_03.json,alice.chen,PERSON,40212,40222,"GDPR_Art5_1a, DPDPA_S8"
tenant-a_log_03.json,alice.chen,PERSON,41494,41504,"GDPR_Art5_1a, DPDPA_S8"
tenant-a_log_03.json,bob.kumar,PERSON,42775,42784,"GDPR_Art5_1a, DPDPA_S8"
tenant-a_log_03.json,alice.chen,PERSON,44057,44067,"GDPR_Art5_1a, DPDPA_S8"
tenant-a_log_03.json,carol.smith,PERSON,45343,45354,"GDPR_Art5_1a, DPDPA_S8"
tenant-a_log_03.json,alice.chen,PERSON,46626,46636,"GDPR_Art5_1a, DPDPA_S8"
tenant-a_log_03.json,alice.chen,PERSON,47909,47919,"GDPR_Art5_1a, DPDPA_S8"
tenant-a_log_03.json,carol.smith,PERSON,49196,49207,"GDPR_Art5_1a, DPDPA_S8"
tenant-a_log_03.json,carol.smith,PERSON,50490,50501,"GDPR_Art5_1a, DPDPA_S8"
tenant-a_log_03.json,80.80.192.88,IP_ADDRESS,685,697,"GDPR_Art5_1b, DPDPA_S8"
tenant-a_log_03.json,170.111.82.177,IP_ADDRESS,1972,1986,"GDPR_Art5_1b, DPDPA_S8"
tenant-a_log_03.json,178.90.180.174,IP_ADDRESS,3260,3274,"GDPR_Art5_1b, DPDPA_S8"
tenant-a_log_03.json,54.127.179.64,IP_ADDRESS,4552,4565,"GDPR_Art5_1b, DPDPA_S8"
tenant-a_log_03.json,94.253.34.38,IP_ADDRESS,5842,5854,"GDPR_Art5_1b, DPDPA_S8"
tenant-a_log_03.json,158.44.38.188,IP_ADDRESS,7126,7139,"GDPR_Art5_1b, DPDPA_S8"
tenant-a_log_03.json,108.219.1.242,IP_ADDRESS,8413,8426,"GDPR_Art5_1b, DPDPA_S8"
tenant-a_log_03.json,50.93.97.252,IP_ADDRESS,9700,9712,"GDPR_Art5_1b, DPDPA_S8"
tenant-a_log_03.json,184.118.233.181,IP_ADDRESS,10983,10998,"GDPR_Art5_1b, DPDPA_S8"
tenant-a_log_03.json,167.28.45.114,IP_ADDRESS,12274,12287,"GDPR_Art5_1b, DPDPA_S8"
tenant-a_log_03.json,83.184.17.142,IP_ADDRESS,13559,13572,"GDPR_Art5_1b, DPDPA_S8"
tenant-a_log_03.json,119.59.24.95,IP_ADDRESS,14845,14857,"GDPR_Art5_1b, DPDPA_S8"
tenant-a_log_03.json,6.194.180.228,IP_ADDRESS,16139,16152,"GDPR_Art5_1b, DPDPA_S8"
tenant-a_log_03.json,18.15.137.220,IP_ADDRESS,17425,17438,"GDPR_Art5_1b, DPDPA_S8"
tenant-a_log_03.json,215.51.52.227,IP_ADDRESS,18715,18728,"GDPR_Art5_1b, DPDPA_S8"
tenant-a_log_03.json,16.217.233.83,IP_ADDRESS,20002,20015,"GDPR_Art5_1b, DPDPA_S8"
tenant-a_log_03.json,99.236.91.93,IP_ADDRESS,21287,21299,"GDPR_Art5_1b, DPDPA_S8"
tenant-a_log_03.json,126.8.76.15,IP_ADDRESS,22568,22579,"GDPR_Art5_1b, DPDPA_S8"
tenant-a_log_03.json,8.253.236.225,IP_ADDRESS,23857,23870,"GDPR_Art5_1b, DPDPA_S8"
tenant-a_log_03.json,130.93.139.199,IP_ADDRESS,25143,25157,"GDPR_Art5_1b, DPDPA_S8"
tenant-a_log_03.json,12.198.103.210,IP_ADDRESS,26433,26447,"GDPR_Art5_1b, DPDPA_S8"
tenant-a_log_03.json,41.104.196.217,IP_ADDRESS,27720,27734,"GDPR_Art5_1b, DPDPA_S8"
tenant-a_log_03.json,43.126.180.129,IP_ADDRESS,29009,29023,"GDPR_Art5_1b, DPDPA_S8"
tenant-a_log_03.json,13.239.139.14,IP_ADDRESS,30296,30309,"GDPR_Art5_1b, DPDPA_S8"
tenant-a_log_03.json,106.73.24.137,IP_ADDRESS,31587,31600,"GDPR_Art5_1b, DPDPA_S8"
tenant-a_log_03.json,142.55.166.160,IP_ADDRESS,32872,32886,"GDPR_Art5_1b, DPDPA_S8"
tenant-a_log_03.json,55.191.176.113,IP_ADDRESS,34162,34176,"GDPR_Art5_1b, DPDPA_S8"
tenant-a_log_03.json,65.133.200.160,IP_ADDRESS,35452,35466,"GDPR_Art5_1b, DPDPA_S8"
tenant-a_log_03.json,86.143.44.208,IP_ADDRESS,36747,36760,"GDPR_Art5_1b, DPDPA_S8"
tenant-a_log_03.json,182.59.52.206,IP_ADDRESS,38038,38051,"GDPR_Art5_1b, DPDPA_S8"
tenant-a_log_03.json,130.29.154.124,IP_ADDRESS,39321,39335,"GDPR_Art5_1b, DPDPA_S8"
tenant-a_log_03.json,86.201.66.90,IP_ADDRESS,40607,40619,"GDPR_Art5_1b, DPDPA_S8"
tenant-a_log_03.json,61.114.214.10,IP_ADDRESS,41889,41902,"GDPR_Art5_1b, DPDPA_S8"
tenant-a_log_03.json,111.15.118.242,IP_ADDRESS,43169,43183,"GDPR_Art5_1b, DPDPA_S8"
tenant-a_log_03.json,29.71.225.154,IP_ADDRESS,44452,44465,"GDPR_Art5_1b, DPDPA_S8"
tenant-a_log_03.json,223.250.104.14,IP_ADDRESS,45739,45753,"GDPR_Art5_1b, DPDPA_S8"
tenant-a_log_03.json,113.139.243.220,IP_ADDRESS,47021,47036,"GDPR_Art5_1b, DPDPA_S8"
tenant-a_log_03.json,38.149.158.78,IP_ADDRESS,48304,48317,"GDPR_Art5_1b, DPDPA_S8"
tenant-a_log_03.json,202.132.106.215,IP_ADDRESS,49592,49607,"GDPR_Art5_1b, DPDPA_S8"
tenant-a_log_03.json,114.51.3.200,IP_ADDRESS,50886,50898,"GDPR_Art5_1b, DPDPA_S8"
tenant-a_log_03.json,arn:aws:iam::123456789012:user/carol.smith,AWS_ARN,183,225,"GDPR_Art5_1b, DPDPA_S8"
tenant-a_log_03.json,arn:aws:s3:::tenant-a-backup,AWS_ARN,1068,1096,"GDPR_Art5_1b, DPDPA_S8"
tenant-a_log_03.json,arn:aws:iam::123456789012:user/bob.kumar,AWS_ARN,1474,1514,"GDPR_Art5_1b, DPDPA_S8"
tenant-a_log_03.json,arn:aws:s3:::tenant-a-backup,AWS_ARN,2354,2382,"GDPR_Art5_1b, DPDPA_S8"
tenant-a_log_03.json,arn:aws:iam::123456789012:user/alice.chen,AWS_ARN,2760,2801,"GDPR_Art5_1b, DPDPA_S8"
tenant-a_log_03.json,arn:aws:s3:::tenant-a-backup,AWS_ARN,3644,3672,"GDPR_Art5_1b, DPDPA_S8"
tenant-a_log_03.json,arn:aws:iam::123456789012:user/carol.smith,AWS_ARN,4050,4092,"GDPR_Art5_1b, DPDPA_S8"
tenant-a_log_03.json,arn:aws:s3:::tenant-a-backup,AWS_ARN,4938,4966,"GDPR_Art5_1b, DPDPA_S8"
tenant-a_log_03.json,arn:aws:iam::123456789012:user/bob.kumar,AWS_ARN,5344,5384,"GDPR_Art5_1b, DPDPA_S8"
tenant-a_log_03.json,arn:aws:s3:::tenant-a-data,AWS_ARN,6222,6248,"GDPR_Art5_1b, DPDPA_S8"
tenant-a_log_03.json,arn:aws:iam::123456789012:user/alice.chen,AWS_ARN,6626,6667,"GDPR_Art5_1b, DPDPA_S8"
tenant-a_log_03.json,arn:aws:s3:::tenant-a-backup,AWS_ARN,7509,7537,"GDPR_Art5_1b, DPDPA_S8"
tenant-a_log_03.json,arn:aws:iam::123456789012:user/bob.kumar,AWS_ARN,7915,7955,"GDPR_Art5_1b, DPDPA_S8"
tenant-a_log_03.json,arn:aws:s3:::tenant-a-data,AWS_ARN,8794,8820,"GDPR_Art5_1b, DPDPA_S8"
tenant-a_log_03.json,arn:aws:iam::123456789012:user/carol.smith,AWS_ARN,9198,9240,"GDPR_Art5_1b, DPDPA_S8"
tenant-a_log_03.json,arn:aws:s3:::tenant-a-data,AWS_ARN,10081,10107,"GDPR_Art5_1b, DPDPA_S8"
tenant-a_log_03.json,arn:aws:iam::123456789012:user/bob.kumar,AWS_ARN,10485,10525,"GDPR_Art5_1b, DPDPA_S8"
tenant-a_log_03.json,arn:aws:s3:::tenant-a-backup,AWS_ARN,11370,11398,"GDPR_Art5_1b, DPDPA_S8"
tenant-a_log_03.json,arn:aws:iam::123456789012:user/bob.kumar,AWS_ARN,11776,11816,"GDPR_Art5_1b, DPDPA_S8"
tenant-a_log_03.json,arn:aws:s3:::tenant-a-data,AWS_ARN,12655,12681,"GDPR_Art5_1b, DPDPA_S8"
tenant-a_log_03.json,arn:aws:iam::123456789012:user/alice.chen,AWS_ARN,13059,13100,"GDPR_Art5_1b, DPDPA_S8"
tenant-a_log_03.json,arn:aws:s3:::tenant-a-backup,AWS_ARN,13941,13969,"GDPR_Art5_1b, DPDPA_S8"
tenant-a_log_03.json,arn:aws:iam::123456789012:user/bob.kumar,AWS_ARN,14347,14387,"GDPR_Art5_1b, DPDPA_S8"
tenant-a_log_03.json,arn:aws:s3:::tenant-a-backup,AWS_ARN,15233,15261,"GDPR_Art5_1b, DPDPA_S8"
tenant-a_log_03.json,arn:aws:iam::123456789012:user/alice.chen,AWS_ARN,15639,15680,"GDPR_Art5_1b, DPDPA_S8"
tenant-a_log_03.json,arn:aws:s3:::tenant-a-data,AWS_ARN,16521,16547,"GDPR_Art5_1b, DPDPA_S8"
tenant-a_log_03.json,arn:aws:iam::123456789012:user/alice.chen,AWS_ARN,16925,16966,"GDPR_Art5_1b, DPDPA_S8"
tenant-a_log_03.json,arn:aws:s3:::tenant-a-backup,AWS_ARN,17809,17837,"GDPR_Art5_1b, DPDPA_S8"
tenant-a_log_03.json,arn:aws:iam::123456789012:user/alice.chen,AWS_ARN,18215,18256,"GDPR_Art5_1b, DPDPA_S8"
tenant-a_log_03.json,arn:aws:s3:::tenant-a-data,AWS_ARN,19098,19124,"GDPR_Art5_1b, DPDPA_S8"
tenant-a_log_03.json,arn:aws:iam::123456789012:user/alice.chen,AWS_ARN,19502,19543,"GDPR_Art5_1b, DPDPA_S8"
tenant-a_log_03.json,arn:aws:s3:::tenant-a-data,AWS_ARN,20381,20407,"GDPR_Art5_1b, DPDPA_S8"
tenant-a_log_03.json,arn:aws:iam::123456789012:user/carol.smith,AWS_ARN,20785,20827,"GDPR_Art5_1b, DPDPA_S8"
tenant-a_log_03.json,arn:aws:s3:::tenant-a-data,AWS_ARN,21666,21692,"GDPR_Art5_1b, DPDPA_S8"
tenant-a_log_03.json,arn:aws:iam::123456789012:user/bob.kumar,AWS_ARN,22070,22110,"GDPR_Art5_1b, DPDPA_S8"
tenant-a_log_03.json,arn:aws:s3:::tenant-a-backup,AWS_ARN,22951,22979,"GDPR_Art5_1b, DPDPA_S8"
tenant-a_log_03.json,arn:aws:iam::123456789012:user/alice.chen,AWS_ARN,23357,23398,"GDPR_Art5_1b, DPDPA_S8"
tenant-a_log_03.json,arn:aws:s3:::tenant-a-data,AWS_ARN,24239,24265,"GDPR_Art5_1b, DPDPA_S8"
tenant-a_log_03.json,arn:aws:iam::123456789012:user/alice.chen,AWS_ARN,24643,24684,"GDPR_Art5_1b, DPDPA_S8"
tenant-a_log_03.json,arn:aws:s3:::tenant-a-backup,AWS_ARN,25525,25553,"GDPR_Art5_1b, DPDPA_S8"
tenant-a_log_03.json,arn:aws:iam::123456789012:user/carol.smith,AWS_ARN,25931,25973,"GDPR_Art5_1b, DPDPA_S8"
tenant-a_log_03.json,arn:aws:s3:::tenant-a-backup,AWS_ARN,26816,26844,"GDPR_Art5_1b, DPDPA_S8"
tenant-a_log_03.json,arn:aws:iam::123456789012:user/bob.kumar,AWS_ARN,27222,27262,"GDPR_Art5_1b, DPDPA_S8"
tenant-a_log_03.json,arn:aws:s3:::tenant-a-backup,AWS_ARN,28105,28133,"GDPR_Art5_1b, DPDPA_S8"
tenant-a_log_03.json,arn:aws:iam::123456789012:user/bob.kumar,AWS_ARN,28511,28551,"GDPR_Art5_1b, DPDPA_S8"
tenant-a_log_03.json,arn:aws:s3:::tenant-a-backup,AWS_ARN,29392,29420,"GDPR_Art5_1b, DPDPA_S8"
tenant-a_log_03.json,arn:aws:iam::123456789012:user/bob.kumar,AWS_ARN,29798,29838,"GDPR_Art5_1b, DPDPA_S8"
tenant-a_log_03.json,arn:aws:s3:::tenant-a-data,AWS_ARN,30681,30707,"GDPR_Art5_1b, DPDPA_S8"
tenant-a_log_03.json,arn:aws:iam::123456789012:user/carol.smith,AWS_ARN,31085,31127,"GDPR_Art5_1b, DPDPA_S8"
tenant-a_log_03.json,arn:aws:s3:::tenant-a-data,AWS_ARN,31970,31996,"GDPR_Art5_1b, DPDPA_S8"
tenant-a_log_03.json,arn:aws:iam::123456789012:user/bob.kumar,AWS_ARN,32374,32414,"GDPR_Art5_1b, DPDPA_S8"
tenant-a_log_03.json,arn:aws:s3:::tenant-a-backup,AWS_ARN,33258,33286,"GDPR_Art5_1b, DPDPA_S8"
tenant-a_log_03.json,arn:aws:iam::123456789012:user/bob.kumar,AWS_ARN,33664,33704,"GDPR_Art5_1b, DPDPA_S8"
tenant-a_log_03.json,arn:aws:s3:::tenant-a-backup,AWS_ARN,34546,34574,"GDPR_Art5_1b, DPDPA_S8"
tenant-a_log_03.json,arn:aws:iam::123456789012:user/alice.chen,AWS_ARN,34952,34993,"GDPR_Art5_1b, DPDPA_S8"
tenant-a_log_03.json,arn:aws:s3:::tenant-a-backup,AWS_ARN,35839,35867,"GDPR_Art5_1b, DPDPA_S8"
tenant-a_log_03.json,arn:aws:iam::123456789012:user/carol.smith,AWS_ARN,36245,36287,"GDPR_Art5_1b, DPDPA_S8"
tenant-a_log_03.json,arn:aws:s3:::tenant-a-backup,AWS_ARN,37130,37158,"GDPR_Art5_1b, DPDPA_S8"
tenant-a_log_03.json,arn:aws:iam::123456789012:user/carol.smith,AWS_ARN,37536,37578,"GDPR_Art5_1b, DPDPA_S8"
tenant-a_log_03.json,arn:aws:s3:::tenant-a-backup,AWS_ARN,38418,38446,"GDPR_Art5_1b, DPDPA_S8"
tenant-a_log_03.json,arn:aws:iam::123456789012:user/alice.chen,AWS_ARN,38824,38865,"GDPR_Art5_1b, DPDPA_S8"
tenant-a_log_03.json,arn:aws:s3:::tenant-a-backup,AWS_ARN,39704,39732,"GDPR_Art5_1b, DPDPA_S8"
tenant-a_log_03.json,arn:aws:iam::123456789012:user/alice.chen,AWS_ARN,40110,40151,"GDPR_Art5_1b, DPDPA_S8"
tenant-a_log_03.json,arn:aws:s3:::tenant-a-backup,AWS_ARN,40986,41014,"GDPR_Art5_1b, DPDPA_S8"
tenant-a_log_03.json,arn:aws:iam::123456789012:user/alice.chen,AWS_ARN,41392,41433,"GDPR_Art5_1b, DPDPA_S8"
tenant-a_log_03.json,arn:aws:s3:::tenant-a-data,AWS_ARN,42270,42296,"GDPR_Art5_1b, DPDPA_S8"
tenant-a_log_03.json,arn:aws:iam::123456789012:user/bob.kumar,AWS_ARN,42674,42714,"GDPR_Art5_1b, DPDPA_S8"
tenant-a_log_03.json,arn:aws:s3:::tenant-a-data,AWS_ARN,43551,43577,"GDPR_Art5_1b, DPDPA_S8"
tenant-a_log_03.json,arn:aws:iam::123456789012:user/alice.chen,AWS_ARN,43955,43996,"GDPR_Art5_1b, DPDPA_S8"
tenant-a_log_03.json,arn:aws:s3:::tenant-a-backup,AWS_ARN,44834,44862,"GDPR_Art5_1b, DPDPA_S8"
tenant-a_log_03.json,arn:aws:iam::123456789012:user/carol.smith,AWS_ARN,45240,45282,"GDPR_Art5_1b, DPDPA_S8"
tenant-a_log_03.json,arn:aws:s3:::tenant-a-data,AWS_ARN,46120,46146,"GDPR_Art5_1b, DPDPA_S8"
tenant-a_log_03.json,arn:aws:iam::123456789012:user/alice.chen,AWS_ARN,46524,46565,"GDPR_Art5_1b, DPDPA_S8"
tenant-a_log_03.json,arn:aws:s3:::tenant-a-data,AWS_ARN,47403,47429,"GDPR_Art5_1b, DPDPA_S8"
tenant-a_log_03.json,arn:aws:iam::123456789012:user/alice.chen,AWS_ARN,47807,47848,"GDPR_Art5_1b, DPDPA_S8"
tenant-a_log_03.json,arn:aws:s3:::tenant-a-data,AWS_ARN,48689,48715,"GDPR_Art5_1b, DPDPA_S8"
tenant-a_log_03.json,arn:aws:iam::123456789012:user/carol.smith,AWS_ARN,49093,49135,"GDPR_Art5_1b, DPDPA_S8"
tenant-a_log_03.json,arn:aws:s3:::tenant-a-backup,AWS_ARN,49981,50009,"GDPR_Art5_1b, DPDPA_S8"
tenant-a_log_03.json,arn:aws:iam::123456789012:user/carol.smith,AWS_ARN,50387,50429,"GDPR_Art5_1b, DPDPA_S8"
tenant-a_log_03.json,arn:aws:s3:::tenant-a-backup,AWS_ARN,51265,51293,"GDPR_Art5_1b, DPDPA_S8"
tenant-a_log_03.json,123456789012,AWS_ACCOUNT_ID,250,262,"GDPR_Art5_1b, DPDPA_S8"
tenant-a_log_03.json,123456789012,AWS_ACCOUNT_ID,1123,1135,"GDPR_Art5_1b, DPDPA_S8"
tenant-a_log_03.json,123456789012,AWS_ACCOUNT_ID,1287,1299,"GDPR_Art5_1b, DPDPA_S8"
tenant-a_log_03.json,123456789012,AWS_ACCOUNT_ID,1539,1551,"GDPR_Art5_1b, DPDPA_S8"
tenant-a_log_03.json,123456789012,AWS_ACCOUNT_ID,2409,2421,"GDPR_Art5_1b, DPDPA_S8"
tenant-a_log_03.json,123456789012,AWS_ACCOUNT_ID,2573,2585,"GDPR_Art5_1b, DPDPA_S8"
tenant-a_log_03.json,123456789012,AWS_ACCOUNT_ID,2826,2838,"GDPR_Art5_1b, DPDPA_S8"
tenant-a_log_03.json,123456789012,AWS_ACCOUNT_ID,3699,3711,"GDPR_Art5_1b, DPDPA_S8"
tenant-a_log_03.json,123456789012,AWS_ACCOUNT_ID,3863,3875,"GDPR_Art5_1b, DPDPA_S8"
tenant-a_log_03.json,123456789012,AWS_ACCOUNT_ID,4117,4129,"GDPR_Art5_1b, DPDPA_S8"
tenant-a_log_03.json,123456789012,AWS_ACCOUNT_ID,4993,5005,"GDPR_Art5_1b, DPDPA_S8"
tenant-a_log_03.json,123456789012,AWS_ACCOUNT_ID,5157,5169,"GDPR_Art5_1b, DPDPA_S8"
tenant-a_log_03.json,123456789012,AWS_ACCOUNT_ID,5409,5421,"GDPR_Art5_1b, DPDPA_S8"
tenant-a_log_03.json,123456789012,AWS_ACCOUNT_ID,6275,6287,"GDPR_Art5_1b, DPDPA_S8"
tenant-a_log_03.json,123456789012,AWS_ACCOUNT_ID,6439,6451,"GDPR_Art5_1b, DPDPA_S8"
tenant-a_log_03.json,123456789012,AWS_ACCOUNT_ID,6692,6704,"GDPR_Art5_1b, DPDPA_S8"
tenant-a_log_03.json,123456789012,AWS_ACCOUNT_ID,7564,7576,"GDPR_Art5_1b, DPDPA_S8"
tenant-a_log_03.json,123456789012,AWS_ACCOUNT_ID,7728,7740,"GDPR_Art5_1b, DPDPA_S8"
tenant-a_log_03.json,123456789012,AWS_ACCOUNT_ID,7980,7992,"GDPR_Art5_1b, DPDPA_S8"
tenant-a_log_03.json,123456789012,AWS_ACCOUNT_ID,8847,8859,"GDPR_Art5_1b, DPDPA_S8"
tenant-a_log_03.json,123456789012,AWS_ACCOUNT_ID,9011,9023,"GDPR_Art5_1b, DPDPA_S8"
tenant-a_log_03.json,123456789012,AWS_ACCOUNT_ID,9265,9277,"GDPR_Art5_1b, DPDPA_S8"
tenant-a_log_03.json,123456789012,AWS_ACCOUNT_ID,10134,10146,"GDPR_Art5_1b, DPDPA_S8"
tenant-a_log_03.json,123456789012,AWS_ACCOUNT_ID,10298,10310,"GDPR_Art5_1b, DPDPA_S8"
tenant-a_log_03.json,123456789012,AWS_ACCOUNT_ID,10550,10562,"GDPR_Art5_1b, DPDPA_S8"
tenant-a_log_03.json,123456789012,AWS_ACCOUNT_ID,11425,11437,"GDPR_Art5_1b, DPDPA_S8"
tenant-a_log_03.json,123456789012,AWS_ACCOUNT_ID,11589,11601,"GDPR_Art5_1b, DPDPA_S8"
tenant-a_log_03.json,123456789012,AWS_ACCOUNT_ID,11841,11853,"GDPR_Art5_1b, DPDPA_S8"
tenant-a_log_03.json,123456789012,AWS_ACCOUNT_ID,12708,12720,"GDPR_Art5_1b, DPDPA_S8"
tenant-a_log_03.json,123456789012,AWS_ACCOUNT_ID,12872,12884,"GDPR_Art5_1b, DPDPA_S8"
tenant-a_log_03.json,123456789012,AWS_ACCOUNT_ID,13125,13137,"GDPR_Art5_1b, DPDPA_S8"
tenant-a_log_03.json,123456789012,AWS_ACCOUNT_ID,13996,14008,"GDPR_Art5_1b, DPDPA_S8"
tenant-a_log_03.json,123456789012,AWS_ACCOUNT_ID,14160,14172,"GDPR_Art5_1b, DPDPA_S8"
tenant-a_log_03.json,123456789012,AWS_ACCOUNT_ID,14412,14424,"GDPR_Art5_1b, DPDPA_S8"
tenant-a_log_03.json,123456789012,AWS_ACCOUNT_ID,15288,15300,"GDPR_Art5_1b, DPDPA_S8"
tenant-a_log_03.json,123456789012,AWS_ACCOUNT_ID,15452,15464,"GDPR_Art5_1b, DPDPA_S8"
tenant-a_log_03.json,123456789012,AWS_ACCOUNT_ID,15705,15717,"GDPR_Art5_1b, DPDPA_S8"
tenant-a_log_03.json,123456789012,AWS_ACCOUNT_ID,16574,16586,"GDPR_Art5_1b, DPDPA_S8"
tenant-a_log_03.json,123456789012,AWS_ACCOUNT_ID,16738,16750,"GDPR_Art5_1b, DPDPA_S8"
tenant-a_log_03.json,123456789012,AWS_ACCOUNT_ID,16991,17003,"GDPR_Art5_1b, DPDPA_S8"
tenant-a_log_03.json,123456789012,AWS_ACCOUNT_ID,17864,17876,"GDPR_Art5_1b, DPDPA_S8"
tenant-a_log_03.json,123456789012,AWS_ACCOUNT_ID,18028,18040,"GDPR_Art5_1b, DPDPA_S8"
tenant-a_log_03.json,123456789012,AWS_ACCOUNT_ID,18281,18293,"GDPR_Art5_1b, DPDPA_S8"
tenant-a_log_03.json,123456789012,AWS_ACCOUNT_ID,19151,19163,"GDPR_Art5_1b, DPDPA_S8"
tenant-a_log_03.json,123456789012,AWS_ACCOUNT_ID,19315,19327,"GDPR_Art5_1b, DPDPA_S8"
tenant-a_log_03.json,123456789012,AWS_ACCOUNT_ID,19568,19580,"GDPR_Art5_1b, DPDPA_S8"
tenant-a_log_03.json,123456789012,AWS_ACCOUNT_ID,20434,20446,"GDPR_Art5_1b, DPDPA_S8"
tenant-a_log_03.json,123456789012,AWS_ACCOUNT_ID,20598,20610,"GDPR_Art5_1b, DPDPA_S8"
tenant-a_log_03.json,123456789012,AWS_ACCOUNT_ID,20852,20864,"GDPR_Art5_1b, DPDPA_S8"
tenant-a_log_03.json,123456789012,AWS_ACCOUNT_ID,21719,21731,"GDPR_Art5_1b, DPDPA_S8"
tenant-a_log_03.json,123456789012,AWS_ACCOUNT_ID,21883,21895,"GDPR_Art5_1b, DPDPA_S8"
tenant-a_log_03.json,123456789012,AWS_ACCOUNT_ID,22135,22147,"GDPR_Art5_1b, DPDPA_S8"
tenant-a_log_03.json,123456789012,AWS_ACCOUNT_ID,23006,23018,"GDPR_Art5_1b, DPDPA_S8"
tenant-a_log_03.json,123456789012,AWS_ACCOUNT_ID,23170,23182,"GDPR_Art5_1b, DPDPA_S8"
tenant-a_log_03.json,123456789012,AWS_ACCOUNT_ID,23423,23435,"GDPR_Art5_1b, DPDPA_S8"
tenant-a_log_03.json,123456789012,AWS_ACCOUNT_ID,24292,24304,"GDPR_Art5_1b, DPDPA_S8"
tenant-a_log_03.json,123456789012,AWS_ACCOUNT_ID,24456,24468,"GDPR_Art5_1b, DPDPA_S8"
tenant-a_log_03.json,123456789012,AWS_ACCOUNT_ID,24709,24721,"GDPR_Art5_1b, DPDPA_S8"
tenant-a_log_03.json,123456789012,AWS_ACCOUNT_ID,25580,25592,"GDPR_Art5_1b, DPDPA_S8"
tenant-a_log_03.json,123456789012,AWS_ACCOUNT_ID,25744,25756,"GDPR_Art5_1b, DPDPA_S8"
tenant-a_log_03.json,123456789012,AWS_ACCOUNT_ID,25998,26010,"GDPR_Art5_1b, DPDPA_S8"
tenant-a_log_03.json,123456789012,AWS_ACCOUNT_ID,26871,26883,"GDPR_Art5_1b, DPDPA_S8"
tenant-a_log_03.json,123456789012,AWS_ACCOUNT_ID,27035,27047,"GDPR_Art5_1b, DPDPA_S8"
tenant-a_log_03.json,123456789012,AWS_ACCOUNT_ID,27287,27299,"GDPR_Art5_1b, DPDPA_S8"
tenant-a_log_03.json,123456789012,AWS_ACCOUNT_ID,28160,28172,"GDPR_Art5_1b, DPDPA_S8"
tenant-a_log_03.json,123456789012,AWS_ACCOUNT_ID,28324,28336,"GDPR_Art5_1b, DPDPA_S8"
tenant-a_log_03.json,123456789012,AWS_ACCOUNT_ID,28576,28588,"GDPR_Art5_1b, DPDPA_S8"
tenant-a_log_03.json,123456789012,AWS_ACCOUNT_ID,29447,29459,"GDPR_Art5_1b, DPDPA_S8"
tenant-a_log_03.json,123456789012,AWS_ACCOUNT_ID,29611,29623,"GDPR_Art5_1b, DPDPA_S8"
tenant-a_log_03.json,123456789012,AWS_ACCOUNT_ID,29863,29875,"GDPR_Art5_1b, DPDPA_S8"
tenant-a_log_03.json,123456789012,AWS_ACCOUNT_ID,30734,30746,"GDPR_Art5_1b, DPDPA_S8"
tenant-a_log_03.json,123456789012,AWS_ACCOUNT_ID,30898,30910,"GDPR_Art5_1b, DPDPA_S8"
tenant-a_log_03.json,123456789012,AWS_ACCOUNT_ID,31152,31164,"GDPR_Art5_1b, DPDPA_S8"
tenant-a_log_03.json,123456789012,AWS_ACCOUNT_ID,32023,32035,"GDPR_Art5_1b, DPDPA_S8"
tenant-a_log_03.json,123456789012,AWS_ACCOUNT_ID,32187,32199,"GDPR_Art5_1b, DPDPA_S8"
tenant-a_log_03.json,123456789012,AWS_ACCOUNT_ID,32439,32451,"GDPR_Art5_1b, DPDPA_S8"
tenant-a_log_03.json,123456789012,AWS_ACCOUNT_ID,33313,33325,"GDPR_Art5_1b, DPDPA_S8"
tenant-a_log_03.json,123456789012,AWS_ACCOUNT_ID,33477,33489,"GDPR_Art5_1b, DPDPA_S8"
tenant-a_log_03.json,123456789012,AWS_ACCOUNT_ID,33729,33741,"GDPR_Art5_1b, DPDPA_S8"
tenant-a_log_03.json,123456789012,AWS_ACCOUNT_ID,34601,34613,"GDPR_Art5_1b, DPDPA_S8"
tenant-a_log_03.json,123456789012,AWS_ACCOUNT_ID,34765,34777,"GDPR_Art5_1b, DPDPA_S8"
tenant-a_log_03.json,123456789012,AWS_ACCOUNT_ID,35018,35030,"GDPR_Art5_1b, DPDPA_S8"
tenant-a_log_03.json,123456789012,AWS_ACCOUNT_ID,35894,35906,"GDPR_Art5_1b, DPDPA_S8"
tenant-a_log_03.json,123456789012,AWS_ACCOUNT_ID,36058,36070,"GDPR_Art5_1b, DPDPA_S8"
tenant-a_log_03.json,123456789012,AWS_ACCOUNT_ID,36312,36324,"GDPR_Art5_1b, DPDPA_S8"
tenant-a_log_03.json,123456789012,AWS_ACCOUNT_ID,37185,37197,"GDPR_Art5_1b, DPDPA_S8"
tenant-a_log_03.json,123456789012,AWS_ACCOUNT_ID,37349,37361,"GDPR_Art5_1b, DPDPA_S8"
tenant-a_log_03.json,123456789012,AWS_ACCOUNT_ID,37603,37615,"GDPR_Art5_1b, DPDPA_S8"
tenant-a_log_03.json,123456789012,AWS_ACCOUNT_ID,38473,38485,"GDPR_Art5_1b, DPDPA_S8"
tenant-a_log_03.json,123456789012,AWS_ACCOUNT_ID,38637,38649,"GDPR_Art5_1b, DPDPA_S8"
tenant-a_log_03.json,123456789012,AWS_ACCOUNT_ID,38890,38902,"GDPR_Art5_1b, DPDPA_S8"
tenant-a_log_03.json,123456789012,AWS_ACCOUNT_ID,39759,39771,"GDPR_Art5_1b, DPDPA_S8"
tenant-a_log_03.json,123456789012,AWS_ACCOUNT_ID,39923,39935,"GDPR_Art5_1b, DPDPA_S8"
tenant-a_log_03.json,123456789012,AWS_ACCOUNT_ID,40176,40188,"GDPR_Art5_1b, DPDPA_S8"
tenant-a_log_03.json,123456789012,AWS_ACCOUNT_ID,41041,41053,"GDPR_Art5_1b, DPDPA_S8"
tenant-a_log_03.json,123456789012,AWS_ACCOUNT_ID,41205,41217,"GDPR_Art5_1b, DPDPA_S8"
tenant-a_log_03.json,123456789012,AWS_ACCOUNT_ID,41458,41470,"GDPR_Art5_1b, DPDPA_S8"
tenant-a_log_03.json,123456789012,AWS_ACCOUNT_ID,42323,42335,"GDPR_Art5_1b, DPDPA_S8"
tenant-a_log_03.json,123456789012,AWS_ACCOUNT_ID,42487,42499,"GDPR_Art5_1b, DPDPA_S8"
tenant-a_log_03.json,123456789012,AWS_ACCOUNT_ID,42739,42751,"GDPR_Art5_1b, DPDPA_S8"
tenant-a_log_03.json,123456789012,AWS_ACCOUNT_ID,43604,43616,"GDPR_Art5_1b, DPDPA_S8"
tenant-a_log_03.json,123456789012,AWS_ACCOUNT_ID,43768,43780,"GDPR_Art5_1b, DPDPA_S8"
tenant-a_log_03.json,123456789012,AWS_ACCOUNT_ID,44021,44033,"GDPR_Art5_1b, DPDPA_S8"
tenant-a_log_03.json,123456789012,AWS_ACCOUNT_ID,44889,44901,"GDPR_Art5_1b, DPDPA_S8"
tenant-a_log_03.json,123456789012,AWS_ACCOUNT_ID,45053,45065,"GDPR_Art5_1b, DPDPA_S8"
tenant-a_log_03.json,123456789012,AWS_ACCOUNT_ID,45307,45319,"GDPR_Art5_1b, DPDPA_S8"
tenant-a_log_03.json,123456789012,AWS_ACCOUNT_ID,46173,46185,"GDPR_Art5_1b, DPDPA_S8"
tenant-a_log_03.json,123456789012,AWS_ACCOUNT_ID,46337,46349,"GDPR_Art5_1b, DPDPA_S8"
tenant-a_log_03.json,123456789012,AWS_ACCOUNT_ID,46590,46602,"GDPR_Art5_1b, DPDPA_S8"
tenant-a_log_03.json,123456789012,AWS_ACCOUNT_ID,47456,47468,"GDPR_Art5_1b, DPDPA_S8"
tenant-a_log_03.json,123456789012,AWS_ACCOUNT_ID,47620,47632,"GDPR_Art5_1b, DPDPA_S8"
tenant-a_log_03.json,123456789012,AWS_ACCOUNT_ID,47873,47885,"GDPR_Art5_1b, DPDPA_S8"
tenant-a_log_03.json,123456789012,AWS_ACCOUNT_ID,48742,48754,"GDPR_Art5_1b, DPDPA_S8"
tenant-a_log_03.json,123456789012,AWS_ACCOUNT_ID,48906,48918,"GDPR_Art5_1b, DPDPA_S8"
tenant-a_log_03.json,123456789012,AWS_ACCOUNT_ID,49160,49172,"GDPR_Art5_1b, DPDPA_S8"
tenant-a_log_03.json,123456789012,AWS_ACCOUNT_ID,50036,50048,"GDPR_Art5_1b, DPDPA_S8"
tenant-a_log_03.json,123456789012,AWS_ACCOUNT_ID,50200,50212,"GDPR_Art5_1b, DPDPA_S8"
tenant-a_log_03.json,123456789012,AWS_ACCOUNT_ID,50454,50466,"GDPR_Art5_1b, DPDPA_S8"
tenant-a_log_03.json,123456789012,AWS_ACCOUNT_ID,51320,51332,"GDPR_Art5_1b, DPDPA_S8"
tenant-a_log_03.json,123456789012,AWS_ACCOUNT_ID,51484,51496,"GDPR_Art5_1b, DPDPA_S8"
tenant-a_log_04.json,bob.kumar,PERSON,284,293,"GDPR_Art5_1a, DPDPA_S8"
tenant-a_log_04.json,carol.smith,PERSON,1575,1586,"GDPR_Art5_1a, DPDPA_S8"
tenant-a_log_04.json,bob.kumar,PERSON,2866,2875,"GDPR_Art5_1a, DPDPA_S8"
tenant-a_log_04.json,carol.smith,PERSON,4155,4166,"GDPR_Art5_1a, DPDPA_S8"
tenant-a_log_04.json,bob.kumar,PERSON,5444,5453,"GDPR_Art5_1a, DPDPA_S8"
tenant-a_log_04.json,bob.kumar,PERSON,6734,6743,"GDPR_Art5_1a, DPDPA_S8"
tenant-a_log_04.json,carol.smith,PERSON,8026,8037,"GDPR_Art5_1a, DPDPA_S8"
tenant-a_log_04.json,alice.chen,PERSON,9316,9326,"GDPR_Art5_1a, DPDPA_S8"
tenant-a_log_04.json,carol.smith,PERSON,10608,10619,"GDPR_Art5_1a, DPDPA_S8"
tenant-a_log_04.json,bob.kumar,PERSON,11894,11903,"GDPR_Art5_1a, DPDPA_S8"
tenant-a_log_04.json,carol.smith,PERSON,13188,13199,"GDPR_Art5_1a, DPDPA_S8"
tenant-a_log_04.json,alice.chen,PERSON,14477,14487,"GDPR_Art5_1a, DPDPA_S8"
tenant-a_log_04.json,alice.chen,PERSON,15775,15785,"GDPR_Art5_1a, DPDPA_S8"
tenant-a_log_04.json,bob.kumar,PERSON,17066,17075,"GDPR_Art5_1a, DPDPA_S8"
tenant-a_log_04.json,carol.smith,PERSON,18352,18363,"GDPR_Art5_1a, DPDPA_S8"
tenant-a_log_04.json,bob.kumar,PERSON,19641,19650,"GDPR_Art5_1a, DPDPA_S8"
tenant-a_log_04.json,carol.smith,PERSON,20929,20940,"GDPR_Art5_1a, DPDPA_S8"
tenant-a_log_04.json,carol.smith,PERSON,22225,22236,"GDPR_Art5_1a, DPDPA_S8"
tenant-a_log_04.json,carol.smith,PERSON,23519,23530,"GDPR_Art5_1a, DPDPA_S8"
tenant-a_log_04.json,bob.kumar,PERSON,24807,24816,"GDPR_Art5_1a, DPDPA_S8"
tenant-a_log_04.json,alice.chen,PERSON,26088,26098,"GDPR_Art5_1a, DPDPA_S8"
tenant-a_log_04.json,alice.chen,PERSON,27374,27384,"GDPR_Art5_1a, DPDPA_S8"
tenant-a_log_04.json,bob.kumar,PERSON,28661,28670,"GDPR_Art5_1a, DPDPA_S8"
tenant-a_log_04.json,bob.kumar,PERSON,29943,29952,"GDPR_Art5_1a, DPDPA_S8"
tenant-a_log_04.json,alice.chen,PERSON,31233,31243,"GDPR_Art5_1a, DPDPA_S8"
tenant-a_log_04.json,bob.kumar,PERSON,32523,32532,"GDPR_Art5_1a, DPDPA_S8"
tenant-a_log_04.json,alice.chen,PERSON,33808,33818,"GDPR_Art5_1a, DPDPA_S8"
tenant-a_log_04.json,bob.kumar,PERSON,35095,35104,"GDPR_Art5_1a, DPDPA_S8"
tenant-a_log_04.json,carol.smith,PERSON,36379,36390,"GDPR_Art5_1a, DPDPA_S8"
tenant-a_log_04.json,bob.kumar,PERSON,37667,37676,"GDPR_Art5_1a, DPDPA_S8"
tenant-a_log_04.json,bob.kumar,PERSON,38953,38962,"GDPR_Art5_1a, DPDPA_S8"
tenant-a_log_04.json,bob.kumar,PERSON,40231,40240,"GDPR_Art5_1a, DPDPA_S8"
tenant-a_log_04.json,alice.chen,PERSON,41518,41528,"GDPR_Art5_1a, DPDPA_S8"
tenant-a_log_04.json,carol.smith,PERSON,42802,42813,"GDPR_Art5_1a, DPDPA_S8"
tenant-a_log_04.json,alice.chen,PERSON,44087,44097,"GDPR_Art5_1a, DPDPA_S8"
tenant-a_log_04.json,bob.kumar,PERSON,45372,45381,"GDPR_Art5_1a, DPDPA_S8"
tenant-a_log_04.json,carol.smith,PERSON,46652,46663,"GDPR_Art5_1a, DPDPA_S8"
tenant-a_log_04.json,alice.chen,PERSON,47945,47955,"GDPR_Art5_1a, DPDPA_S8"
tenant-a_log_04.json,carol.smith,PERSON,49225,49236,"GDPR_Art5_1a, DPDPA_S8"
tenant-a_log_04.json,carol.smith,PERSON,50517,50528,"GDPR_Art5_1a, DPDPA_S8"
tenant-a_log_04.json,155.138.11.81,IP_ADDRESS,681,694,"GDPR_Art5_1b, DPDPA_S8"
tenant-a_log_04.json,29.173.99.12,IP_ADDRESS,1974,1986,"GDPR_Art5_1b, DPDPA_S8"
tenant-a_log_04.json,218.103.125.6,IP_ADDRESS,3263,3276,"GDPR_Art5_1b, DPDPA_S8"
tenant-a_log_04.json,178.155.243.183,IP_ADDRESS,4554,4569,"GDPR_Art5_1b, DPDPA_S8"
tenant-a_log_04.json,205.235.123.215,IP_ADDRESS,5841,5856,"GDPR_Art5_1b, DPDPA_S8"
tenant-a_log_04.json,135.46.205.34,IP_ADDRESS,7131,7144,"GDPR_Art5_1b, DPDPA_S8"
tenant-a_log_04.json,40.117.144.153,IP_ADDRESS,8425,8439,"GDPR_Art5_1b, DPDPA_S8"
tenant-a_log_04.json,41.162.110.195,IP_ADDRESS,9714,9728,"GDPR_Art5_1b, DPDPA_S8"
tenant-a_log_04.json,212.20.110.234,IP_ADDRESS,11007,11021,"GDPR_Art5_1b, DPDPA_S8"
tenant-a_log_04.json,172.92.119.181,IP_ADDRESS,12291,12305,"GDPR_Art5_1b, DPDPA_S8"
tenant-a_log_04.json,22.207.63.132,IP_ADDRESS,13587,13600,"GDPR_Art5_1b, DPDPA_S8"
tenant-a_log_04.json,101.127.219.124,IP_ADDRESS,14875,14890,"GDPR_Art5_1b, DPDPA_S8"
tenant-a_log_04.json,209.52.224.40,IP_ADDRESS,16173,16186,"GDPR_Art5_1b, DPDPA_S8"
tenant-a_log_04.json,20.135.120.19,IP_ADDRESS,17463,17476,"GDPR_Art5_1b, DPDPA_S8"
tenant-a_log_04.json,46.177.184.91,IP_ADDRESS,18751,18764,"GDPR_Art5_1b, DPDPA_S8"
tenant-a_log_04.json,219.223.11.145,IP_ADDRESS,20038,20052,"GDPR_Art5_1b, DPDPA_S8"
tenant-a_log_04.json,109.249.115.67,IP_ADDRESS,21328,21342,"GDPR_Art5_1b, DPDPA_S8"
tenant-a_log_04.json,113.191.248.28,IP_ADDRESS,22624,22638,"GDPR_Art5_1b, DPDPA_S8"
tenant-a_log_04.json,101.91.133.209,IP_ADDRESS,23918,23932,"GDPR_Art5_1b, DPDPA_S8"
tenant-a_log_04.json,207.5.9.254,IP_ADDRESS,25204,25215,"GDPR_Art5_1b, DPDPA_S8"
tenant-a_log_04.json,102.33.154.141,IP_ADDRESS,26486,26500,"GDPR_Art5_1b, DPDPA_S8"
tenant-a_log_04.json,215.77.240.15,IP_ADDRESS,27772,27785,"GDPR_Art5_1b, DPDPA_S8"
tenant-a_log_04.json,17.81.142.66,IP_ADDRESS,29058,29070,"GDPR_Art5_1b, DPDPA_S8"
tenant-a_log_04.json,32.44.127.83,IP_ADDRESS,30340,30352,"GDPR_Art5_1b, DPDPA_S8"
tenant-a_log_04.json,140.233.240.88,IP_ADDRESS,31631,31645,"GDPR_Art5_1b, DPDPA_S8"
tenant-a_log_04.json,52.242.225.18,IP_ADDRESS,32920,32933,"GDPR_Art5_1b, DPDPA_S8"
tenant-a_log_04.json,150.253.168.190,IP_ADDRESS,34206,34221,"GDPR_Art5_1b, DPDPA_S8"
tenant-a_log_04.json,109.76.28.112,IP_ADDRESS,35492,35505,"GDPR_Art5_1b, DPDPA_S8"
tenant-a_log_04.json,192.179.105.0,IP_ADDRESS,36778,36791,"GDPR_Art5_1b, DPDPA_S8"
tenant-a_log_04.json,179.133.97.68,IP_ADDRESS,38064,38077,"GDPR_Art5_1b, DPDPA_S8"
tenant-a_log_04.json,213.66.37.2,IP_ADDRESS,39347,39358,"GDPR_Art5_1b, DPDPA_S8"
tenant-a_log_04.json,57.30.73.198,IP_ADDRESS,40625,40637,"GDPR_Art5_1b, DPDPA_S8"
tenant-a_log_04.json,115.189.115.228,IP_ADDRESS,41913,41928,"GDPR_Art5_1b, DPDPA_S8"
tenant-a_log_04.json,84.157.200.162,IP_ADDRESS,43198,43212,"GDPR_Art5_1b, DPDPA_S8"
tenant-a_log_04.json,45.24.80.11,IP_ADDRESS,44482,44493,"GDPR_Art5_1b, DPDPA_S8"
tenant-a_log_04.json,20.200.145.79,IP_ADDRESS,45766,45779,"GDPR_Art5_1b, DPDPA_S8"
tenant-a_log_04.json,5.243.211.175,IP_ADDRESS,47048,47061,"GDPR_Art5_1b, DPDPA_S8"
tenant-a_log_04.json,90.66.145.219,IP_ADDRESS,48340,48353,"GDPR_Art5_1b, DPDPA_S8"
tenant-a_log_04.json,87.13.223.97,IP_ADDRESS,49621,49633,"GDPR_Art5_1b, DPDPA_S8"
tenant-a_log_04.json,22.111.134.173,IP_ADDRESS,50913,50927,"GDPR_Art5_1b, DPDPA_S8"
tenant-a_log_04.json,arn:aws:iam::123456789012:user/bob.kumar,AWS_ARN,183,223,"GDPR_Art5_1b, DPDPA_S8"
tenant-a_log_04.json,arn:aws:s3:::tenant-a-backup,AWS_ARN,1066,1094,"GDPR_Art5_1b, DPDPA_S8"
tenant-a_log_04.json,arn:aws:iam::123456789012:user/carol.smith,AWS_ARN,1472,1514,"GDPR_Art5_1b, DPDPA_S8"
tenant-a_log_04.json,arn:aws:s3:::tenant-a-backup,AWS_ARN,2359,2387,"GDPR_Art5_1b, DPDPA_S8"
tenant-a_log_04.json,arn:aws:iam::123456789012:user/bob.kumar,AWS_ARN,2765,2805,"GDPR_Art5_1b, DPDPA_S8"
tenant-a_log_04.json,arn:aws:s3:::tenant-a-backup,AWS_ARN,3646,3674,"GDPR_Art5_1b, DPDPA_S8"
tenant-a_log_04.json,arn:aws:iam::123456789012:user/carol.smith,AWS_ARN,4052,4094,"GDPR_Art5_1b, DPDPA_S8"
tenant-a_log_04.json,arn:aws:s3:::tenant-a-data,AWS_ARN,4939,4965,"GDPR_Art5_1b, DPDPA_S8"
tenant-a_log_04.json,arn:aws:iam::123456789012:user/bob.kumar,AWS_ARN,5343,5383,"GDPR_Art5_1b, DPDPA_S8"
tenant-a_log_04.json,arn:aws:s3:::tenant-a-data,AWS_ARN,6229,6255,"GDPR_Art5_1b, DPDPA_S8"
tenant-a_log_04.json,arn:aws:iam::123456789012:user/bob.kumar,AWS_ARN,6633,6673,"GDPR_Art5_1b, DPDPA_S8"
tenant-a_log_04.json,arn:aws:s3:::tenant-a-backup,AWS_ARN,7517,7545,"GDPR_Art5_1b, DPDPA_S8"
tenant-a_log_04.json,arn:aws:iam::123456789012:user/carol.smith,AWS_ARN,7923,7965,"GDPR_Art5_1b, DPDPA_S8"
tenant-a_log_04.json,arn:aws:s3:::tenant-a-backup,AWS_ARN,8808,8836,"GDPR_Art5_1b, DPDPA_S8"
tenant-a_log_04.json,arn:aws:iam::123456789012:user/alice.chen,AWS_ARN,9214,9255,"GDPR_Art5_1b, DPDPA_S8"
tenant-a_log_04.json,arn:aws:s3:::tenant-a-backup,AWS_ARN,10099,10127,"GDPR_Art5_1b, DPDPA_S8"
tenant-a_log_04.json,arn:aws:iam::123456789012:user/carol.smith,AWS_ARN,10505,10547,"GDPR_Art5_1b, DPDPA_S8"
tenant-a_log_04.json,arn:aws:s3:::tenant-a-data,AWS_ARN,11389,11415,"GDPR_Art5_1b, DPDPA_S8"
tenant-a_log_04.json,arn:aws:iam::123456789012:user/bob.kumar,AWS_ARN,11793,11833,"GDPR_Art5_1b, DPDPA_S8"
tenant-a_log_04.json,arn:aws:s3:::tenant-a-data,AWS_ARN,12681,12707,"GDPR_Art5_1b, DPDPA_S8"
tenant-a_log_04.json,arn:aws:iam::123456789012:user/carol.smith,AWS_ARN,13085,13127,"GDPR_Art5_1b, DPDPA_S8"
tenant-a_log_04.json,arn:aws:s3:::tenant-a-data,AWS_ARN,13971,13997,"GDPR_Art5_1b, DPDPA_S8"
tenant-a_log_04.json,arn:aws:iam::123456789012:user/alice.chen,AWS_ARN,14375,14416,"GDPR_Art5_1b, DPDPA_S8"
tenant-a_log_04.json,arn:aws:s3:::tenant-a-backup,AWS_ARN,15267,15295,"GDPR_Art5_1b, DPDPA_S8"
tenant-a_log_04.json,arn:aws:iam::123456789012:user/alice.chen,AWS_ARN,15673,15714,"GDPR_Art5_1b, DPDPA_S8"
tenant-a_log_04.json,arn:aws:s3:::tenant-a-backup,AWS_ARN,16559,16587,"GDPR_Art5_1b, DPDPA_S8"
tenant-a_log_04.json,arn:aws:iam::123456789012:user/bob.kumar,AWS_ARN,16965,17005,"GDPR_Art5_1b, DPDPA_S8"
tenant-a_log_04.json,arn:aws:s3:::tenant-a-backup,AWS_ARN,17843,17871,"GDPR_Art5_1b, DPDPA_S8"
tenant-a_log_04.json,arn:aws:iam::123456789012:user/carol.smith,AWS_ARN,18249,18291,"GDPR_Art5_1b, DPDPA_S8"
tenant-a_log_04.json,arn:aws:s3:::tenant-a-backup,AWS_ARN,19134,19162,"GDPR_Art5_1b, DPDPA_S8"
tenant-a_log_04.json,arn:aws:iam::123456789012:user/bob.kumar,AWS_ARN,19540,19580,"GDPR_Art5_1b, DPDPA_S8"
tenant-a_log_04.json,arn:aws:s3:::tenant-a-backup,AWS_ARN,20420,20448,"GDPR_Art5_1b, DPDPA_S8"
tenant-a_log_04.json,arn:aws:iam::123456789012:user/carol.smith,AWS_ARN,20826,20868,"GDPR_Art5_1b, DPDPA_S8"
tenant-a_log_04.json,arn:aws:s3:::tenant-a-backup,AWS_ARN,21716,21744,"GDPR_Art5_1b, DPDPA_S8"
tenant-a_log_04.json,arn:aws:iam::123456789012:user/carol.smith,AWS_ARN,22122,22164,"GDPR_Art5_1b, DPDPA_S8"
tenant-a_log_04.json,arn:aws:s3:::tenant-a-backup,AWS_ARN,23010,23038,"GDPR_Art5_1b, DPDPA_S8"
tenant-a_log_04.json,arn:aws:iam::123456789012:user/carol.smith,AWS_ARN,23416,23458,"GDPR_Art5_1b, DPDPA_S8"
tenant-a_log_04.json,arn:aws:s3:::tenant-a-data,AWS_ARN,24302,24328,"GDPR_Art5_1b, DPDPA_S8"
tenant-a_log_04.json,arn:aws:iam::123456789012:user/bob.kumar,AWS_ARN,24706,24746,"GDPR_Art5_1b, DPDPA_S8"
tenant-a_log_04.json,arn:aws:s3:::tenant-a-data,AWS_ARN,25582,25608,"GDPR_Art5_1b, DPDPA_S8"
tenant-a_log_04.json,arn:aws:iam::123456789012:user/alice.chen,AWS_ARN,25986,26027,"GDPR_Art5_1b, DPDPA_S8"
tenant-a_log_04.json,arn:aws:s3:::tenant-a-data,AWS_ARN,26868,26894,"GDPR_Art5_1b, DPDPA_S8"
tenant-a_log_04.json,arn:aws:iam::123456789012:user/alice.chen,AWS_ARN,27272,27313,"GDPR_Art5_1b, DPDPA_S8"
tenant-a_log_04.json,arn:aws:s3:::tenant-a-backup,AWS_ARN,28154,28182,"GDPR_Art5_1b, DPDPA_S8"
tenant-a_log_04.json,arn:aws:iam::123456789012:user/bob.kumar,AWS_ARN,28560,28600,"GDPR_Art5_1b, DPDPA_S8"
tenant-a_log_04.json,arn:aws:s3:::tenant-a-data,AWS_ARN,29438,29464,"GDPR_Art5_1b, DPDPA_S8"
tenant-a_log_04.json,arn:aws:iam::123456789012:user/bob.kumar,AWS_ARN,29842,29882,"GDPR_Art5_1b, DPDPA_S8"
tenant-a_log_04.json,arn:aws:s3:::tenant-a-backup,AWS_ARN,30725,30753,"GDPR_Art5_1b, DPDPA_S8"
tenant-a_log_04.json,arn:aws:iam::123456789012:user/alice.chen,AWS_ARN,31131,31172,"GDPR_Art5_1b, DPDPA_S8"
tenant-a_log_04.json,arn:aws:s3:::tenant-a-backup,AWS_ARN,32016,32044,"GDPR_Art5_1b, DPDPA_S8"
tenant-a_log_04.json,arn:aws:iam::123456789012:user/bob.kumar,AWS_ARN,32422,32462,"GDPR_Art5_1b, DPDPA_S8"
tenant-a_log_04.json,arn:aws:s3:::tenant-a-data,AWS_ARN,33302,33328,"GDPR_Art5_1b, DPDPA_S8"
tenant-a_log_04.json,arn:aws:iam::123456789012:user/alice.chen,AWS_ARN,33706,33747,"GDPR_Art5_1b, DPDPA_S8"
tenant-a_log_04.json,arn:aws:s3:::tenant-a-data,AWS_ARN,34590,34616,"GDPR_Art5_1b, DPDPA_S8"
tenant-a_log_04.json,arn:aws:iam::123456789012:user/bob.kumar,AWS_ARN,34994,35034,"GDPR_Art5_1b, DPDPA_S8"
tenant-a_log_04.json,arn:aws:s3:::tenant-a-data,AWS_ARN,35872,35898,"GDPR_Art5_1b, DPDPA_S8"
tenant-a_log_04.json,arn:aws:iam::123456789012:user/carol.smith,AWS_ARN,36276,36318,"GDPR_Art5_1b, DPDPA_S8"
tenant-a_log_04.json,arn:aws:s3:::tenant-a-backup,AWS_ARN,37160,37188,"GDPR_Art5_1b, DPDPA_S8"
tenant-a_log_04.json,arn:aws:iam::123456789012:user/bob.kumar,AWS_ARN,37566,37606,"GDPR_Art5_1b, DPDPA_S8"
tenant-a_log_04.json,arn:aws:s3:::tenant-a-data,AWS_ARN,38448,38474,"GDPR_Art5_1b, DPDPA_S8"
tenant-a_log_04.json,arn:aws:iam::123456789012:user/bob.kumar,AWS_ARN,38852,38892,"GDPR_Art5_1b, DPDPA_S8"
tenant-a_log_04.json,arn:aws:s3:::tenant-a-data,AWS_ARN,39726,39752,"GDPR_Art5_1b, DPDPA_S8"
tenant-a_log_04.json,arn:aws:iam::123456789012:user/bob.kumar,AWS_ARN,40130,40170,"GDPR_Art5_1b, DPDPA_S8"
tenant-a_log_04.json,arn:aws:s3:::tenant-a-backup,AWS_ARN,41010,41038,"GDPR_Art5_1b, DPDPA_S8"
tenant-a_log_04.json,arn:aws:iam::123456789012:user/alice.chen,AWS_ARN,41416,41457,"GDPR_Art5_1b, DPDPA_S8"
tenant-a_log_04.json,arn:aws:s3:::tenant-a-data,AWS_ARN,42295,42321,"GDPR_Art5_1b, DPDPA_S8"
tenant-a_log_04.json,arn:aws:iam::123456789012:user/carol.smith,AWS_ARN,42699,42741,"GDPR_Art5_1b, DPDPA_S8"
tenant-a_log_04.json,arn:aws:s3:::tenant-a-data,AWS_ARN,43581,43607,"GDPR_Art5_1b, DPDPA_S8"
tenant-a_log_04.json,arn:aws:iam::123456789012:user/alice.chen,AWS_ARN,43985,44026,"GDPR_Art5_1b, DPDPA_S8"
tenant-a_log_04.json,arn:aws:s3:::tenant-a-backup,AWS_ARN,44865,44893,"GDPR_Art5_1b, DPDPA_S8"
tenant-a_log_04.json,arn:aws:iam::123456789012:user/bob.kumar,AWS_ARN,45271,45311,"GDPR_Art5_1b, DPDPA_S8"
tenant-a_log_04.json,arn:aws:s3:::tenant-a-data,AWS_ARN,46145,46171,"GDPR_Art5_1b, DPDPA_S8"
tenant-a_log_04.json,arn:aws:iam::123456789012:user/carol.smith,AWS_ARN,46549,46591,"GDPR_Art5_1b, DPDPA_S8"
tenant-a_log_04.json,arn:aws:s3:::tenant-a-backup,AWS_ARN,47437,47465,"GDPR_Art5_1b, DPDPA_S8"
tenant-a_log_04.json,arn:aws:iam::123456789012:user/alice.chen,AWS_ARN,47843,47884,"GDPR_Art5_1b, DPDPA_S8"
tenant-a_log_04.json,arn:aws:s3:::tenant-a-data,AWS_ARN,48718,48744,"GDPR_Art5_1b, DPDPA_S8"
tenant-a_log_04.json,arn:aws:iam::123456789012:user/carol.smith,AWS_ARN,49122,49164,"GDPR_Art5_1b, DPDPA_S8"
tenant-a_log_04.json,arn:aws:s3:::tenant-a-backup,AWS_ARN,50008,50036,"GDPR_Art5_1b, DPDPA_S8"
tenant-a_log_04.json,arn:aws:iam::123456789012:user/carol.smith,AWS_ARN,50414,50456,"GDPR_Art5_1b, DPDPA_S8"
tenant-a_log_04.json,arn:aws:s3:::tenant-a-backup,AWS_ARN,51295,51323,"GDPR_Art5_1b, DPDPA_S8"
tenant-a_log_04.json,123456789012,AWS_ACCOUNT_ID,248,260,"GDPR_Art5_1b, DPDPA_S8"
tenant-a_log_04.json,123456789012,AWS_ACCOUNT_ID,1121,1133,"GDPR_Art5_1b, DPDPA_S8"
tenant-a_log_04.json,123456789012,AWS_ACCOUNT_ID,1285,1297,"GDPR_Art5_1b, DPDPA_S8"
tenant-a_log_04.json,123456789012,AWS_ACCOUNT_ID,1539,1551,"GDPR_Art5_1b, DPDPA_S8"
tenant-a_log_04.json,123456789012,AWS_ACCOUNT_ID,2414,2426,"GDPR_Art5_1b, DPDPA_S8"
tenant-a_log_04.json,123456789012,AWS_ACCOUNT_ID,2578,2590,"GDPR_Art5_1b, DPDPA_S8"
tenant-a_log_04.json,123456789012,AWS_ACCOUNT_ID,2830,2842,"GDPR_Art5_1b, DPDPA_S8"
tenant-a_log_04.json,123456789012,AWS_ACCOUNT_ID,3701,3713,"GDPR_Art5_1b, DPDPA_S8"
tenant-a_log_04.json,123456789012,AWS_ACCOUNT_ID,3865,3877,"GDPR_Art5_1b, DPDPA_S8"
tenant-a_log_04.json,123456789012,AWS_ACCOUNT_ID,4119,4131,"GDPR_Art5_1b, DPDPA_S8"
tenant-a_log_04.json,123456789012,AWS_ACCOUNT_ID,4992,5004,"GDPR_Art5_1b, DPDPA_S8"
tenant-a_log_04.json,123456789012,AWS_ACCOUNT_ID,5156,5168,"GDPR_Art5_1b, DPDPA_S8"
tenant-a_log_04.json,123456789012,AWS_ACCOUNT_ID,5408,5420,"GDPR_Art5_1b, DPDPA_S8"
tenant-a_log_04.json,123456789012,AWS_ACCOUNT_ID,6282,6294,"GDPR_Art5_1b, DPDPA_S8"
tenant-a_log_04.json,123456789012,AWS_ACCOUNT_ID,6446,6458,"GDPR_Art5_1b, DPDPA_S8"
tenant-a_log_04.json,123456789012,AWS_ACCOUNT_ID,6698,6710,"GDPR_Art5_1b, DPDPA_S8"
tenant-a_log_04.json,123456789012,AWS_ACCOUNT_ID,7572,7584,"GDPR_Art5_1b, DPDPA_S8"
tenant-a_log_04.json,123456789012,AWS_ACCOUNT_ID,7736,7748,"GDPR_Art5_1b, DPDPA_S8"
tenant-a_log_04.json,123456789012,AWS_ACCOUNT_ID,7990,8002,"GDPR_Art5_1b, DPDPA_S8"
tenant-a_log_04.json,123456789012,AWS_ACCOUNT_ID,8863,8875,"GDPR_Art5_1b, DPDPA_S8"
tenant-a_log_04.json,123456789012,AWS_ACCOUNT_ID,9027,9039,"GDPR_Art5_1b, DPDPA_S8"
tenant-a_log_04.json,123456789012,AWS_ACCOUNT_ID,9280,9292,"GDPR_Art5_1b, DPDPA_S8"
tenant-a_log_04.json,123456789012,AWS_ACCOUNT_ID,10154,10166,"GDPR_Art5_1b, DPDPA_S8"
tenant-a_log_04.json,123456789012,AWS_ACCOUNT_ID,10318,10330,"GDPR_Art5_1b, DPDPA_S8"
tenant-a_log_04.json,123456789012,AWS_ACCOUNT_ID,10572,10584,"GDPR_Art5_1b, DPDPA_S8"
tenant-a_log_04.json,123456789012,AWS_ACCOUNT_ID,11442,11454,"GDPR_Art5_1b, DPDPA_S8"
tenant-a_log_04.json,123456789012,AWS_ACCOUNT_ID,11606,11618,"GDPR_Art5_1b, DPDPA_S8"
tenant-a_log_04.json,123456789012,AWS_ACCOUNT_ID,11858,11870,"GDPR_Art5_1b, DPDPA_S8"
tenant-a_log_04.json,123456789012,AWS_ACCOUNT_ID,12734,12746,"GDPR_Art5_1b, DPDPA_S8"
tenant-a_log_04.json,123456789012,AWS_ACCOUNT_ID,12898,12910,"GDPR_Art5_1b, DPDPA_S8"
tenant-a_log_04.json,123456789012,AWS_ACCOUNT_ID,13152,13164,"GDPR_Art5_1b, DPDPA_S8"
tenant-a_log_04.json,123456789012,AWS_ACCOUNT_ID,14024,14036,"GDPR_Art5_1b, DPDPA_S8"
tenant-a_log_04.json,123456789012,AWS_ACCOUNT_ID,14188,14200,"GDPR_Art5_1b, DPDPA_S8"
tenant-a_log_04.json,123456789012,AWS_ACCOUNT_ID,14441,14453,"GDPR_Art5_1b, DPDPA_S8"
tenant-a_log_04.json,123456789012,AWS_ACCOUNT_ID,15322,15334,"GDPR_Art5_1b, DPDPA_S8"
tenant-a_log_04.json,123456789012,AWS_ACCOUNT_ID,15486,15498,"GDPR_Art5_1b, DPDPA_S8"
tenant-a_log_04.json,123456789012,AWS_ACCOUNT_ID,15739,15751,"GDPR_Art5_1b, DPDPA_S8"
tenant-a_log_04.json,123456789012,AWS_ACCOUNT_ID,16614,16626,"GDPR_Art5_1b, DPDPA_S8"
tenant-a_log_04.json,123456789012,AWS_ACCOUNT_ID,16778,16790,"GDPR_Art5_1b, DPDPA_S8"
tenant-a_log_04.json,123456789012,AWS_ACCOUNT_ID,17030,17042,"GDPR_Art5_1b, DPDPA_S8"
tenant-a_log_04.json,123456789012,AWS_ACCOUNT_ID,17898,17910,"GDPR_Art5_1b, DPDPA_S8"
tenant-a_log_04.json,123456789012,AWS_ACCOUNT_ID,18062,18074,"GDPR_Art5_1b, DPDPA_S8"
tenant-a_log_04.json,123456789012,AWS_ACCOUNT_ID,18316,18328,"GDPR_Art5_1b, DPDPA_S8"
tenant-a_log_04.json,123456789012,AWS_ACCOUNT_ID,19189,19201,"GDPR_Art5_1b, DPDPA_S8"
tenant-a_log_04.json,123456789012,AWS_ACCOUNT_ID,19353,19365,"GDPR_Art5_1b, DPDPA_S8"
tenant-a_log_04.json,123456789012,AWS_ACCOUNT_ID,19605,19617,"GDPR_Art5_1b, DPDPA_S8"
tenant-a_log_04.json,123456789012,AWS_ACCOUNT_ID,20475,20487,"GDPR_Art5_1b, DPDPA_S8"
tenant-a_log_04.json,123456789012,AWS_ACCOUNT_ID,20639,20651,"GDPR_Art5_1b, DPDPA_S8"
tenant-a_log_04.json,123456789012,AWS_ACCOUNT_ID,20893,20905,"GDPR_Art5_1b, DPDPA_S8"
tenant-a_log_04.json,123456789012,AWS_ACCOUNT_ID,21771,21783,"GDPR_Art5_1b, DPDPA_S8"
tenant-a_log_04.json,123456789012,AWS_ACCOUNT_ID,21935,21947,"GDPR_Art5_1b, DPDPA_S8"
tenant-a_log_04.json,123456789012,AWS_ACCOUNT_ID,22189,22201,"GDPR_Art5_1b, DPDPA_S8"
tenant-a_log_04.json,123456789012,AWS_ACCOUNT_ID,23065,23077,"GDPR_Art5_1b, DPDPA_S8"
tenant-a_log_04.json,123456789012,AWS_ACCOUNT_ID,23229,23241,"GDPR_Art5_1b, DPDPA_S8"
tenant-a_log_04.json,123456789012,AWS_ACCOUNT_ID,23483,23495,"GDPR_Art5_1b, DPDPA_S8"
tenant-a_log_04.json,123456789012,AWS_ACCOUNT_ID,24355,24367,"GDPR_Art5_1b, DPDPA_S8"
tenant-a_log_04.json,123456789012,AWS_ACCOUNT_ID,24519,24531,"GDPR_Art5_1b, DPDPA_S8"
tenant-a_log_04.json,123456789012,AWS_ACCOUNT_ID,24771,24783,"GDPR_Art5_1b, DPDPA_S8"
tenant-a_log_04.json,123456789012,AWS_ACCOUNT_ID,25635,25647,"GDPR_Art5_1b, DPDPA_S8"
tenant-a_log_04.json,123456789012,AWS_ACCOUNT_ID,25799,25811,"GDPR_Art5_1b, DPDPA_S8"
tenant-a_log_04.json,123456789012,AWS_ACCOUNT_ID,26052,26064,"GDPR_Art5_1b, DPDPA_S8"
tenant-a_log_04.json,123456789012,AWS_ACCOUNT_ID,26921,26933,"GDPR_Art5_1b, DPDPA_S8"
tenant-a_log_04.json,123456789012,AWS_ACCOUNT_ID,27085,27097,"GDPR_Art5_1b, DPDPA_S8"
tenant-a_log_04.json,123456789012,AWS_ACCOUNT_ID,27338,27350,"GDPR_Art5_1b, DPDPA_S8"
tenant-a_log_04.json,123456789012,AWS_ACCOUNT_ID,28209,28221,"GDPR_Art5_1b, DPDPA_S8"
tenant-a_log_04.json,123456789012,AWS_ACCOUNT_ID,28373,28385,"GDPR_Art5_1b, DPDPA_S8"
tenant-a_log_04.json,123456789012,AWS_ACCOUNT_ID,28625,28637,"GDPR_Art5_1b, DPDPA_S8"
tenant-a_log_04.json,123456789012,AWS_ACCOUNT_ID,29491,29503,"GDPR_Art5_1b, DPDPA_S8"
tenant-a_log_04.json,123456789012,AWS_ACCOUNT_ID,29655,29667,"GDPR_Art5_1b, DPDPA_S8"
tenant-a_log_04.json,123456789012,AWS_ACCOUNT_ID,29907,29919,"GDPR_Art5_1b, DPDPA_S8"
tenant-a_log_04.json,123456789012,AWS_ACCOUNT_ID,30780,30792,"GDPR_Art5_1b, DPDPA_S8"
tenant-a_log_04.json,123456789012,AWS_ACCOUNT_ID,30944,30956,"GDPR_Art5_1b, DPDPA_S8"
tenant-a_log_04.json,123456789012,AWS_ACCOUNT_ID,31197,31209,"GDPR_Art5_1b, DPDPA_S8"
tenant-a_log_04.json,123456789012,AWS_ACCOUNT_ID,32071,32083,"GDPR_Art5_1b, DPDPA_S8"
tenant-a_log_04.json,123456789012,AWS_ACCOUNT_ID,32235,32247,"GDPR_Art5_1b, DPDPA_S8"
tenant-a_log_04.json,123456789012,AWS_ACCOUNT_ID,32487,32499,"GDPR_Art5_1b, DPDPA_S8"
tenant-a_log_04.json,123456789012,AWS_ACCOUNT_ID,33355,33367,"GDPR_Art5_1b, DPDPA_S8"
tenant-a_log_04.json,123456789012,AWS_ACCOUNT_ID,33519,33531,"GDPR_Art5_1b, DPDPA_S8"
tenant-a_log_04.json,123456789012,AWS_ACCOUNT_ID,33772,33784,"GDPR_Art5_1b, DPDPA_S8"
tenant-a_log_04.json,123456789012,AWS_ACCOUNT_ID,34643,34655,"GDPR_Art5_1b, DPDPA_S8"
tenant-a_log_04.json,123456789012,AWS_ACCOUNT_ID,34807,34819,"GDPR_Art5_1b, DPDPA_S8"
tenant-a_log_04.json,123456789012,AWS_ACCOUNT_ID,35059,35071,"GDPR_Art5_1b, DPDPA_S8"
tenant-a_log_04.json,123456789012,AWS_ACCOUNT_ID,35925,35937,"GDPR_Art5_1b, DPDPA_S8"
tenant-a_log_04.json,123456789012,AWS_ACCOUNT_ID,36089,36101,"GDPR_Art5_1b, DPDPA_S8"
tenant-a_log_04.json,123456789012,AWS_ACCOUNT_ID,36343,36355,"GDPR_Art5_1b, DPDPA_S8"
tenant-a_log_04.json,123456789012,AWS_ACCOUNT_ID,37215,37227,"GDPR_Art5_1b, DPDPA_S8"
tenant-a_log_04.json,123456789012,AWS_ACCOUNT_ID,37379,37391,"GDPR_Art5_1b, DPDPA_S8"
tenant-a_log_04.json,123456789012,AWS_ACCOUNT_ID,37631,37643,"GDPR_Art5_1b, DPDPA_S8"
tenant-a_log_04.json,123456789012,AWS_ACCOUNT_ID,38501,38513,"GDPR_Art5_1b, DPDPA_S8"
tenant-a_log_04.json,123456789012,AWS_ACCOUNT_ID,38665,38677,"GDPR_Art5_1b, DPDPA_S8"
tenant-a_log_04.json,123456789012,AWS_ACCOUNT_ID,38917,38929,"GDPR_Art5_1b, DPDPA_S8"
tenant-a_log_04.json,123456789012,AWS_ACCOUNT_ID,39779,39791,"GDPR_Art5_1b, DPDPA_S8"
tenant-a_log_04.json,123456789012,AWS_ACCOUNT_ID,39943,39955,"GDPR_Art5_1b, DPDPA_S8"
tenant-a_log_04.json,123456789012,AWS_ACCOUNT_ID,40195,40207,"GDPR_Art5_1b, DPDPA_S8"
tenant-a_log_04.json,123456789012,AWS_ACCOUNT_ID,41065,41077,"GDPR_Art5_1b, DPDPA_S8"
tenant-a_log_04.json,123456789012,AWS_ACCOUNT_ID,41229,41241,"GDPR_Art5_1b, DPDPA_S8"
tenant-a_log_04.json,123456789012,AWS_ACCOUNT_ID,41482,41494,"GDPR_Art5_1b, DPDPA_S8"
tenant-a_log_04.json,123456789012,AWS_ACCOUNT_ID,42348,42360,"GDPR_Art5_1b, DPDPA_S8"
tenant-a_log_04.json,123456789012,AWS_ACCOUNT_ID,42512,42524,"GDPR_Art5_1b, DPDPA_S8"
tenant-a_log_04.json,123456789012,AWS_ACCOUNT_ID,42766,42778,"GDPR_Art5_1b, DPDPA_S8"
tenant-a_log_04.json,123456789012,AWS_ACCOUNT_ID,43634,43646,"GDPR_Art5_1b, DPDPA_S8"
tenant-a_log_04.json,123456789012,AWS_ACCOUNT_ID,43798,43810,"GDPR_Art5_1b, DPDPA_S8"
tenant-a_log_04.json,123456789012,AWS_ACCOUNT_ID,44051,44063,"GDPR_Art5_1b, DPDPA_S8"
tenant-a_log_04.json,123456789012,AWS_ACCOUNT_ID,44920,44932,"GDPR_Art5_1b, DPDPA_S8"
tenant-a_log_04.json,123456789012,AWS_ACCOUNT_ID,45084,45096,"GDPR_Art5_1b, DPDPA_S8"
tenant-a_log_04.json,123456789012,AWS_ACCOUNT_ID,45336,45348,"GDPR_Art5_1b, DPDPA_S8"
tenant-a_log_04.json,123456789012,AWS_ACCOUNT_ID,46198,46210,"GDPR_Art5_1b, DPDPA_S8"
tenant-a_log_04.json,123456789012,AWS_ACCOUNT_ID,46362,46374,"GDPR_Art5_1b, DPDPA_S8"
tenant-a_log_04.json,123456789012,AWS_ACCOUNT_ID,46616,46628,"GDPR_Art5_1b, DPDPA_S8"
tenant-a_log_04.json,123456789012,AWS_ACCOUNT_ID,47492,47504,"GDPR_Art5_1b, DPDPA_S8"
tenant-a_log_04.json,123456789012,AWS_ACCOUNT_ID,47656,47668,"GDPR_Art5_1b, DPDPA_S8"
tenant-a_log_04.json,123456789012,AWS_ACCOUNT_ID,47909,47921,"GDPR_Art5_1b, DPDPA_S8"
tenant-a_log_04.json,123456789012,AWS_ACCOUNT_ID,48771,48783,"GDPR_Art5_1b, DPDPA_S8"
tenant-a_log_04.json,123456789012,AWS_ACCOUNT_ID,48935,48947,"GDPR_Art5_1b, DPDPA_S8"
tenant-a_log_04.json,123456789012,AWS_ACCOUNT_ID,49189,49201,"GDPR_Art5_1b, DPDPA_S8"
tenant-a_log_04.json,123456789012,AWS_ACCOUNT_ID,50063,50075,"GDPR_Art5_1b, DPDPA_S8"
tenant-a_log_04.json,123456789012,AWS_ACCOUNT_ID,50227,50239,"GDPR_Art5_1b, DPDPA_S8"
tenant-a_log_04.json,123456789012,AWS_ACCOUNT_ID,50481,50493,"GDPR_Art5_1b, DPDPA_S8"
tenant-a_log_04.json,123456789012,AWS_ACCOUNT_ID,51350,51362,"GDPR_Art5_1b, DPDPA_S8"
tenant-a_log_04.json,123456789012,AWS_ACCOUNT_ID,51514,51526,"GDPR_Art5_1b, DPDPA_S8"
tenant-a_log_05.json,bob.kumar,PERSON,284,293,"GDPR_Art5_1a, DPDPA_S8"
tenant-a_log_05.json,carol.smith,PERSON,1568,1579,"GDPR_Art5_1a, DPDPA_S8"
tenant-a_log_05.json,carol.smith,PERSON,2865,2876,"GDPR_Art5_1a, DPDPA_S8"
tenant-a_log_05.json,carol.smith,PERSON,4151,4162,"GDPR_Art5_1a, DPDPA_S8"
tenant-a_log_05.json,carol.smith,PERSON,5441,5452,"GDPR_Art5_1a, DPDPA_S8"
tenant-a_log_05.json,bob.kumar,PERSON,6724,6733,"GDPR_Art5_1a, DPDPA_S8"
tenant-a_log_05.json,bob.kumar,PERSON,8009,8018,"GDPR_Art5_1a, DPDPA_S8"
tenant-a_log_05.json,alice.chen,PERSON,9300,9310,"GDPR_Art5_1a, DPDPA_S8"
tenant-a_log_05.json,carol.smith,PERSON,10598,10609,"GDPR_Art5_1a, DPDPA_S8"
tenant-a_log_05.json,alice.chen,PERSON,11884,11894,"GDPR_Art5_1a, DPDPA_S8"
tenant-a_log_05.json,carol.smith,PERSON,13173,13184,"GDPR_Art5_1a, DPDPA_S8"
tenant-a_log_05.json,carol.smith,PERSON,14458,14469,"GDPR_Art5_1a, DPDPA_S8"
tenant-a_log_05.json,bob.kumar,PERSON,15750,15759,"GDPR_Art5_1a, DPDPA_S8"
tenant-a_log_05.json,carol.smith,PERSON,17042,17053,"GDPR_Art5_1a, DPDPA_S8"
tenant-a_log_05.json,carol.smith,PERSON,18335,18346,"GDPR_Art5_1a, DPDPA_S8"
tenant-a_log_05.json,carol.smith,PERSON,19621,19632,"GDPR_Art5_1a, DPDPA_S8"
tenant-a_log_05.json,bob.kumar,PERSON,20909,20918,"GDPR_Art5_1a, DPDPA_S8"
tenant-a_log_05.json,alice.chen,PERSON,22196,22206,"GDPR_Art5_1a, DPDPA_S8"
tenant-a_log_05.json,alice.chen,PERSON,23477,23487,"GDPR_Art5_1a, DPDPA_S8"
tenant-a_log_05.json,bob.kumar,PERSON,24763,24772,"GDPR_Art5_1a, DPDPA_S8"
tenant-a_log_05.json,bob.kumar,PERSON,26051,26060,"GDPR_Art5_1a, DPDPA_S8"
tenant-a_log_05.json,alice.chen,PERSON,27339,27349,"GDPR_Art5_1a, DPDPA_S8"
tenant-a_log_05.json,carol.smith,PERSON,28626,28637,"GDPR_Art5_1a, DPDPA_S8"
tenant-a_log_05.json,bob.kumar,PERSON,29916,29925,"GDPR_Art5_1a, DPDPA_S8"
tenant-a_log_05.json,bob.kumar,PERSON,31202,31211,"GDPR_Art5_1a, DPDPA_S8"
tenant-a_log_05.json,bob.kumar,PERSON,32488,32497,"GDPR_Art5_1a, DPDPA_S8"
tenant-a_log_05.json,alice.chen,PERSON,33773,33783,"GDPR_Art5_1a, DPDPA_S8"
tenant-a_log_05.json,bob.kumar,PERSON,35055,35064,"GDPR_Art5_1a, DPDPA_S8"
tenant-a_log_05.json,alice.chen,PERSON,36345,36355,"GDPR_Art5_1a, DPDPA_S8"
tenant-a_log_05.json,alice.chen,PERSON,37631,37641,"GDPR_Art5_1a, DPDPA_S8"
tenant-a_log_05.json,carol.smith,PERSON,38919,38930,"GDPR_Art5_1a, DPDPA_S8"
tenant-a_log_05.json,bob.kumar,PERSON,40206,40215,"GDPR_Art5_1a, DPDPA_S8"
tenant-a_log_05.json,bob.kumar,PERSON,41488,41497,"GDPR_Art5_1a, DPDPA_S8"
tenant-a_log_05.json,bob.kumar,PERSON,42770,42779,"GDPR_Art5_1a, DPDPA_S8"
tenant-a_log_05.json,carol.smith,PERSON,44054,44065,"GDPR_Art5_1a, DPDPA_S8"
tenant-a_log_05.json,alice.chen,PERSON,45336,45346,"GDPR_Art5_1a, DPDPA_S8"
tenant-a_log_05.json,carol.smith,PERSON,46625,46636,"GDPR_Art5_1a, DPDPA_S8"
tenant-a_log_05.json,carol.smith,PERSON,47911,47922,"GDPR_Art5_1a, DPDPA_S8"
tenant-a_log_05.json,carol.smith,PERSON,49203,49214,"GDPR_Art5_1a, DPDPA_S8"
tenant-a_log_05.json,carol.smith,PERSON,50490,50501,"GDPR_Art5_1a, DPDPA_S8"
tenant-a_log_05.json,119.84.175.237,IP_ADDRESS,681,695,"GDPR_Art5_1b, DPDPA_S8"
tenant-a_log_05.json,151.99.151.127,IP_ADDRESS,1967,1981,"GDPR_Art5_1b, DPDPA_S8"
tenant-a_log_05.json,44.96.130.211,IP_ADDRESS,3264,3277,"GDPR_Art5_1b, DPDPA_S8"
tenant-a_log_05.json,134.162.194.185,IP_ADDRESS,4550,4565,"GDPR_Art5_1b, DPDPA_S8"
tenant-a_log_05.json,220.82.17.12,IP_ADDRESS,5840,5852,"GDPR_Art5_1b, DPDPA_S8"
tenant-a_log_05.json,94.136.183.205,IP_ADDRESS,7121,7135,"GDPR_Art5_1b, DPDPA_S8"
tenant-a_log_05.json,76.75.182.161,IP_ADDRESS,8406,8419,"GDPR_Art5_1b, DPDPA_S8"
tenant-a_log_05.json,158.211.145.241,IP_ADDRESS,9698,9713,"GDPR_Art5_1b, DPDPA_S8"
tenant-a_log_05.json,85.244.168.66,IP_ADDRESS,10997,11010,"GDPR_Art5_1b, DPDPA_S8"
tenant-a_log_05.json,108.85.247.243,IP_ADDRESS,12282,12296,"GDPR_Art5_1b, DPDPA_S8"
tenant-a_log_05.json,100.29.158.127,IP_ADDRESS,13572,13586,"GDPR_Art5_1b, DPDPA_S8"
tenant-a_log_05.json,154.150.197.24,IP_ADDRESS,14857,14871,"GDPR_Art5_1b, DPDPA_S8"
tenant-a_log_05.json,203.191.90.222,IP_ADDRESS,16147,16161,"GDPR_Art5_1b, DPDPA_S8"
tenant-a_log_05.json,103.190.118.248,IP_ADDRESS,17441,17456,"GDPR_Art5_1b, DPDPA_S8"
tenant-a_log_05.json,3.34.65.230,IP_ADDRESS,18734,18745,"GDPR_Art5_1b, DPDPA_S8"
tenant-a_log_05.json,94.187.177.148,IP_ADDRESS,20020,20034,"GDPR_Art5_1b, DPDPA_S8"
tenant-a_log_05.json,106.161.79.20,IP_ADDRESS,21306,21319,"GDPR_Art5_1b, DPDPA_S8"
tenant-a_log_05.json,85.65.75.65,IP_ADDRESS,22594,22605,"GDPR_Art5_1b, DPDPA_S8"
tenant-a_log_05.json,160.196.207.238,IP_ADDRESS,23875,23890,"GDPR_Art5_1b, DPDPA_S8"
tenant-a_log_05.json,187.14.2.237,IP_ADDRESS,25160,25172,"GDPR_Art5_1b, DPDPA_S8"
tenant-a_log_05.json,128.155.82.157,IP_ADDRESS,26448,26462,"GDPR_Art5_1b, DPDPA_S8"
tenant-a_log_05.json,15.98.206.53,IP_ADDRESS,27737,27749,"GDPR_Art5_1b, DPDPA_S8"
tenant-a_log_05.json,186.102.5.211,IP_ADDRESS,29025,29038,"GDPR_Art5_1b, DPDPA_S8"
tenant-a_log_05.json,77.218.241.250,IP_ADDRESS,30313,30327,"GDPR_Art5_1b, DPDPA_S8"
tenant-a_log_05.json,12.95.217.162,IP_ADDRESS,31599,31612,"GDPR_Art5_1b, DPDPA_S8"
tenant-a_log_05.json,52.85.127.192,IP_ADDRESS,32885,32898,"GDPR_Art5_1b, DPDPA_S8"
tenant-a_log_05.json,122.76.146.247,IP_ADDRESS,34171,34185,"GDPR_Art5_1b, DPDPA_S8"
tenant-a_log_05.json,15.225.120.186,IP_ADDRESS,35452,35466,"GDPR_Art5_1b, DPDPA_S8"
tenant-a_log_05.json,219.143.190.59,IP_ADDRESS,36743,36757,"GDPR_Art5_1b, DPDPA_S8"
tenant-a_log_05.json,111.26.205.107,IP_ADDRESS,38029,38043,"GDPR_Art5_1b, DPDPA_S8"
tenant-a_log_05.json,1.202.197.97,IP_ADDRESS,39315,39327,"GDPR_Art5_1b, DPDPA_S8"
tenant-a_log_05.json,71.112.173.181,IP_ADDRESS,40600,40614,"GDPR_Art5_1b, DPDPA_S8"
tenant-a_log_05.json,17.83.185.252,IP_ADDRESS,41882,41895,"GDPR_Art5_1b, DPDPA_S8"
tenant-a_log_05.json,57.123.20.0,IP_ADDRESS,43164,43175,"GDPR_Art5_1b, DPDPA_S8"
tenant-a_log_05.json,185.40.253.146,IP_ADDRESS,44450,44464,"GDPR_Art5_1b, DPDPA_S8"
tenant-a_log_05.json,72.155.249.104,IP_ADDRESS,45731,45745,"GDPR_Art5_1b, DPDPA_S8"
tenant-a_log_05.json,146.62.111.29,IP_ADDRESS,47021,47034,"GDPR_Art5_1b, DPDPA_S8"
tenant-a_log_05.json,93.105.179.141,IP_ADDRESS,48307,48321,"GDPR_Art5_1b, DPDPA_S8"
tenant-a_log_05.json,115.239.165.25,IP_ADDRESS,49599,49613,"GDPR_Art5_1b, DPDPA_S8"
tenant-a_log_05.json,141.76.182.140,IP_ADDRESS,50886,50900,"GDPR_Art5_1b, DPDPA_S8"
tenant-a_log_05.json,arn:aws:iam::123456789012:user/bob.kumar,AWS_ARN,183,223,"GDPR_Art5_1b, DPDPA_S8"
tenant-a_log_05.json,arn:aws:s3:::tenant-a-data,AWS_ARN,1061,1087,"GDPR_Art5_1b, DPDPA_S8"
tenant-a_log_05.json,arn:aws:iam::123456789012:user/carol.smith,AWS_ARN,1465,1507,"GDPR_Art5_1b, DPDPA_S8"
tenant-a_log_05.json,arn:aws:s3:::tenant-a-backup,AWS_ARN,2356,2384,"GDPR_Art5_1b, DPDPA_S8"
tenant-a_log_05.json,arn:aws:iam::123456789012:user/carol.smith,AWS_ARN,2762,2804,"GDPR_Art5_1b, DPDPA_S8"
tenant-a_log_05.json,arn:aws:s3:::tenant-a-data,AWS_ARN,3644,3670,"GDPR_Art5_1b, DPDPA_S8"
tenant-a_log_05.json,arn:aws:iam::123456789012:user/carol.smith,AWS_ARN,4048,4090,"GDPR_Art5_1b, DPDPA_S8"
tenant-a_log_05.json,arn:aws:s3:::tenant-a-data,AWS_ARN,4934,4960,"GDPR_Art5_1b, DPDPA_S8"
tenant-a_log_05.json,arn:aws:iam::123456789012:user/carol.smith,AWS_ARN,5338,5380,"GDPR_Art5_1b, DPDPA_S8"
tenant-a_log_05.json,arn:aws:s3:::tenant-a-data,AWS_ARN,6219,6245,"GDPR_Art5_1b, DPDPA_S8"
tenant-a_log_05.json,arn:aws:iam::123456789012:user/bob.kumar,AWS_ARN,6623,6663,"GDPR_Art5_1b, DPDPA_S8"
tenant-a_log_05.json,arn:aws:s3:::tenant-a-data,AWS_ARN,7504,7530,"GDPR_Art5_1b, DPDPA_S8"
tenant-a_log_05.json,arn:aws:iam::123456789012:user/bob.kumar,AWS_ARN,7908,7948,"GDPR_Art5_1b, DPDPA_S8"
tenant-a_log_05.json,arn:aws:s3:::tenant-a-backup,AWS_ARN,8792,8820,"GDPR_Art5_1b, DPDPA_S8"
tenant-a_log_05.json,arn:aws:iam::123456789012:user/alice.chen,AWS_ARN,9198,9239,"GDPR_Art5_1b, DPDPA_S8"
tenant-a_log_05.json,arn:aws:s3:::tenant-a-backup,AWS_ARN,10089,10117,"GDPR_Art5_1b, DPDPA_S8"
tenant-a_log_05.json,arn:aws:iam::123456789012:user/carol.smith,AWS_ARN,10495,10537,"GDPR_Art5_1b, DPDPA_S8"
tenant-a_log_05.json,arn:aws:s3:::tenant-a-data,AWS_ARN,11378,11404,"GDPR_Art5_1b, DPDPA_S8"
tenant-a_log_05.json,arn:aws:iam::123456789012:user/alice.chen,AWS_ARN,11782,11823,"GDPR_Art5_1b, DPDPA_S8"
tenant-a_log_05.json,arn:aws:s3:::tenant-a-backup,AWS_ARN,12664,12692,"GDPR_Art5_1b, DPDPA_S8"
tenant-a_log_05.json,arn:aws:iam::123456789012:user/carol.smith,AWS_ARN,13070,13112,"GDPR_Art5_1b, DPDPA_S8"
tenant-a_log_05.json,arn:aws:s3:::tenant-a-data,AWS_ARN,13951,13977,"GDPR_Art5_1b, DPDPA_S8"
tenant-a_log_05.json,arn:aws:iam::123456789012:user/carol.smith,AWS_ARN,14355,14397,"GDPR_Art5_1b, DPDPA_S8"
tenant-a_log_05.json,arn:aws:s3:::tenant-a-backup,AWS_ARN,15243,15271,"GDPR_Art5_1b, DPDPA_S8"
tenant-a_log_05.json,arn:aws:iam::123456789012:user/bob.kumar,AWS_ARN,15649,15689,"GDPR_Art5_1b, DPDPA_S8"
tenant-a_log_05.json,arn:aws:s3:::tenant-a-backup,AWS_ARN,16533,16561,"GDPR_Art5_1b, DPDPA_S8"
tenant-a_log_05.json,arn:aws:iam::123456789012:user/carol.smith,AWS_ARN,16939,16981,"GDPR_Art5_1b, DPDPA_S8"
tenant-a_log_05.json,arn:aws:s3:::tenant-a-backup,AWS_ARN,17826,17854,"GDPR_Art5_1b, DPDPA_S8"
tenant-a_log_05.json,arn:aws:iam::123456789012:user/carol.smith,AWS_ARN,18232,18274,"GDPR_Art5_1b, DPDPA_S8"
tenant-a_log_05.json,arn:aws:s3:::tenant-a-data,AWS_ARN,19114,19140,"GDPR_Art5_1b, DPDPA_S8"
tenant-a_log_05.json,arn:aws:iam::123456789012:user/carol.smith,AWS_ARN,19518,19560,"GDPR_Art5_1b, DPDPA_S8"
tenant-a_log_05.json,arn:aws:s3:::tenant-a-data,AWS_ARN,20404,20430,"GDPR_Art5_1b, DPDPA_S8"
tenant-a_log_05.json,arn:aws:iam::123456789012:user/bob.kumar,AWS_ARN,20808,20848,"GDPR_Art5_1b, DPDPA_S8"
tenant-a_log_05.json,arn:aws:s3:::tenant-a-data,AWS_ARN,21690,21716,"GDPR_Art5_1b, DPDPA_S8"
tenant-a_log_05.json,arn:aws:iam::123456789012:user/alice.chen,AWS_ARN,22094,22135,"GDPR_Art5_1b, DPDPA_S8"
tenant-a_log_05.json,arn:aws:s3:::tenant-a-data,AWS_ARN,22971,22997,"GDPR_Art5_1b, DPDPA_S8"
tenant-a_log_05.json,arn:aws:iam::123456789012:user/alice.chen,AWS_ARN,23375,23416,"GDPR_Art5_1b, DPDPA_S8"
tenant-a_log_05.json,arn:aws:s3:::tenant-a-data,AWS_ARN,24258,24284,"GDPR_Art5_1b, DPDPA_S8"
tenant-a_log_05.json,arn:aws:iam::123456789012:user/bob.kumar,AWS_ARN,24662,24702,"GDPR_Art5_1b, DPDPA_S8"
tenant-a_log_05.json,arn:aws:s3:::tenant-a-backup,AWS_ARN,25544,25572,"GDPR_Art5_1b, DPDPA_S8"
tenant-a_log_05.json,arn:aws:iam::123456789012:user/bob.kumar,AWS_ARN,25950,25990,"GDPR_Art5_1b, DPDPA_S8"
tenant-a_log_05.json,arn:aws:s3:::tenant-a-backup,AWS_ARN,26831,26859,"GDPR_Art5_1b, DPDPA_S8"
tenant-a_log_05.json,arn:aws:iam::123456789012:user/alice.chen,AWS_ARN,27237,27278,"GDPR_Art5_1b, DPDPA_S8"
tenant-a_log_05.json,arn:aws:s3:::tenant-a-data,AWS_ARN,28119,28145,"GDPR_Art5_1b, DPDPA_S8"
tenant-a_log_05.json,arn:aws:iam::123456789012:user/carol.smith,AWS_ARN,28523,28565,"GDPR_Art5_1b, DPDPA_S8"
tenant-a_log_05.json,arn:aws:s3:::tenant-a-backup,AWS_ARN,29409,29437,"GDPR_Art5_1b, DPDPA_S8"
tenant-a_log_05.json,arn:aws:iam::123456789012:user/bob.kumar,AWS_ARN,29815,29855,"GDPR_Art5_1b, DPDPA_S8"
tenant-a_log_05.json,arn:aws:s3:::tenant-a-data,AWS_ARN,30697,30723,"GDPR_Art5_1b, DPDPA_S8"
tenant-a_log_05.json,arn:aws:iam::123456789012:user/bob.kumar,AWS_ARN,31101,31141,"GDPR_Art5_1b, DPDPA_S8"
tenant-a_log_05.json,arn:aws:s3:::tenant-a-backup,AWS_ARN,31981,32009,"GDPR_Art5_1b, DPDPA_S8"
tenant-a_log_05.json,arn:aws:iam::123456789012:user/bob.kumar,AWS_ARN,32387,32427,"GDPR_Art5_1b, DPDPA_S8"
tenant-a_log_05.json,arn:aws:s3:::tenant-a-data,AWS_ARN,33267,33293,"GDPR_Art5_1b, DPDPA_S8"
tenant-a_log_05.json,arn:aws:iam::123456789012:user/alice.chen,AWS_ARN,33671,33712,"GDPR_Art5_1b, DPDPA_S8"
tenant-a_log_05.json,arn:aws:s3:::tenant-a-data,AWS_ARN,34550,34576,"GDPR_Art5_1b, DPDPA_S8"
tenant-a_log_05.json,arn:aws:iam::123456789012:user/bob.kumar,AWS_ARN,34954,34994,"GDPR_Art5_1b, DPDPA_S8"
tenant-a_log_05.json,arn:aws:s3:::tenant-a-backup,AWS_ARN,35837,35865,"GDPR_Art5_1b, DPDPA_S8"
tenant-a_log_05.json,arn:aws:iam::123456789012:user/alice.chen,AWS_ARN,36243,36284,"GDPR_Art5_1b, DPDPA_S8"
tenant-a_log_05.json,arn:aws:s3:::tenant-a-data,AWS_ARN,37125,37151,"GDPR_Art5_1b, DPDPA_S8"
tenant-a_log_05.json,arn:aws:iam::123456789012:user/alice.chen,AWS_ARN,37529,37570,"GDPR_Art5_1b, DPDPA_S8"
tenant-a_log_05.json,arn:aws:s3:::tenant-a-data,AWS_ARN,38412,38438,"GDPR_Art5_1b, DPDPA_S8"
tenant-a_log_05.json,arn:aws:iam::123456789012:user/carol.smith,AWS_ARN,38816,38858,"GDPR_Art5_1b, DPDPA_S8"
tenant-a_log_05.json,arn:aws:s3:::tenant-a-backup,AWS_ARN,39699,39727,"GDPR_Art5_1b, DPDPA_S8"
tenant-a_log_05.json,arn:aws:iam::123456789012:user/bob.kumar,AWS_ARN,40105,40145,"GDPR_Art5_1b, DPDPA_S8"
tenant-a_log_05.json,arn:aws:s3:::tenant-a-data,AWS_ARN,40983,41009,"GDPR_Art5_1b, DPDPA_S8"
tenant-a_log_05.json,arn:aws:iam::123456789012:user/bob.kumar,AWS_ARN,41387,41427,"GDPR_Art5_1b, DPDPA_S8"
tenant-a_log_05.json,arn:aws:s3:::tenant-a-backup,AWS_ARN,42263,42291,"GDPR_Art5_1b, DPDPA_S8"
tenant-a_log_05.json,arn:aws:iam::123456789012:user/bob.kumar,AWS_ARN,42669,42709,"GDPR_Art5_1b, DPDPA_S8"
tenant-a_log_05.json,arn:aws:s3:::tenant-a-backup,AWS_ARN,43545,43573,"GDPR_Art5_1b, DPDPA_S8"
tenant-a_log_05.json,arn:aws:iam::123456789012:user/carol.smith,AWS_ARN,43951,43993,"GDPR_Art5_1b, DPDPA_S8"
tenant-a_log_05.json,arn:aws:s3:::tenant-a-data,AWS_ARN,44830,44856,"GDPR_Art5_1b, DPDPA_S8"
tenant-a_log_05.json,arn:aws:iam::123456789012:user/alice.chen,AWS_ARN,45234,45275,"GDPR_Art5_1b, DPDPA_S8"
tenant-a_log_05.json,arn:aws:s3:::tenant-a-backup,AWS_ARN,46116,46144,"GDPR_Art5_1b, DPDPA_S8"
tenant-a_log_05.json,arn:aws:iam::123456789012:user/carol.smith,AWS_ARN,46522,46564,"GDPR_Art5_1b, DPDPA_S8"
tenant-a_log_05.json,arn:aws:s3:::tenant-a-backup,AWS_ARN,47402,47430,"GDPR_Art5_1b, DPDPA_S8"
tenant-a_log_05.json,arn:aws:iam::123456789012:user/carol.smith,AWS_ARN,47808,47850,"GDPR_Art5_1b, DPDPA_S8"
tenant-a_log_05.json,arn:aws:s3:::tenant-a-data,AWS_ARN,48696,48722,"GDPR_Art5_1b, DPDPA_S8"
tenant-a_log_05.json,arn:aws:iam::123456789012:user/carol.smith,AWS_ARN,49100,49142,"GDPR_Art5_1b, DPDPA_S8"
tenant-a_log_05.json,arn:aws:s3:::tenant-a-backup,AWS_ARN,49981,50009,"GDPR_Art5_1b, DPDPA_S8"
tenant-a_log_05.json,arn:aws:iam::123456789012:user/carol.smith,AWS_ARN,50387,50429,"GDPR_Art5_1b, DPDPA_S8"
tenant-a_log_05.json,arn:aws:s3:::tenant-a-backup,AWS_ARN,51272,51300,"GDPR_Art5_1b, DPDPA_S8"
tenant-a_log_05.json,123456789012,AWS_ACCOUNT_ID,248,260,"GDPR_Art5_1b, DPDPA_S8"
tenant-a_log_05.json,123456789012,AWS_ACCOUNT_ID,1114,1126,"GDPR_Art5_1b, DPDPA_S8"
tenant-a_log_05.json,123456789012,AWS_ACCOUNT_ID,1278,1290,"GDPR_Art5_1b, DPDPA_S8"
tenant-a_log_05.json,123456789012,AWS_ACCOUNT_ID,1532,1544,"GDPR_Art5_1b, DPDPA_S8"
tenant-a_log_05.json,123456789012,AWS_ACCOUNT_ID,2411,2423,"GDPR_Art5_1b, DPDPA_S8"
tenant-a_log_05.json,123456789012,AWS_ACCOUNT_ID,2575,2587,"GDPR_Art5_1b, DPDPA_S8"
tenant-a_log_05.json,123456789012,AWS_ACCOUNT_ID,2829,2841,"GDPR_Art5_1b, DPDPA_S8"
tenant-a_log_05.json,123456789012,AWS_ACCOUNT_ID,3697,3709,"GDPR_Art5_1b, DPDPA_S8"
tenant-a_log_05.json,123456789012,AWS_ACCOUNT_ID,3861,3873,"GDPR_Art5_1b, DPDPA_S8"
tenant-a_log_05.json,123456789012,AWS_ACCOUNT_ID,4115,4127,"GDPR_Art5_1b, DPDPA_S8"
tenant-a_log_05.json,123456789012,AWS_ACCOUNT_ID,4987,4999,"GDPR_Art5_1b, DPDPA_S8"
tenant-a_log_05.json,123456789012,AWS_ACCOUNT_ID,5151,5163,"GDPR_Art5_1b, DPDPA_S8"
tenant-a_log_05.json,123456789012,AWS_ACCOUNT_ID,5405,5417,"GDPR_Art5_1b, DPDPA_S8"
tenant-a_log_05.json,123456789012,AWS_ACCOUNT_ID,6272,6284,"GDPR_Art5_1b, DPDPA_S8"
tenant-a_log_05.json,123456789012,AWS_ACCOUNT_ID,6436,6448,"GDPR_Art5_1b, DPDPA_S8"
tenant-a_log_05.json,123456789012,AWS_ACCOUNT_ID,6688,6700,"GDPR_Art5_1b, DPDPA_S8"
tenant-a_log_05.json,123456789012,AWS_ACCOUNT_ID,7557,7569,"GDPR_Art5_1b, DPDPA_S8"
tenant-a_log_05.json,123456789012,AWS_ACCOUNT_ID,7721,7733,"GDPR_Art5_1b, DPDPA_S8"
tenant-a_log_05.json,123456789012,AWS_ACCOUNT_ID,7973,7985,"GDPR_Art5_1b, DPDPA_S8"
tenant-a_log_05.json,123456789012,AWS_ACCOUNT_ID,8847,8859,"GDPR_Art5_1b, DPDPA_S8"
tenant-a_log_05.json,123456789012,AWS_ACCOUNT_ID,9011,9023,"GDPR_Art5_1b, DPDPA_S8"
tenant-a_log_05.json,123456789012,AWS_ACCOUNT_ID,9264,9276,"GDPR_Art5_1b, DPDPA_S8"
tenant-a_log_05.json,123456789012,AWS_ACCOUNT_ID,10144,10156,"GDPR_Art5_1b, DPDPA_S8"
tenant-a_log_05.json,123456789012,AWS_ACCOUNT_ID,10308,10320,"GDPR_Art5_1b, DPDPA_S8"
tenant-a_log_05.json,123456789012,AWS_ACCOUNT_ID,10562,10574,"GDPR_Art5_1b, DPDPA_S8"
tenant-a_log_05.json,123456789012,AWS_ACCOUNT_ID,11431,11443,"GDPR_Art5_1b, DPDPA_S8"
tenant-a_log_05.json,123456789012,AWS_ACCOUNT_ID,11595,11607,"GDPR_Art5_1b, DPDPA_S8"
tenant-a_log_05.json,123456789012,AWS_ACCOUNT_ID,11848,11860,"GDPR_Art5_1b, DPDPA_S8"
tenant-a_log_05.json,123456789012,AWS_ACCOUNT_ID,12719,12731,"GDPR_Art5_1b, DPDPA_S8"
tenant-a_log_05.json,123456789012,AWS_ACCOUNT_ID,12883,12895,"GDPR_Art5_1b, DPDPA_S8"
tenant-a_log_05.json,123456789012,AWS_ACCOUNT_ID,13137,13149,"GDPR_Art5_1b, DPDPA_S8"
tenant-a_log_05.json,123456789012,AWS_ACCOUNT_ID,14004,14016,"GDPR_Art5_1b, DPDPA_S8"
tenant-a_log_05.json,123456789012,AWS_ACCOUNT_ID,14168,14180,"GDPR_Art5_1b, DPDPA_S8"
tenant-a_log_05.json,123456789012,AWS_ACCOUNT_ID,14422,14434,"GDPR_Art5_1b, DPDPA_S8"
tenant-a_log_05.json,123456789012,AWS_ACCOUNT_ID,15298,15310,"GDPR_Art5_1b, DPDPA_S8"
tenant-a_log_05.json,123456789012,AWS_ACCOUNT_ID,15462,15474,"GDPR_Art5_1b, DPDPA_S8"
tenant-a_log_05.json,123456789012,AWS_ACCOUNT_ID,15714,15726,"GDPR_Art5_1b, DPDPA_S8"
tenant-a_log_05.json,123456789012,AWS_ACCOUNT_ID,16588,16600,"GDPR_Art5_1b, DPDPA_S8"
tenant-a_log_05.json,123456789012,AWS_ACCOUNT_ID,16752,16764,"GDPR_Art5_1b, DPDPA_S8"
tenant-a_log_05.json,123456789012,AWS_ACCOUNT_ID,17006,17018,"GDPR_Art5_1b, DPDPA_S8"
tenant-a_log_05.json,123456789012,AWS_ACCOUNT_ID,17881,17893,"GDPR_Art5_1b, DPDPA_S8"
tenant-a_log_05.json,123456789012,AWS_ACCOUNT_ID,18045,18057,"GDPR_Art5_1b, DPDPA_S8"
tenant-a_log_05.json,123456789012,AWS_ACCOUNT_ID,18299,18311,"GDPR_Art5_1b, DPDPA_S8"
tenant-a_log_05.json,123456789012,AWS_ACCOUNT_ID,19167,19179,"GDPR_Art5_1b, DPDPA_S8"
tenant-a_log_05.json,123456789012,AWS_ACCOUNT_ID,19331,19343,"GDPR_Art5_1b, DPDPA_S8"
tenant-a_log_05.json,123456789012,AWS_ACCOUNT_ID,19585,19597,"GDPR_Art5_1b, DPDPA_S8"
tenant-a_log_05.json,123456789012,AWS_ACCOUNT_ID,20457,20469,"GDPR_Art5_1b, DPDPA_S8"
tenant-a_log_05.json,123456789012,AWS_ACCOUNT_ID,20621,20633,"GDPR_Art5_1b, DPDPA_S8"
tenant-a_log_05.json,123456789012,AWS_ACCOUNT_ID,20873,20885,"GDPR_Art5_1b, DPDPA_S8"
tenant-a_log_05.json,123456789012,AWS_ACCOUNT_ID,21743,21755,"GDPR_Art5_1b, DPDPA_S8"
tenant-a_log_05.json,123456789012,AWS_ACCOUNT_ID,21907,21919,"GDPR_Art5_1b, DPDPA_S8"
tenant-a_log_05.json,123456789012,AWS_ACCOUNT_ID,22160,22172,"GDPR_Art5_1b, DPDPA_S8"
tenant-a_log_05.json,123456789012,AWS_ACCOUNT_ID,23024,23036,"GDPR_Art5_1b, DPDPA_S8"
tenant-a_log_05.json,123456789012,AWS_ACCOUNT_ID,23188,23200,"GDPR_Art5_1b, DPDPA_S8"
tenant-a_log_05.json,123456789012,AWS_ACCOUNT_ID,23441,23453,"GDPR_Art5_1b, DPDPA_S8"
tenant-a_log_05.json,123456789012,AWS_ACCOUNT_ID,24311,24323,"GDPR_Art5_1b, DPDPA_S8"
tenant-a_log_05.json,123456789012,AWS_ACCOUNT_ID,24475,24487,"GDPR_Art5_1b, DPDPA_S8"
tenant-a_log_05.json,123456789012,AWS_ACCOUNT_ID,24727,24739,"GDPR_Art5_1b, DPDPA_S8"
tenant-a_log_05.json,123456789012,AWS_ACCOUNT_ID,25599,25611,"GDPR_Art5_1b, DPDPA_S8"
tenant-a_log_05.json,123456789012,AWS_ACCOUNT_ID,25763,25775,"GDPR_Art5_1b, DPDPA_S8"
tenant-a_log_05.json,123456789012,AWS_ACCOUNT_ID,26015,26027,"GDPR_Art5_1b, DPDPA_S8"
tenant-a_log_05.json,123456789012,AWS_ACCOUNT_ID,26886,26898,"GDPR_Art5_1b, DPDPA_S8"
tenant-a_log_05.json,123456789012,AWS_ACCOUNT_ID,27050,27062,"GDPR_Art5_1b, DPDPA_S8"
tenant-a_log_05.json,123456789012,AWS_ACCOUNT_ID,27303,27315,"GDPR_Art5_1b, DPDPA_S8"
tenant-a_log_05.json,123456789012,AWS_ACCOUNT_ID,28172,28184,"GDPR_Art5_1b, DPDPA_S8"
tenant-a_log_05.json,123456789012,AWS_ACCOUNT_ID,28336,28348,"GDPR_Art5_1b, DPDPA_S8"
tenant-a_log_05.json,123456789012,AWS_ACCOUNT_ID,28590,28602,"GDPR_Art5_1b, DPDPA_S8"
tenant-a_log_05.json,123456789012,AWS_ACCOUNT_ID,29464,29476,"GDPR_Art5_1b, DPDPA_S8"
tenant-a_log_05.json,123456789012,AWS_ACCOUNT_ID,29628,29640,"GDPR_Art5_1b, DPDPA_S8"
tenant-a_log_05.json,123456789012,AWS_ACCOUNT_ID,29880,29892,"GDPR_Art5_1b, DPDPA_S8"
tenant-a_log_05.json,123456789012,AWS_ACCOUNT_ID,30750,30762,"GDPR_Art5_1b, DPDPA_S8"
tenant-a_log_05.json,123456789012,AWS_ACCOUNT_ID,30914,30926,"GDPR_Art5_1b, DPDPA_S8"
tenant-a_log_05.json,123456789012,AWS_ACCOUNT_ID,31166,31178,"GDPR_Art5_1b, DPDPA_S8"
tenant-a_log_05.json,123456789012,AWS_ACCOUNT_ID,32036,32048,"GDPR_Art5_1b, DPDPA_S8"
tenant-a_log_05.json,123456789012,AWS_ACCOUNT_ID,32200,32212,"GDPR_Art5_1b, DPDPA_S8"
tenant-a_log_05.json,123456789012,AWS_ACCOUNT_ID,32452,32464,"GDPR_Art5_1b, DPDPA_S8"
tenant-a_log_05.json,123456789012,AWS_ACCOUNT_ID,33320,33332,"GDPR_Art5_1b, DPDPA_S8"
tenant-a_log_05.json,123456789012,AWS_ACCOUNT_ID,33484,33496,"GDPR_Art5_1b, DPDPA_S8"
tenant-a_log_05.json,123456789012,AWS_ACCOUNT_ID,33737,33749,"GDPR_Art5_1b, DPDPA_S8"
tenant-a_log_05.json,123456789012,AWS_ACCOUNT_ID,34603,34615,"GDPR_Art5_1b, DPDPA_S8"
tenant-a_log_05.json,123456789012,AWS_ACCOUNT_ID,34767,34779,"GDPR_Art5_1b, DPDPA_S8"
tenant-a_log_05.json,123456789012,AWS_ACCOUNT_ID,35019,35031,"GDPR_Art5_1b, DPDPA_S8"
tenant-a_log_05.json,123456789012,AWS_ACCOUNT_ID,35892,35904,"GDPR_Art5_1b, DPDPA_S8"
tenant-a_log_05.json,123456789012,AWS_ACCOUNT_ID,36056,36068,"GDPR_Art5_1b, DPDPA_S8"
tenant-a_log_05.json,123456789012,AWS_ACCOUNT_ID,36309,36321,"GDPR_Art5_1b, DPDPA_S8"
tenant-a_log_05.json,123456789012,AWS_ACCOUNT_ID,37178,37190,"GDPR_Art5_1b, DPDPA_S8"
tenant-a_log_05.json,123456789012,AWS_ACCOUNT_ID,37342,37354,"GDPR_Art5_1b, DPDPA_S8"
tenant-a_log_05.json,123456789012,AWS_ACCOUNT_ID,37595,37607,"GDPR_Art5_1b, DPDPA_S8"
tenant-a_log_05.json,123456789012,AWS_ACCOUNT_ID,38465,38477,"GDPR_Art5_1b, DPDPA_S8"
tenant-a_log_05.json,123456789012,AWS_ACCOUNT_ID,38629,38641,"GDPR_Art5_1b, DPDPA_S8"
tenant-a_log_05.json,123456789012,AWS_ACCOUNT_ID,38883,38895,"GDPR_Art5_1b, DPDPA_S8"
tenant-a_log_05.json,123456789012,AWS_ACCOUNT_ID,39754,39766,"GDPR_Art5_1b, DPDPA_S8"
tenant-a_log_05.json,123456789012,AWS_ACCOUNT_ID,39918,39930,"GDPR_Art5_1b, DPDPA_S8"
tenant-a_log_05.json,123456789012,AWS_ACCOUNT_ID,40170,40182,"GDPR_Art5_1b, DPDPA_S8"
tenant-a_log_05.json,123456789012,AWS_ACCOUNT_ID,41036,41048,"GDPR_Art5_1b, DPDPA_S8"
tenant-a_log_05.json,123456789012,AWS_ACCOUNT_ID,41200,41212,"GDPR_Art5_1b, DPDPA_S8"
tenant-a_log_05.json,123456789012,AWS_ACCOUNT_ID,41452,41464,"GDPR_Art5_1b, DPDPA_S8"
tenant-a_log_05.json,123456789012,AWS_ACCOUNT_ID,42318,42330,"GDPR_Art5_1b, DPDPA_S8"
tenant-a_log_05.json,123456789012,AWS_ACCOUNT_ID,42482,42494,"GDPR_Art5_1b, DPDPA_S8"
tenant-a_log_05.json,123456789012,AWS_ACCOUNT_ID,42734,42746,"GDPR_Art5_1b, DPDPA_S8"
tenant-a_log_05.json,123456789012,AWS_ACCOUNT_ID,43600,43612,"GDPR_Art5_1b, DPDPA_S8"
tenant-a_log_05.json,123456789012,AWS_ACCOUNT_ID,43764,43776,"GDPR_Art5_1b, DPDPA_S8"
tenant-a_log_05.json,123456789012,AWS_ACCOUNT_ID,44018,44030,"GDPR_Art5_1b, DPDPA_S8"
tenant-a_log_05.json,123456789012,AWS_ACCOUNT_ID,44883,44895,"GDPR_Art5_1b, DPDPA_S8"
tenant-a_log_05.json,123456789012,AWS_ACCOUNT_ID,45047,45059,"GDPR_Art5_1b, DPDPA_S8"
tenant-a_log_05.json,123456789012,AWS_ACCOUNT_ID,45300,45312,"GDPR_Art5_1b, DPDPA_S8"
tenant-a_log_05.json,123456789012,AWS_ACCOUNT_ID,46171,46183,"GDPR_Art5_1b, DPDPA_S8"
tenant-a_log_05.json,123456789012,AWS_ACCOUNT_ID,46335,46347,"GDPR_Art5_1b, DPDPA_S8"
tenant-a_log_05.json,123456789012,AWS_ACCOUNT_ID,46589,46601,"GDPR_Art5_1b, DPDPA_S8"
tenant-a_log_05.json,123456789012,AWS_ACCOUNT_ID,47457,47469,"GDPR_Art5_1b, DPDPA_S8"
tenant-a_log_05.json,123456789012,AWS_ACCOUNT_ID,47621,47633,"GDPR_Art5_1b, DPDPA_S8"
tenant-a_log_05.json,123456789012,AWS_ACCOUNT_ID,47875,47887,"GDPR_Art5_1b, DPDPA_S8"
tenant-a_log_05.json,123456789012,AWS_ACCOUNT_ID,48749,48761,"GDPR_Art5_1b, DPDPA_S8"
tenant-a_log_05.json,123456789012,AWS_ACCOUNT_ID,48913,48925,"GDPR_Art5_1b, DPDPA_S8"
tenant-a_log_05.json,123456789012,AWS_ACCOUNT_ID,49167,49179,"GDPR_Art5_1b, DPDPA_S8"
tenant-a_log_05.json,123456789012,AWS_ACCOUNT_ID,50036,50048,"GDPR_Art5_1b, DPDPA_S8"
tenant-a_log_05.json,123456789012,AWS_ACCOUNT_ID,50200,50212,"GDPR_Art5_1b, DPDPA_S8"
tenant-a_log_05.json,123456789012,AWS_ACCOUNT_ID,50454,50466,"GDPR_Art5_1b, DPDPA_S8"
tenant-a_log_05.json,123456789012,AWS_ACCOUNT_ID,51327,51339,"GDPR_Art5_1b, DPDPA_S8"
tenant-a_log_05.json,123456789012,AWS_ACCOUNT_ID,51491,51503,"GDPR_Art5_1b, DPDPA_S8"
tenant-a_log_06.json,carol.smith,PERSON,286,297,"GDPR_Art5_1a, DPDPA_S8"
tenant-a_log_06.json,alice.chen,PERSON,1574,1584,"GDPR_Art5_1a, DPDPA_S8"
tenant-a_log_06.json,bob.kumar,PERSON,2860,2869,"GDPR_Art5_1a, DPDPA_S8"
tenant-a_log_06.json,alice.chen,PERSON,4150,4160,"GDPR_Art5_1a, DPDPA_S8"
tenant-a_log_06.json,carol.smith,PERSON,5446,5457,"GDPR_Art5_1a, DPDPA_S8"
tenant-a_log_06.json,bob.kumar,PERSON,6738,6747,"GDPR_Art5_1a, DPDPA_S8"
tenant-a_log_06.json,alice.chen,PERSON,8021,8031,"GDPR_Art5_1a, DPDPA_S8"
tenant-a_log_06.json,alice.chen,PERSON,9306,9316,"GDPR_Art5_1a, DPDPA_S8"
tenant-a_log_06.json,alice.chen,PERSON,10595,10605,"GDPR_Art5_1a, DPDPA_S8"
tenant-a_log_06.json,carol.smith,PERSON,11884,11895,"GDPR_Art5_1a, DPDPA_S8"
tenant-a_log_06.json,carol.smith,PERSON,13176,13187,"GDPR_Art5_1a, DPDPA_S8"
tenant-a_log_06.json,bob.kumar,PERSON,14464,14473,"GDPR_Art5_1a, DPDPA_S8"
tenant-a_log_06.json,alice.chen,PERSON,15748,15758,"GDPR_Art5_1a, DPDPA_S8"
tenant-a_log_06.json,carol.smith,PERSON,17036,17047,"GDPR_Art5_1a, DPDPA_S8"
tenant-a_log_06.json,alice.chen,PERSON,18323,18333,"GDPR_Art5_1a, DPDPA_S8"
tenant-a_log_06.json,alice.chen,PERSON,19609,19619,"GDPR_Art5_1a, DPDPA_S8"
tenant-a_log_06.json,carol.smith,PERSON,20897,20908,"GDPR_Art5_1a, DPDPA_S8"
tenant-a_log_06.json,alice.chen,PERSON,22186,22196,"GDPR_Art5_1a, DPDPA_S8"
tenant-a_log_06.json,bob.kumar,PERSON,23467,23476,"GDPR_Art5_1a, DPDPA_S8"
tenant-a_log_06.json,alice.chen,PERSON,24751,24761,"GDPR_Art5_1a, DPDPA_S8"
tenant-a_log_06.json,carol.smith,PERSON,26038,26049,"GDPR_Art5_1a, DPDPA_S8"
tenant-a_log_06.json,carol.smith,PERSON,27326,27337,"GDPR_Art5_1a, DPDPA_S8"
tenant-a_log_06.json,bob.kumar,PERSON,28616,28625,"GDPR_Art5_1a, DPDPA_S8"
tenant-a_log_06.json,bob.kumar,PERSON,29906,29915,"GDPR_Art5_1a, DPDPA_S8"
tenant-a_log_06.json,bob.kumar,PERSON,31193,31202,"GDPR_Art5_1a, DPDPA_S8"
tenant-a_log_06.json,bob.kumar,PERSON,32486,32495,"GDPR_Art5_1a, DPDPA_S8"
tenant-a_log_06.json,carol.smith,PERSON,33773,33784,"GDPR_Art5_1a, DPDPA_S8"
tenant-a_log_06.json,alice.chen,PERSON,35063,35073,"GDPR_Art5_1a, DPDPA_S8"
tenant-a_log_06.json,alice.chen,PERSON,36350,36360,"GDPR_Art5_1a, DPDPA_S8"
tenant-a_log_06.json,bob.kumar,PERSON,37640,37649,"GDPR_Art5_1a, DPDPA_S8"
tenant-a_log_06.json,bob.kumar,PERSON,38927,38936,"GDPR_Art5_1a, DPDPA_S8"
tenant-a_log_06.json,alice.chen,PERSON,40213,40223,"GDPR_Art5_1a, DPDPA_S8"
tenant-a_log_06.json,carol.smith,PERSON,41494,41505,"GDPR_Art5_1a, DPDPA_S8"
tenant-a_log_06.json,carol.smith,PERSON,42782,42793,"GDPR_Art5_1a, DPDPA_S8"
tenant-a_log_06.json,alice.chen,PERSON,44062,44072,"GDPR_Art5_1a, DPDPA_S8"
tenant-a_log_06.json,bob.kumar,PERSON,45345,45354,"GDPR_Art5_1a, DPDPA_S8"
tenant-a_log_06.json,alice.chen,PERSON,46628,46638,"GDPR_Art5_1a, DPDPA_S8"
tenant-a_log_06.json,carol.smith,PERSON,47915,47926,"GDPR_Art5_1a, DPDPA_S8"
tenant-a_log_06.json,bob.kumar,PERSON,49201,49210,"GDPR_Art5_1a, DPDPA_S8"
tenant-a_log_06.json,alice.chen,PERSON,50481,50491,"GDPR_Art5_1a, DPDPA_S8"
tenant-a_log_06.json,219.195.192.159,IP_ADDRESS,685,700,"GDPR_Art5_1b, DPDPA_S8"
tenant-a_log_06.json,177.226.128.62,IP_ADDRESS,1972,1986,"GDPR_Art5_1b, DPDPA_S8"
tenant-a_log_06.json,202.175.226.87,IP_ADDRESS,3257,3271,"GDPR_Art5_1b, DPDPA_S8"
tenant-a_log_06.json,164.130.132.12,IP_ADDRESS,4548,4562,"GDPR_Art5_1b, DPDPA_S8"
tenant-a_log_06.json,212.167.104.253,IP_ADDRESS,5845,5860,"GDPR_Art5_1b, DPDPA_S8"
tenant-a_log_06.json,51.255.61.131,IP_ADDRESS,7135,7148,"GDPR_Art5_1b, DPDPA_S8"
tenant-a_log_06.json,52.59.191.149,IP_ADDRESS,8419,8432,"GDPR_Art5_1b, DPDPA_S8"
tenant-a_log_06.json,154.103.211.184,IP_ADDRESS,9704,9719,"GDPR_Art5_1b, DPDPA_S8"
tenant-a_log_06.json,195.112.4.110,IP_ADDRESS,10993,11006,"GDPR_Art5_1b, DPDPA_S8"
tenant-a_log_06.json,50.227.169.163,IP_ADDRESS,12283,12297,"GDPR_Art5_1b, DPDPA_S8"
tenant-a_log_06.json,166.58.38.115,IP_ADDRESS,13575,13588,"GDPR_Art5_1b, DPDPA_S8"
tenant-a_log_06.json,50.50.83.107,IP_ADDRESS,14861,14873,"GDPR_Art5_1b, DPDPA_S8"
tenant-a_log_06.json,217.204.72.11,IP_ADDRESS,16146,16159,"GDPR_Art5_1b, DPDPA_S8"
tenant-a_log_06.json,101.242.33.149,IP_ADDRESS,17435,17449,"GDPR_Art5_1b, DPDPA_S8"
tenant-a_log_06.json,184.242.18.35,IP_ADDRESS,18721,18734,"GDPR_Art5_1b, DPDPA_S8"
tenant-a_log_06.json,208.224.56.40,IP_ADDRESS,20007,20020,"GDPR_Art5_1b, DPDPA_S8"
tenant-a_log_06.json,27.31.58.221,IP_ADDRESS,21296,21308,"GDPR_Art5_1b, DPDPA_S8"
tenant-a_log_06.json,92.150.19.0,IP_ADDRESS,22584,22595,"GDPR_Art5_1b, DPDPA_S8"
tenant-a_log_06.json,68.190.126.228,IP_ADDRESS,23864,23878,"GDPR_Art5_1b, DPDPA_S8"
tenant-a_log_06.json,1.230.40.98,IP_ADDRESS,25149,25160,"GDPR_Art5_1b, DPDPA_S8"
tenant-a_log_06.json,59.192.66.180,IP_ADDRESS,26437,26450,"GDPR_Art5_1b, DPDPA_S8"
tenant-a_log_06.json,91.167.186.195,IP_ADDRESS,27725,27739,"GDPR_Art5_1b, DPDPA_S8"
tenant-a_log_06.json,221.179.166.236,IP_ADDRESS,29013,29028,"GDPR_Art5_1b, DPDPA_S8"
tenant-a_log_06.json,147.223.37.136,IP_ADDRESS,30303,30317,"GDPR_Art5_1b, DPDPA_S8"
tenant-a_log_06.json,2.137.42.245,IP_ADDRESS,31590,31602,"GDPR_Art5_1b, DPDPA_S8"
tenant-a_log_06.json,129.248.111.4,IP_ADDRESS,32883,32896,"GDPR_Art5_1b, DPDPA_S8"
tenant-a_log_06.json,94.172.74.104,IP_ADDRESS,34172,34185,"GDPR_Art5_1b, DPDPA_S8"
tenant-a_log_06.json,28.15.171.47,IP_ADDRESS,35461,35473,"GDPR_Art5_1b, DPDPA_S8"
tenant-a_log_06.json,146.173.75.91,IP_ADDRESS,36748,36761,"GDPR_Art5_1b, DPDPA_S8"
tenant-a_log_06.json,52.69.154.126,IP_ADDRESS,38037,38050,"GDPR_Art5_1b, DPDPA_S8"
tenant-a_log_06.json,40.200.183.22,IP_ADDRESS,39321,39334,"GDPR_Art5_1b, DPDPA_S8"
tenant-a_log_06.json,55.188.156.61,IP_ADDRESS,40608,40621,"GDPR_Art5_1b, DPDPA_S8"
tenant-a_log_06.json,213.122.194.86,IP_ADDRESS,41890,41904,"GDPR_Art5_1b, DPDPA_S8"
tenant-a_log_06.json,119.7.150.22,IP_ADDRESS,43178,43190,"GDPR_Art5_1b, DPDPA_S8"
tenant-a_log_06.json,69.149.197.236,IP_ADDRESS,44457,44471,"GDPR_Art5_1b, DPDPA_S8"
tenant-a_log_06.json,94.3.142.212,IP_ADDRESS,45739,45751,"GDPR_Art5_1b, DPDPA_S8"
tenant-a_log_06.json,152.134.47.153,IP_ADDRESS,47023,47037,"GDPR_Art5_1b, DPDPA_S8"
tenant-a_log_06.json,207.90.79.161,IP_ADDRESS,48311,48324,"GDPR_Art5_1b, DPDPA_S8"
tenant-a_log_06.json,63.246.62.130,IP_ADDRESS,49595,49608,"GDPR_Art5_1b, DPDPA_S8"
tenant-a_log_06.json,45.69.16.79,IP_ADDRESS,50876,50887,"GDPR_Art5_1b, DPDPA_S8"
tenant-a_log_06.json,arn:aws:iam::123456789012:user/carol.smith,AWS_ARN,183,225,"GDPR_Art5_1b, DPDPA_S8"
tenant-a_log_06.json,arn:aws:s3:::tenant-a-data,AWS_ARN,1068,1094,"GDPR_Art5_1b, DPDPA_S8"
tenant-a_log_06.json,arn:aws:iam::123456789012:user/alice.chen,AWS_ARN,1472,1513,"GDPR_Art5_1b, DPDPA_S8"
tenant-a_log_06.json,arn:aws:s3:::tenant-a-data,AWS_ARN,2355,2381,"GDPR_Art5_1b, DPDPA_S8"
tenant-a_log_06.json,arn:aws:iam::123456789012:user/bob.kumar,AWS_ARN,2759,2799,"GDPR_Art5_1b, DPDPA_S8"
tenant-a_log_06.json,arn:aws:s3:::tenant-a-backup,AWS_ARN,3642,3670,"GDPR_Art5_1b, DPDPA_S8"
tenant-a_log_06.json,arn:aws:iam::123456789012:user/alice.chen,AWS_ARN,4048,4089,"GDPR_Art5_1b, DPDPA_S8"
tenant-a_log_06.json,arn:aws:s3:::tenant-a-data,AWS_ARN,4939,4965,"GDPR_Art5_1b, DPDPA_S8"
tenant-a_log_06.json,arn:aws:iam::123456789012:user/carol.smith,AWS_ARN,5343,5385,"GDPR_Art5_1b, DPDPA_S8"
tenant-a_log_06.json,arn:aws:s3:::tenant-a-backup,AWS_ARN,6231,6259,"GDPR_Art5_1b, DPDPA_S8"
tenant-a_log_06.json,arn:aws:iam::123456789012:user/bob.kumar,AWS_ARN,6637,6677,"GDPR_Art5_1b, DPDPA_S8"
tenant-a_log_06.json,arn:aws:s3:::tenant-a-data,AWS_ARN,7515,7541,"GDPR_Art5_1b, DPDPA_S8"
tenant-a_log_06.json,arn:aws:iam::123456789012:user/alice.chen,AWS_ARN,7919,7960,"GDPR_Art5_1b, DPDPA_S8"
tenant-a_log_06.json,arn:aws:s3:::tenant-a-data,AWS_ARN,8800,8826,"GDPR_Art5_1b, DPDPA_S8"
tenant-a_log_06.json,arn:aws:iam::123456789012:user/alice.chen,AWS_ARN,9204,9245,"GDPR_Art5_1b, DPDPA_S8"
tenant-a_log_06.json,arn:aws:s3:::tenant-a-data,AWS_ARN,10089,10115,"GDPR_Art5_1b, DPDPA_S8"
tenant-a_log_06.json,arn:aws:iam::123456789012:user/alice.chen,AWS_ARN,10493,10534,"GDPR_Art5_1b, DPDPA_S8"
tenant-a_log_06.json,arn:aws:s3:::tenant-a-backup,AWS_ARN,11375,11403,"GDPR_Art5_1b, DPDPA_S8"
tenant-a_log_06.json,arn:aws:iam::123456789012:user/carol.smith,AWS_ARN,11781,11823,"GDPR_Art5_1b, DPDPA_S8"
tenant-a_log_06.json,arn:aws:s3:::tenant-a-backup,AWS_ARN,12667,12695,"GDPR_Art5_1b, DPDPA_S8"
tenant-a_log_06.json,arn:aws:iam::123456789012:user/carol.smith,AWS_ARN,13073,13115,"GDPR_Art5_1b, DPDPA_S8"
tenant-a_log_06.json,arn:aws:s3:::tenant-a-backup,AWS_ARN,13957,13985,"GDPR_Art5_1b, DPDPA_S8"
tenant-a_log_06.json,arn:aws:iam::123456789012:user/bob.kumar,AWS_ARN,14363,14403,"GDPR_Art5_1b, DPDPA_S8"
tenant-a_log_06.json,arn:aws:s3:::tenant-a-data,AWS_ARN,15242,15268,"GDPR_Art5_1b, DPDPA_S8"
tenant-a_log_06.json,arn:aws:iam::123456789012:user/alice.chen,AWS_ARN,15646,15687,"GDPR_Art5_1b, DPDPA_S8"
tenant-a_log_06.json,arn:aws:s3:::tenant-a-data,AWS_ARN,16529,16555,"GDPR_Art5_1b, DPDPA_S8"
tenant-a_log_06.json,arn:aws:iam::123456789012:user/carol.smith,AWS_ARN,16933,16975,"GDPR_Art5_1b, DPDPA_S8"
tenant-a_log_06.json,arn:aws:s3:::tenant-a-data,AWS_ARN,17817,17843,"GDPR_Art5_1b, DPDPA_S8"
tenant-a_log_06.json,arn:aws:iam::123456789012:user/alice.chen,AWS_ARN,18221,18262,"GDPR_Art5_1b, DPDPA_S8"
tenant-a_log_06.json,arn:aws:s3:::tenant-a-data,AWS_ARN,19103,19129,"GDPR_Art5_1b, DPDPA_S8"
tenant-a_log_06.json,arn:aws:iam::123456789012:user/alice.chen,AWS_ARN,19507,19548,"GDPR_Art5_1b, DPDPA_S8"
tenant-a_log_06.json,arn:aws:s3:::tenant-a-backup,AWS_ARN,20388,20416,"GDPR_Art5_1b, DPDPA_S8"
tenant-a_log_06.json,arn:aws:iam::123456789012:user/carol.smith,AWS_ARN,20794,20836,"GDPR_Art5_1b, DPDPA_S8"
tenant-a_log_06.json,arn:aws:s3:::tenant-a-backup,AWS_ARN,21678,21706,"GDPR_Art5_1b, DPDPA_S8"
tenant-a_log_06.json,arn:aws:iam::123456789012:user/alice.chen,AWS_ARN,22084,22125,"GDPR_Art5_1b, DPDPA_S8"
tenant-a_log_06.json,arn:aws:s3:::tenant-a-data,AWS_ARN,22962,22988,"GDPR_Art5_1b, DPDPA_S8"
tenant-a_log_06.json,arn:aws:iam::123456789012:user/bob.kumar,AWS_ARN,23366,23406,"GDPR_Art5_1b, DPDPA_S8"
tenant-a_log_06.json,arn:aws:s3:::tenant-a-data,AWS_ARN,24245,24271,"GDPR_Art5_1b, DPDPA_S8"
tenant-a_log_06.json,arn:aws:iam::123456789012:user/alice.chen,AWS_ARN,24649,24690,"GDPR_Art5_1b, DPDPA_S8"
tenant-a_log_06.json,arn:aws:s3:::tenant-a-data,AWS_ARN,25531,25557,"GDPR_Art5_1b, DPDPA_S8"
tenant-a_log_06.json,arn:aws:iam::123456789012:user/carol.smith,AWS_ARN,25935,25977,"GDPR_Art5_1b, DPDPA_S8"
tenant-a_log_06.json,arn:aws:s3:::tenant-a-data,AWS_ARN,26819,26845,"GDPR_Art5_1b, DPDPA_S8"
tenant-a_log_06.json,arn:aws:iam::123456789012:user/carol.smith,AWS_ARN,27223,27265,"GDPR_Art5_1b, DPDPA_S8"
tenant-a_log_06.json,arn:aws:s3:::tenant-a-backup,AWS_ARN,28109,28137,"GDPR_Art5_1b, DPDPA_S8"
tenant-a_log_06.json,arn:aws:iam::123456789012:user/bob.kumar,AWS_ARN,28515,28555,"GDPR_Art5_1b, DPDPA_S8"
tenant-a_log_06.json,arn:aws:s3:::tenant-a-backup,AWS_ARN,29399,29427,"GDPR_Art5_1b, DPDPA_S8"
tenant-a_log_06.json,arn:aws:iam::123456789012:user/bob.kumar,AWS_ARN,29805,29845,"GDPR_Art5_1b, DPDPA_S8"
tenant-a_log_06.json,arn:aws:s3:::tenant-a-backup,AWS_ARN,30686,30714,"GDPR_Art5_1b, DPDPA_S8"
tenant-a_log_06.json,arn:aws:iam::123456789012:user/bob.kumar,AWS_ARN,31092,31132,"GDPR_Art5_1b, DPDPA_S8"
tenant-a_log_06.json,arn:aws:s3:::tenant-a-backup,AWS_ARN,31979,32007,"GDPR_Art5_1b, DPDPA_S8"
tenant-a_log_06.json,arn:aws:iam::123456789012:user/bob.kumar,AWS_ARN,32385,32425,"GDPR_Art5_1b, DPDPA_S8"
tenant-a_log_06.json,arn:aws:s3:::tenant-a-backup,AWS_ARN,33264,33292,"GDPR_Art5_1b, DPDPA_S8"
tenant-a_log_06.json,arn:aws:iam::123456789012:user/carol.smith,AWS_ARN,33670,33712,"GDPR_Art5_1b, DPDPA_S8"
tenant-a_log_06.json,arn:aws:s3:::tenant-a-backup,AWS_ARN,34555,34583,"GDPR_Art5_1b, DPDPA_S8"
tenant-a_log_06.json,arn:aws:iam::123456789012:user/alice.chen,AWS_ARN,34961,35002,"GDPR_Art5_1b, DPDPA_S8"
tenant-a_log_06.json,arn:aws:s3:::tenant-a-data,AWS_ARN,35844,35870,"GDPR_Art5_1b, DPDPA_S8"
tenant-a_log_06.json,arn:aws:iam::123456789012:user/alice.chen,AWS_ARN,36248,36289,"GDPR_Art5_1b, DPDPA_S8"
tenant-a_log_06.json,arn:aws:s3:::tenant-a-data,AWS_ARN,37135,37161,"GDPR_Art5_1b, DPDPA_S8"
tenant-a_log_06.json,arn:aws:iam::123456789012:user/bob.kumar,AWS_ARN,37539,37579,"GDPR_Art5_1b, DPDPA_S8"
tenant-a_log_06.json,arn:aws:s3:::tenant-a-data,AWS_ARN,38422,38448,"GDPR_Art5_1b, DPDPA_S8"
tenant-a_log_06.json,arn:aws:iam::123456789012:user/bob.kumar,AWS_ARN,38826,38866,"GDPR_Art5_1b, DPDPA_S8"
tenant-a_log_06.json,arn:aws:s3:::tenant-a-backup,AWS_ARN,39705,39733,"GDPR_Art5_1b, DPDPA_S8"
tenant-a_log_06.json,arn:aws:iam::123456789012:user/alice.chen,AWS_ARN,40111,40152,"GDPR_Art5_1b, DPDPA_S8"
tenant-a_log_06.json,arn:aws:s3:::tenant-a-data,AWS_ARN,40987,41013,"GDPR_Art5_1b, DPDPA_S8"
tenant-a_log_06.json,arn:aws:iam::123456789012:user/carol.smith,AWS_ARN,41391,41433,"GDPR_Art5_1b, DPDPA_S8"
tenant-a_log_06.json,arn:aws:s3:::tenant-a-backup,AWS_ARN,42273,42301,"GDPR_Art5_1b, DPDPA_S8"
tenant-a_log_06.json,arn:aws:iam::123456789012:user/carol.smith,AWS_ARN,42679,42721,"GDPR_Art5_1b, DPDPA_S8"
tenant-a_log_06.json,arn:aws:s3:::tenant-a-data,AWS_ARN,43556,43582,"GDPR_Art5_1b, DPDPA_S8"
tenant-a_log_06.json,arn:aws:iam::123456789012:user/alice.chen,AWS_ARN,43960,44001,"GDPR_Art5_1b, DPDPA_S8"
tenant-a_log_06.json,arn:aws:s3:::tenant-a-data,AWS_ARN,44840,44866,"GDPR_Art5_1b, DPDPA_S8"
tenant-a_log_06.json,arn:aws:iam::123456789012:user/bob.kumar,AWS_ARN,45244,45284,"GDPR_Art5_1b, DPDPA_S8"
tenant-a_log_06.json,arn:aws:s3:::tenant-a-data,AWS_ARN,46122,46148,"GDPR_Art5_1b, DPDPA_S8"
tenant-a_log_06.json,arn:aws:iam::123456789012:user/alice.chen,AWS_ARN,46526,46567,"GDPR_Art5_1b, DPDPA_S8"
tenant-a_log_06.json,arn:aws:s3:::tenant-a-backup,AWS_ARN,47406,47434,"GDPR_Art5_1b, DPDPA_S8"
tenant-a_log_06.json,arn:aws:iam::123456789012:user/carol.smith,AWS_ARN,47812,47854,"GDPR_Art5_1b, DPDPA_S8"
tenant-a_log_06.json,arn:aws:s3:::tenant-a-backup,AWS_ARN,48694,48722,"GDPR_Art5_1b, DPDPA_S8"
tenant-a_log_06.json,arn:aws:iam::123456789012:user/bob.kumar,AWS_ARN,49100,49140,"GDPR_Art5_1b, DPDPA_S8"
tenant-a_log_06.json,arn:aws:s3:::tenant-a-data,AWS_ARN,49975,50001,"GDPR_Art5_1b, DPDPA_S8"
tenant-a_log_06.json,arn:aws:iam::123456789012:user/alice.chen,AWS_ARN,50379,50420,"GDPR_Art5_1b, DPDPA_S8"
tenant-a_log_06.json,arn:aws:s3:::tenant-a-data,AWS_ARN,51255,51281,"GDPR_Art5_1b, DPDPA_S8"
tenant-a_log_06.json,123456789012,AWS_ACCOUNT_ID,250,262,"GDPR_Art5_1b, DPDPA_S8"
tenant-a_log_06.json,123456789012,AWS_ACCOUNT_ID,1121,1133,"GDPR_Art5_1b, DPDPA_S8"
tenant-a_log_06.json,123456789012,AWS_ACCOUNT_ID,1285,1297,"GDPR_Art5_1b, DPDPA_S8"
tenant-a_log_06.json,123456789012,AWS_ACCOUNT_ID,1538,1550,"GDPR_Art5_1b, DPDPA_S8"
tenant-a_log_06.json,123456789012,AWS_ACCOUNT_ID,2408,2420,"GDPR_Art5_1b, DPDPA_S8"
tenant-a_log_06.json,123456789012,AWS_ACCOUNT_ID,2572,2584,"GDPR_Art5_1b, DPDPA_S8"
tenant-a_log_06.json,123456789012,AWS_ACCOUNT_ID,2824,2836,"GDPR_Art5_1b, DPDPA_S8"
tenant-a_log_06.json,123456789012,AWS_ACCOUNT_ID,3697,3709,"GDPR_Art5_1b, DPDPA_S8"
tenant-a_log_06.json,123456789012,AWS_ACCOUNT_ID,3861,3873,"GDPR_Art5_1b, DPDPA_S8"
tenant-a_log_06.json,123456789012,AWS_ACCOUNT_ID,4114,4126,"GDPR_Art5_1b, DPDPA_S8"
tenant-a_log_06.json,123456789012,AWS_ACCOUNT_ID,4992,5004,"GDPR_Art5_1b, DPDPA_S8"
tenant-a_log_06.json,123456789012,AWS_ACCOUNT_ID,5156,5168,"GDPR_Art5_1b, DPDPA_S8"
tenant-a_log_06.json,123456789012,AWS_ACCOUNT_ID,5410,5422,"GDPR_Art5_1b, DPDPA_S8"
tenant-a_log_06.json,123456789012,AWS_ACCOUNT_ID,6286,6298,"GDPR_Art5_1b, DPDPA_S8"
tenant-a_log_06.json,123456789012,AWS_ACCOUNT_ID,6450,6462,"GDPR_Art5_1b, DPDPA_S8"
tenant-a_log_06.json,123456789012,AWS_ACCOUNT_ID,6702,6714,"GDPR_Art5_1b, DPDPA_S8"
tenant-a_log_06.json,123456789012,AWS_ACCOUNT_ID,7568,7580,"GDPR_Art5_1b, DPDPA_S8"
tenant-a_log_06.json,123456789012,AWS_ACCOUNT_ID,7732,7744,"GDPR_Art5_1b, DPDPA_S8"
tenant-a_log_06.json,123456789012,AWS_ACCOUNT_ID,7985,7997,"GDPR_Art5_1b, DPDPA_S8"
tenant-a_log_06.json,123456789012,AWS_ACCOUNT_ID,8853,8865,"GDPR_Art5_1b, DPDPA_S8"
tenant-a_log_06.json,123456789012,AWS_ACCOUNT_ID,9017,9029,"GDPR_Art5_1b, DPDPA_S8"
tenant-a_log_06.json,123456789012,AWS_ACCOUNT_ID,9270,9282,"GDPR_Art5_1b, DPDPA_S8"
tenant-a_log_06.json,123456789012,AWS_ACCOUNT_ID,10142,10154,"GDPR_Art5_1b, DPDPA_S8"
tenant-a_log_06.json,123456789012,AWS_ACCOUNT_ID,10306,10318,"GDPR_Art5_1b, DPDPA_S8"
tenant-a_log_06.json,123456789012,AWS_ACCOUNT_ID,10559,10571,"GDPR_Art5_1b, DPDPA_S8"
tenant-a_log_06.json,123456789012,AWS_ACCOUNT_ID,11430,11442,"GDPR_Art5_1b, DPDPA_S8"
tenant-a_log_06.json,123456789012,AWS_ACCOUNT_ID,11594,11606,"GDPR_Art5_1b, DPDPA_S8"
tenant-a_log_06.json,123456789012,AWS_ACCOUNT_ID,11848,11860,"GDPR_Art5_1b, DPDPA_S8"
tenant-a_log_06.json,123456789012,AWS_ACCOUNT_ID,12722,12734,"GDPR_Art5_1b, DPDPA_S8"
tenant-a_log_06.json,123456789012,AWS_ACCOUNT_ID,12886,12898,"GDPR_Art5_1b, DPDPA_S8"
tenant-a_log_06.json,123456789012,AWS_ACCOUNT_ID,13140,13152,"GDPR_Art5_1b, DPDPA_S8"
tenant-a_log_06.json,123456789012,AWS_ACCOUNT_ID,14012,14024,"GDPR_Art5_1b, DPDPA_S8"
tenant-a_log_06.json,123456789012,AWS_ACCOUNT_ID,14176,14188,"GDPR_Art5_1b, DPDPA_S8"
tenant-a_log_06.json,123456789012,AWS_ACCOUNT_ID,14428,14440,"GDPR_Art5_1b, DPDPA_S8"
tenant-a_log_06.json,123456789012,AWS_ACCOUNT_ID,15295,15307,"GDPR_Art5_1b, DPDPA_S8"
tenant-a_log_06.json,123456789012,AWS_ACCOUNT_ID,15459,15471,"GDPR_Art5_1b, DPDPA_S8"
tenant-a_log_06.json,123456789012,AWS_ACCOUNT_ID,15712,15724,"GDPR_Art5_1b, DPDPA_S8"
tenant-a_log_06.json,123456789012,AWS_ACCOUNT_ID,16582,16594,"GDPR_Art5_1b, DPDPA_S8"
tenant-a_log_06.json,123456789012,AWS_ACCOUNT_ID,16746,16758,"GDPR_Art5_1b, DPDPA_S8"
tenant-a_log_06.json,123456789012,AWS_ACCOUNT_ID,17000,17012,"GDPR_Art5_1b, DPDPA_S8"
tenant-a_log_06.json,123456789012,AWS_ACCOUNT_ID,17870,17882,"GDPR_Art5_1b, DPDPA_S8"
tenant-a_log_06.json,123456789012,AWS_ACCOUNT_ID,18034,18046,"GDPR_Art5_1b, DPDPA_S8"
tenant-a_log_06.json,123456789012,AWS_ACCOUNT_ID,18287,18299,"GDPR_Art5_1b, DPDPA_S8"
tenant-a_log_06.json,123456789012,AWS_ACCOUNT_ID,19156,19168,"GDPR_Art5_1b, DPDPA_S8"
tenant-a_log_06.json,123456789012,AWS_ACCOUNT_ID,19320,19332,"GDPR_Art5_1b, DPDPA_S8"
tenant-a_log_06.json,123456789012,AWS_ACCOUNT_ID,19573,19585,"GDPR_Art5_1b, DPDPA_S8"
tenant-a_log_06.json,123456789012,AWS_ACCOUNT_ID,20443,20455,"GDPR_Art5_1b, DPDPA_S8"
tenant-a_log_06.json,123456789012,AWS_ACCOUNT_ID,20607,20619,"GDPR_Art5_1b, DPDPA_S8"
tenant-a_log_06.json,123456789012,AWS_ACCOUNT_ID,20861,20873,"GDPR_Art5_1b, DPDPA_S8"
tenant-a_log_06.json,123456789012,AWS_ACCOUNT_ID,21733,21745,"GDPR_Art5_1b, DPDPA_S8"
tenant-a_log_06.json,123456789012,AWS_ACCOUNT_ID,21897,21909,"GDPR_Art5_1b, DPDPA_S8"
tenant-a_log_06.json,123456789012,AWS_ACCOUNT_ID,22150,22162,"GDPR_Art5_1b, DPDPA_S8"
tenant-a_log_06.json,123456789012,AWS_ACCOUNT_ID,23015,23027,"GDPR_Art5_1b, DPDPA_S8"
tenant-a_log_06.json,123456789012,AWS_ACCOUNT_ID,23179,23191,"GDPR_Art5_1b, DPDPA_S8"
tenant-a_log_06.json,123456789012,AWS_ACCOUNT_ID,23431,23443,"GDPR_Art5_1b, DPDPA_S8"
tenant-a_log_06.json,123456789012,AWS_ACCOUNT_ID,24298,24310,"GDPR_Art5_1b, DPDPA_S8"
tenant-a_log_06.json,123456789012,AWS_ACCOUNT_ID,24462,24474,"GDPR_Art5_1b, DPDPA_S8"
tenant-a_log_06.json,123456789012,AWS_ACCOUNT_ID,24715,24727,"GDPR_Art5_1b, DPDPA_S8"
tenant-a_log_06.json,123456789012,AWS_ACCOUNT_ID,25584,25596,"GDPR_Art5_1b, DPDPA_S8"
tenant-a_log_06.json,123456789012,AWS_ACCOUNT_ID,25748,25760,"GDPR_Art5_1b, DPDPA_S8"
tenant-a_log_06.json,123456789012,AWS_ACCOUNT_ID,26002,26014,"GDPR_Art5_1b, DPDPA_S8"
tenant-a_log_06.json,123456789012,AWS_ACCOUNT_ID,26872,26884,"GDPR_Art5_1b, DPDPA_S8"
tenant-a_log_06.json,123456789012,AWS_ACCOUNT_ID,27036,27048,"GDPR_Art5_1b, DPDPA_S8"
tenant-a_log_06.json,123456789012,AWS_ACCOUNT_ID,27290,27302,"GDPR_Art5_1b, DPDPA_S8"
tenant-a_log_06.json,123456789012,AWS_ACCOUNT_ID,28164,28176,"GDPR_Art5_1b, DPDPA_S8"
tenant-a_log_06.json,123456789012,AWS_ACCOUNT_ID,28328,28340,"GDPR_Art5_1b, DPDPA_S8"
tenant-a_log_06.json,123456789012,AWS_ACCOUNT_ID,28580,28592,"GDPR_Art5_1b, DPDPA_S8"
tenant-a_log_06.json,123456789012,AWS_ACCOUNT_ID,29454,29466,"GDPR_Art5_1b, DPDPA_S8"
tenant-a_log_06.json,123456789012,AWS_ACCOUNT_ID,29618,29630,"GDPR_Art5_1b, DPDPA_S8"
tenant-a_log_06.json,123456789012,AWS_ACCOUNT_ID,29870,29882,"GDPR_Art5_1b, DPDPA_S8"
tenant-a_log_06.json,123456789012,AWS_ACCOUNT_ID,30741,30753,"GDPR_Art5_1b, DPDPA_S8"
tenant-a_log_06.json,123456789012,AWS_ACCOUNT_ID,30905,30917,"GDPR_Art5_1b, DPDPA_S8"
tenant-a_log_06.json,123456789012,AWS_ACCOUNT_ID,31157,31169,"GDPR_Art5_1b, DPDPA_S8"
tenant-a_log_06.json,123456789012,AWS_ACCOUNT_ID,32034,32046,"GDPR_Art5_1b, DPDPA_S8"
tenant-a_log_06.json,123456789012,AWS_ACCOUNT_ID,32198,32210,"GDPR_Art5_1b, DPDPA_S8"
tenant-a_log_06.json,123456789012,AWS_ACCOUNT_ID,32450,32462,"GDPR_Art5_1b, DPDPA_S8"
tenant-a_log_06.json,123456789012,AWS_ACCOUNT_ID,33319,33331,"GDPR_Art5_1b, DPDPA_S8"
tenant-a_log_06.json,123456789012,AWS_ACCOUNT_ID,33483,33495,"GDPR_Art5_1b, DPDPA_S8"
tenant-a_log_06.json,123456789012,AWS_ACCOUNT_ID,33737,33749,"GDPR_Art5_1b, DPDPA_S8"
tenant-a_log_06.json,123456789012,AWS_ACCOUNT_ID,34610,34622,"GDPR_Art5_1b, DPDPA_S8"
tenant-a_log_06.json,123456789012,AWS_ACCOUNT_ID,34774,34786,"GDPR_Art5_1b, DPDPA_S8"
tenant-a_log_06.json,123456789012,AWS_ACCOUNT_ID,35027,35039,"GDPR_Art5_1b, DPDPA_S8"
tenant-a_log_06.json,123456789012,AWS_ACCOUNT_ID,35897,35909,"GDPR_Art5_1b, DPDPA_S8"
tenant-a_log_06.json,123456789012,AWS_ACCOUNT_ID,36061,36073,"GDPR_Art5_1b, DPDPA_S8"
tenant-a_log_06.json,123456789012,AWS_ACCOUNT_ID,36314,36326,"GDPR_Art5_1b, DPDPA_S8"
tenant-a_log_06.json,123456789012,AWS_ACCOUNT_ID,37188,37200,"GDPR_Art5_1b, DPDPA_S8"
tenant-a_log_06.json,123456789012,AWS_ACCOUNT_ID,37352,37364,"GDPR_Art5_1b, DPDPA_S8"
tenant-a_log_06.json,123456789012,AWS_ACCOUNT_ID,37604,37616,"GDPR_Art5_1b, DPDPA_S8"
tenant-a_log_06.json,123456789012,AWS_ACCOUNT_ID,38475,38487,"GDPR_Art5_1b, DPDPA_S8"
tenant-a_log_06.json,123456789012,AWS_ACCOUNT_ID,38639,38651,"GDPR_Art5_1b, DPDPA_S8"
tenant-a_log_06.json,123456789012,AWS_ACCOUNT_ID,38891,38903,"GDPR_Art5_1b, DPDPA_S8"
tenant-a_log_06.json,123456789012,AWS_ACCOUNT_ID,39760,39772,"GDPR_Art5_1b, DPDPA_S8"
tenant-a_log_06.json,123456789012,AWS_ACCOUNT_ID,39924,39936,"GDPR_Art5_1b, DPDPA_S8"
tenant-a_log_06.json,123456789012,AWS_ACCOUNT_ID,40177,40189,"GDPR_Art5_1b, DPDPA_S8"
tenant-a_log_06.json,123456789012,AWS_ACCOUNT_ID,41040,41052,"GDPR_Art5_1b, DPDPA_S8"
tenant-a_log_06.json,123456789012,AWS_ACCOUNT_ID,41204,41216,"GDPR_Art5_1b, DPDPA_S8"
tenant-a_log_06.json,123456789012,AWS_ACCOUNT_ID,41458,41470,"GDPR_Art5_1b, DPDPA_S8"
tenant-a_log_06.json,123456789012,AWS_ACCOUNT_ID,42328,42340,"GDPR_Art5_1b, DPDPA_S8"
tenant-a_log_06.json,123456789012,AWS_ACCOUNT_ID,42492,42504,"GDPR_Art5_1b, DPDPA_S8"
tenant-a_log_06.json,123456789012,AWS_ACCOUNT_ID,42746,42758,"GDPR_Art5_1b, DPDPA_S8"
tenant-a_log_06.json,123456789012,AWS_ACCOUNT_ID,43609,43621,"GDPR_Art5_1b, DPDPA_S8"
tenant-a_log_06.json,123456789012,AWS_ACCOUNT_ID,43773,43785,"GDPR_Art5_1b, DPDPA_S8"
tenant-a_log_06.json,123456789012,AWS_ACCOUNT_ID,44026,44038,"GDPR_Art5_1b, DPDPA_S8"
tenant-a_log_06.json,123456789012,AWS_ACCOUNT_ID,44893,44905,"GDPR_Art5_1b, DPDPA_S8"
tenant-a_log_06.json,123456789012,AWS_ACCOUNT_ID,45057,45069,"GDPR_Art5_1b, DPDPA_S8"
tenant-a_log_06.json,123456789012,AWS_ACCOUNT_ID,45309,45321,"GDPR_Art5_1b, DPDPA_S8"
tenant-a_log_06.json,123456789012,AWS_ACCOUNT_ID,46175,46187,"GDPR_Art5_1b, DPDPA_S8"
tenant-a_log_06.json,123456789012,AWS_ACCOUNT_ID,46339,46351,"GDPR_Art5_1b, DPDPA_S8"
tenant-a_log_06.json,123456789012,AWS_ACCOUNT_ID,46592,46604,"GDPR_Art5_1b, DPDPA_S8"
tenant-a_log_06.json,123456789012,AWS_ACCOUNT_ID,47461,47473,"GDPR_Art5_1b, DPDPA_S8"
tenant-a_log_06.json,123456789012,AWS_ACCOUNT_ID,47625,47637,"GDPR_Art5_1b, DPDPA_S8"
tenant-a_log_06.json,123456789012,AWS_ACCOUNT_ID,47879,47891,"GDPR_Art5_1b, DPDPA_S8"
tenant-a_log_06.json,123456789012,AWS_ACCOUNT_ID,48749,48761,"GDPR_Art5_1b, DPDPA_S8"
tenant-a_log_06.json,123456789012,AWS_ACCOUNT_ID,48913,48925,"GDPR_Art5_1b, DPDPA_S8"
tenant-a_log_06.json,123456789012,AWS_ACCOUNT_ID,49165,49177,"GDPR_Art5_1b, DPDPA_S8"
tenant-a_log_06.json,123456789012,AWS_ACCOUNT_ID,50028,50040,"GDPR_Art5_1b, DPDPA_S8"
tenant-a_log_06.json,123456789012,AWS_ACCOUNT_ID,50192,50204,"GDPR_Art5_1b, DPDPA_S8"
tenant-a_log_06.json,123456789012,AWS_ACCOUNT_ID,50445,50457,"GDPR_Art5_1b, DPDPA_S8"
tenant-a_log_06.json,123456789012,AWS_ACCOUNT_ID,51308,51320,"GDPR_Art5_1b, DPDPA_S8"
tenant-a_log_06.json,123456789012,AWS_ACCOUNT_ID,51472,51484,"GDPR_Art5_1b, DPDPA_S8"
tenant-a_log_07.json,bob.kumar,PERSON,284,293,"GDPR_Art5_1a, DPDPA_S8"
tenant-a_log_07.json,carol.smith,PERSON,1573,1584,"GDPR_Art5_1a, DPDPA_S8"
tenant-a_log_07.json,alice.chen,PERSON,2864,2874,"GDPR_Art5_1a, DPDPA_S8"
tenant-a_log_07.json,alice.chen,PERSON,4153,4163,"GDPR_Art5_1a, DPDPA_S8"
tenant-a_log_07.json,carol.smith,PERSON,5445,5456,"GDPR_Art5_1a, DPDPA_S8"
tenant-a_log_07.json,carol.smith,PERSON,6730,6741,"GDPR_Art5_1a, DPDPA_S8"
tenant-a_log_07.json,carol.smith,PERSON,8024,8035,"GDPR_Art5_1a, DPDPA_S8"
tenant-a_log_07.json,bob.kumar,PERSON,9313,9322,"GDPR_Art5_1a, DPDPA_S8"
tenant-a_log_07.json,bob.kumar,PERSON,10600,10609,"GDPR_Art5_1a, DPDPA_S8"
tenant-a_log_07.json,bob.kumar,PERSON,11887,11896,"GDPR_Art5_1a, DPDPA_S8"
tenant-a_log_07.json,bob.kumar,PERSON,13175,13184,"GDPR_Art5_1a, DPDPA_S8"
tenant-a_log_07.json,alice.chen,PERSON,14463,14473,"GDPR_Art5_1a, DPDPA_S8"
tenant-a_log_07.json,carol.smith,PERSON,15754,15765,"GDPR_Art5_1a, DPDPA_S8"
tenant-a_log_07.json,alice.chen,PERSON,17044,17054,"GDPR_Art5_1a, DPDPA_S8"
tenant-a_log_07.json,bob.kumar,PERSON,18335,18344,"GDPR_Art5_1a, DPDPA_S8"
tenant-a_log_07.json,carol.smith,PERSON,19627,19638,"GDPR_Art5_1a, DPDPA_S8"
tenant-a_log_07.json,alice.chen,PERSON,20918,20928,"GDPR_Art5_1a, DPDPA_S8"
tenant-a_log_07.json,alice.chen,PERSON,22207,22217,"GDPR_Art5_1a, DPDPA_S8"
tenant-a_log_07.json,bob.kumar,PERSON,23494,23503,"GDPR_Art5_1a, DPDPA_S8"
tenant-a_log_07.json,carol.smith,PERSON,24784,24795,"GDPR_Art5_1a, DPDPA_S8"
tenant-a_log_07.json,carol.smith,PERSON,26073,26084,"GDPR_Art5_1a, DPDPA_S8"
tenant-a_log_07.json,bob.kumar,PERSON,27369,27378,"GDPR_Art5_1a, DPDPA_S8"
tenant-a_log_07.json,alice.chen,PERSON,28661,28671,"GDPR_Art5_1a, DPDPA_S8"
tenant-a_log_07.json,alice.chen,PERSON,29942,29952,"GDPR_Art5_1a, DPDPA_S8"
tenant-a_log_07.json,alice.chen,PERSON,31230,31240,"GDPR_Art5_1a, DPDPA_S8"
tenant-a_log_07.json,carol.smith,PERSON,32514,32525,"GDPR_Art5_1a, DPDPA_S8"
tenant-a_log_07.json,bob.kumar,PERSON,33802,33811,"GDPR_Art5_1a, DPDPA_S8"
tenant-a_log_07.json,alice.chen,PERSON,35091,35101,"GDPR_Art5_1a, DPDPA_S8"
tenant-a_log_07.json,bob.kumar,PERSON,36375,36384,"GDPR_Art5_1a, DPDPA_S8"
tenant-a_log_07.json,carol.smith,PERSON,37663,37674,"GDPR_Art5_1a, DPDPA_S8"
tenant-a_log_07.json,carol.smith,PERSON,38958,38969,"GDPR_Art5_1a, DPDPA_S8"
tenant-a_log_07.json,bob.kumar,PERSON,40238,40247,"GDPR_Art5_1a, DPDPA_S8"
tenant-a_log_07.json,carol.smith,PERSON,41525,41536,"GDPR_Art5_1a, DPDPA_S8"
tenant-a_log_07.json,bob.kumar,PERSON,42809,42818,"GDPR_Art5_1a, DPDPA_S8"
tenant-a_log_07.json,alice.chen,PERSON,44093,44103,"GDPR_Art5_1a, DPDPA_S8"
tenant-a_log_07.json,carol.smith,PERSON,45379,45390,"GDPR_Art5_1a, DPDPA_S8"
tenant-a_log_07.json,carol.smith,PERSON,46673,46684,"GDPR_Art5_1a, DPDPA_S8"
tenant-a_log_07.json,carol.smith,PERSON,47960,47971,"GDPR_Art5_1a, DPDPA_S8"
tenant-a_log_07.json,bob.kumar,PERSON,49244,49253,"GDPR_Art5_1a, DPDPA_S8"
tenant-a_log_07.json,alice.chen,PERSON,50524,50534,"GDPR_Art5_1a, DPDPA_S8"
tenant-a_log_07.json,61.157.106.122,IP_ADDRESS,681,695,"GDPR_Art5_1b, DPDPA_S8"
tenant-a_log_07.json,214.214.14.195,IP_ADDRESS,1972,1986,"GDPR_Art5_1b, DPDPA_S8"
tenant-a_log_07.json,73.239.19.129,IP_ADDRESS,3262,3275,"GDPR_Art5_1b, DPDPA_S8"
tenant-a_log_07.json,125.112.124.221,IP_ADDRESS,4551,4566,"GDPR_Art5_1b, DPDPA_S8"
tenant-a_log_07.json,82.206.174.82,IP_ADDRESS,5844,5857,"GDPR_Art5_1b, DPDPA_S8"
tenant-a_log_07.json,17.70.241.113,IP_ADDRESS,7129,7142,"GDPR_Art5_1b, DPDPA_S8"
tenant-a_log_07.json,41.37.237.118,IP_ADDRESS,8423,8436,"GDPR_Art5_1b, DPDPA_S8"
tenant-a_log_07.json,92.108.180.115,IP_ADDRESS,9710,9724,"GDPR_Art5_1b, DPDPA_S8"
tenant-a_log_07.json,107.173.106.254,IP_ADDRESS,10997,11012,"GDPR_Art5_1b, DPDPA_S8"
tenant-a_log_07.json,32.130.25.143,IP_ADDRESS,12284,12297,"GDPR_Art5_1b, DPDPA_S8"
tenant-a_log_07.json,223.34.80.98,IP_ADDRESS,13572,13584,"GDPR_Art5_1b, DPDPA_S8"
tenant-a_log_07.json,43.105.130.154,IP_ADDRESS,14861,14875,"GDPR_Art5_1b, DPDPA_S8"
tenant-a_log_07.json,68.85.144.40,IP_ADDRESS,16153,16165,"GDPR_Art5_1b, DPDPA_S8"
tenant-a_log_07.json,76.191.187.64,IP_ADDRESS,17442,17455,"GDPR_Art5_1b, DPDPA_S8"
tenant-a_log_07.json,156.108.172.114,IP_ADDRESS,18732,18747,"GDPR_Art5_1b, DPDPA_S8"
tenant-a_log_07.json,164.206.253.79,IP_ADDRESS,20026,20040,"GDPR_Art5_1b, DPDPA_S8"
tenant-a_log_07.json,123.68.32.140,IP_ADDRESS,21316,21329,"GDPR_Art5_1b, DPDPA_S8"
tenant-a_log_07.json,73.250.164.104,IP_ADDRESS,22605,22619,"GDPR_Art5_1b, DPDPA_S8"
tenant-a_log_07.json,132.185.141.188,IP_ADDRESS,23891,23906,"GDPR_Art5_1b, DPDPA_S8"
tenant-a_log_07.json,164.111.22.112,IP_ADDRESS,25183,25197,"GDPR_Art5_1b, DPDPA_S8"
tenant-a_log_07.json,104.226.68.221,IP_ADDRESS,26472,26486,"GDPR_Art5_1b, DPDPA_S8"
tenant-a_log_07.json,42.228.87.238,IP_ADDRESS,27766,27779,"GDPR_Art5_1b, DPDPA_S8"
tenant-a_log_07.json,8.14.49.73,IP_ADDRESS,29059,29069,"GDPR_Art5_1b, DPDPA_S8"
tenant-a_log_07.json,109.3.86.146,IP_ADDRESS,30340,30352,"GDPR_Art5_1b, DPDPA_S8"
tenant-a_log_07.json,97.51.44.10,IP_ADDRESS,31628,31639,"GDPR_Art5_1b, DPDPA_S8"
tenant-a_log_07.json,181.140.83.86,IP_ADDRESS,32913,32926,"GDPR_Art5_1b, DPDPA_S8"
tenant-a_log_07.json,152.251.219.60,IP_ADDRESS,34199,34213,"GDPR_Art5_1b, DPDPA_S8"
tenant-a_log_07.json,102.244.105.16,IP_ADDRESS,35489,35503,"GDPR_Art5_1b, DPDPA_S8"
tenant-a_log_07.json,188.152.9.125,IP_ADDRESS,36772,36785,"GDPR_Art5_1b, DPDPA_S8"
tenant-a_log_07.json,82.128.64.150,IP_ADDRESS,38062,38075,"GDPR_Art5_1b, DPDPA_S8"
tenant-a_log_07.json,10.79.119.155,IP_ADDRESS,39354,39367,"GDPR_Art5_1b, DPDPA_S8"
tenant-a_log_07.json,98.232.93.217,IP_ADDRESS,40632,40645,"GDPR_Art5_1b, DPDPA_S8"
tenant-a_log_07.json,13.47.59.71,IP_ADDRESS,41921,41932,"GDPR_Art5_1b, DPDPA_S8"
tenant-a_log_07.json,112.110.103.83,IP_ADDRESS,43203,43217,"GDPR_Art5_1b, DPDPA_S8"
tenant-a_log_07.json,105.157.66.0,IP_ADDRESS,44488,44500,"GDPR_Art5_1b, DPDPA_S8"
tenant-a_log_07.json,172.213.107.219,IP_ADDRESS,45775,45790,"GDPR_Art5_1b, DPDPA_S8"
tenant-a_log_07.json,100.20.241.203,IP_ADDRESS,47069,47083,"GDPR_Art5_1b, DPDPA_S8"
tenant-a_log_07.json,95.144.97.53,IP_ADDRESS,48356,48368,"GDPR_Art5_1b, DPDPA_S8"
tenant-a_log_07.json,97.32.127.172,IP_ADDRESS,49638,49651,"GDPR_Art5_1b, DPDPA_S8"
tenant-a_log_07.json,47.204.6.107,IP_ADDRESS,50919,50931,"GDPR_Art5_1b, DPDPA_S8"
tenant-a_log_07.json,arn:aws:iam::123456789012:user/bob.kumar,AWS_ARN,183,223,"GDPR_Art5_1b, DPDPA_S8"
tenant-a_log_07.json,arn:aws:s3:::tenant-a-backup,AWS_ARN,1064,1092,"GDPR_Art5_1b, DPDPA_S8"
tenant-a_log_07.json,arn:aws:iam::123456789012:user/carol.smith,AWS_ARN,1470,1512,"GDPR_Art5_1b, DPDPA_S8"
tenant-a_log_07.json,arn:aws:s3:::tenant-a-backup,AWS_ARN,2356,2384,"GDPR_Art5_1b, DPDPA_S8"
tenant-a_log_07.json,arn:aws:iam::123456789012:user/alice.chen,AWS_ARN,2762,2803,"GDPR_Art5_1b, DPDPA_S8"
tenant-a_log_07.json,arn:aws:s3:::tenant-a-backup,AWS_ARN,3645,3673,"GDPR_Art5_1b, DPDPA_S8"
tenant-a_log_07.json,arn:aws:iam::123456789012:user/alice.chen,AWS_ARN,4051,4092,"GDPR_Art5_1b, DPDPA_S8"
tenant-a_log_07.json,arn:aws:s3:::tenant-a-backup,AWS_ARN,4936,4964,"GDPR_Art5_1b, DPDPA_S8"
tenant-a_log_07.json,arn:aws:iam::123456789012:user/carol.smith,AWS_ARN,5342,5384,"GDPR_Art5_1b, DPDPA_S8"
tenant-a_log_07.json,arn:aws:s3:::tenant-a-data,AWS_ARN,6223,6249,"GDPR_Art5_1b, DPDPA_S8"
tenant-a_log_07.json,arn:aws:iam::123456789012:user/carol.smith,AWS_ARN,6627,6669,"GDPR_Art5_1b, DPDPA_S8"
tenant-a_log_07.json,arn:aws:s3:::tenant-a-backup,AWS_ARN,7515,7543,"GDPR_Art5_1b, DPDPA_S8"
tenant-a_log_07.json,arn:aws:iam::123456789012:user/carol.smith,AWS_ARN,7921,7963,"GDPR_Art5_1b, DPDPA_S8"
tenant-a_log_07.json,arn:aws:s3:::tenant-a-backup,AWS_ARN,8806,8834,"GDPR_Art5_1b, DPDPA_S8"
tenant-a_log_07.json,arn:aws:iam::123456789012:user/bob.kumar,AWS_ARN,9212,9252,"GDPR_Art5_1b, DPDPA_S8"
tenant-a_log_07.json,arn:aws:s3:::tenant-a-backup,AWS_ARN,10093,10121,"GDPR_Art5_1b, DPDPA_S8"
tenant-a_log_07.json,arn:aws:iam::123456789012:user/bob.kumar,AWS_ARN,10499,10539,"GDPR_Art5_1b, DPDPA_S8"
tenant-a_log_07.json,arn:aws:s3:::tenant-a-data,AWS_ARN,11382,11408,"GDPR_Art5_1b, DPDPA_S8"
tenant-a_log_07.json,arn:aws:iam::123456789012:user/bob.kumar,AWS_ARN,11786,11826,"GDPR_Art5_1b, DPDPA_S8"
tenant-a_log_07.json,arn:aws:s3:::tenant-a-backup,AWS_ARN,12668,12696,"GDPR_Art5_1b, DPDPA_S8"
tenant-a_log_07.json,arn:aws:iam::123456789012:user/bob.kumar,AWS_ARN,13074,13114,"GDPR_Art5_1b, DPDPA_S8"
tenant-a_log_07.json,arn:aws:s3:::tenant-a-data,AWS_ARN,13957,13983,"GDPR_Art5_1b, DPDPA_S8"
tenant-a_log_07.json,arn:aws:iam::123456789012:user/alice.chen,AWS_ARN,14361,14402,"GDPR_Art5_1b, DPDPA_S8"
tenant-a_log_07.json,arn:aws:s3:::tenant-a-data,AWS_ARN,15247,15273,"GDPR_Art5_1b, DPDPA_S8"
tenant-a_log_07.json,arn:aws:iam::123456789012:user/carol.smith,AWS_ARN,15651,15693,"GDPR_Art5_1b, DPDPA_S8"
tenant-a_log_07.json,arn:aws:s3:::tenant-a-backup,AWS_ARN,16536,16564,"GDPR_Art5_1b, DPDPA_S8"
tenant-a_log_07.json,arn:aws:iam::123456789012:user/alice.chen,AWS_ARN,16942,16983,"GDPR_Art5_1b, DPDPA_S8"
tenant-a_log_07.json,arn:aws:s3:::tenant-a-backup,AWS_ARN,17828,17856,"GDPR_Art5_1b, DPDPA_S8"
tenant-a_log_07.json,arn:aws:iam::123456789012:user/bob.kumar,AWS_ARN,18234,18274,"GDPR_Art5_1b, DPDPA_S8"
tenant-a_log_07.json,arn:aws:s3:::tenant-a-backup,AWS_ARN,19118,19146,"GDPR_Art5_1b, DPDPA_S8"
tenant-a_log_07.json,arn:aws:iam::123456789012:user/carol.smith,AWS_ARN,19524,19566,"GDPR_Art5_1b, DPDPA_S8"
tenant-a_log_07.json,arn:aws:s3:::tenant-a-backup,AWS_ARN,20410,20438,"GDPR_Art5_1b, DPDPA_S8"
tenant-a_log_07.json,arn:aws:iam::123456789012:user/alice.chen,AWS_ARN,20816,20857,"GDPR_Art5_1b, DPDPA_S8"
tenant-a_log_07.json,arn:aws:s3:::tenant-a-data,AWS_ARN,21701,21727,"GDPR_Art5_1b, DPDPA_S8"
tenant-a_log_07.json,arn:aws:iam::123456789012:user/alice.chen,AWS_ARN,22105,22146,"GDPR_Art5_1b, DPDPA_S8"
tenant-a_log_07.json,arn:aws:s3:::tenant-a-data,AWS_ARN,22989,23015,"GDPR_Art5_1b, DPDPA_S8"
tenant-a_log_07.json,arn:aws:iam::123456789012:user/bob.kumar,AWS_ARN,23393,23433,"GDPR_Art5_1b, DPDPA_S8"
tenant-a_log_07.json,arn:aws:s3:::tenant-a-backup,AWS_ARN,24275,24303,"GDPR_Art5_1b, DPDPA_S8"
tenant-a_log_07.json,arn:aws:iam::123456789012:user/carol.smith,AWS_ARN,24681,24723,"GDPR_Art5_1b, DPDPA_S8"
tenant-a_log_07.json,arn:aws:s3:::tenant-a-data,AWS_ARN,25566,25592,"GDPR_Art5_1b, DPDPA_S8"
tenant-a_log_07.json,arn:aws:iam::123456789012:user/carol.smith,AWS_ARN,25970,26012,"GDPR_Art5_1b, DPDPA_S8"
tenant-a_log_07.json,arn:aws:s3:::tenant-a-backup,AWS_ARN,26862,26890,"GDPR_Art5_1b, DPDPA_S8"
tenant-a_log_07.json,arn:aws:iam::123456789012:user/bob.kumar,AWS_ARN,27268,27308,"GDPR_Art5_1b, DPDPA_S8"
tenant-a_log_07.json,arn:aws:s3:::tenant-a-data,AWS_ARN,28155,28181,"GDPR_Art5_1b, DPDPA_S8"
tenant-a_log_07.json,arn:aws:iam::123456789012:user/alice.chen,AWS_ARN,28559,28600,"GDPR_Art5_1b, DPDPA_S8"
tenant-a_log_07.json,arn:aws:s3:::tenant-a-data,AWS_ARN,29436,29462,"GDPR_Art5_1b, DPDPA_S8"
tenant-a_log_07.json,arn:aws:iam::123456789012:user/alice.chen,AWS_ARN,29840,29881,"GDPR_Art5_1b, DPDPA_S8"
tenant-a_log_07.json,arn:aws:s3:::tenant-a-backup,AWS_ARN,30722,30750,"GDPR_Art5_1b, DPDPA_S8"
tenant-a_log_07.json,arn:aws:iam::123456789012:user/alice.chen,AWS_ARN,31128,31169,"GDPR_Art5_1b, DPDPA_S8"
tenant-a_log_07.json,arn:aws:s3:::tenant-a-data,AWS_ARN,32007,32033,"GDPR_Art5_1b, DPDPA_S8"
tenant-a_log_07.json,arn:aws:iam::123456789012:user/carol.smith,AWS_ARN,32411,32453,"GDPR_Art5_1b, DPDPA_S8"
tenant-a_log_07.json,arn:aws:s3:::tenant-a-data,AWS_ARN,33297,33323,"GDPR_Art5_1b, DPDPA_S8"
tenant-a_log_07.json,arn:aws:iam::123456789012:user/bob.kumar,AWS_ARN,33701,33741,"GDPR_Art5_1b, DPDPA_S8"
tenant-a_log_07.json,arn:aws:s3:::tenant-a-data,AWS_ARN,34585,34611,"GDPR_Art5_1b, DPDPA_S8"
tenant-a_log_07.json,arn:aws:iam::123456789012:user/alice.chen,AWS_ARN,34989,35030,"GDPR_Art5_1b, DPDPA_S8"
tenant-a_log_07.json,arn:aws:s3:::tenant-a-data,AWS_ARN,35870,35896,"GDPR_Art5_1b, DPDPA_S8"
tenant-a_log_07.json,arn:aws:iam::123456789012:user/bob.kumar,AWS_ARN,36274,36314,"GDPR_Art5_1b, DPDPA_S8"
tenant-a_log_07.json,arn:aws:s3:::tenant-a-backup,AWS_ARN,37154,37182,"GDPR_Art5_1b, DPDPA_S8"
tenant-a_log_07.json,arn:aws:iam::123456789012:user/carol.smith,AWS_ARN,37560,37602,"GDPR_Art5_1b, DPDPA_S8"
tenant-a_log_07.json,arn:aws:s3:::tenant-a-backup,AWS_ARN,38449,38477,"GDPR_Art5_1b, DPDPA_S8"
tenant-a_log_07.json,arn:aws:iam::123456789012:user/carol.smith,AWS_ARN,38855,38897,"GDPR_Art5_1b, DPDPA_S8"
tenant-a_log_07.json,arn:aws:s3:::tenant-a-data,AWS_ARN,39733,39759,"GDPR_Art5_1b, DPDPA_S8"
tenant-a_log_07.json,arn:aws:iam::123456789012:user/bob.kumar,AWS_ARN,40137,40177,"GDPR_Art5_1b, DPDPA_S8"
tenant-a_log_07.json,arn:aws:s3:::tenant-a-backup,AWS_ARN,41016,41044,"GDPR_Art5_1b, DPDPA_S8"
tenant-a_log_07.json,arn:aws:iam::123456789012:user/carol.smith,AWS_ARN,41422,41464,"GDPR_Art5_1b, DPDPA_S8"
tenant-a_log_07.json,arn:aws:s3:::tenant-a-backup,AWS_ARN,42302,42330,"GDPR_Art5_1b, DPDPA_S8"
tenant-a_log_07.json,arn:aws:iam::123456789012:user/bob.kumar,AWS_ARN,42708,42748,"GDPR_Art5_1b, DPDPA_S8"
tenant-a_log_07.json,arn:aws:s3:::tenant-a-data,AWS_ARN,43587,43613,"GDPR_Art5_1b, DPDPA_S8"
tenant-a_log_07.json,arn:aws:iam::123456789012:user/alice.chen,AWS_ARN,43991,44032,"GDPR_Art5_1b, DPDPA_S8"
tenant-a_log_07.json,arn:aws:s3:::tenant-a-backup,AWS_ARN,44870,44898,"GDPR_Art5_1b, DPDPA_S8"
tenant-a_log_07.json,arn:aws:iam::123456789012:user/carol.smith,AWS_ARN,45276,45318,"GDPR_Art5_1b, DPDPA_S8"
tenant-a_log_07.json,arn:aws:s3:::tenant-a-backup,AWS_ARN,46164,46192,"GDPR_Art5_1b, DPDPA_S8"
tenant-a_log_07.json,arn:aws:iam::123456789012:user/carol.smith,AWS_ARN,46570,46612,"GDPR_Art5_1b, DPDPA_S8"
tenant-a_log_07.json,arn:aws:s3:::tenant-a-backup,AWS_ARN,47451,47479,"GDPR_Art5_1b, DPDPA_S8"
tenant-a_log_07.json,arn:aws:iam::123456789012:user/carol.smith,AWS_ARN,47857,47899,"GDPR_Art5_1b, DPDPA_S8"
tenant-a_log_07.json,arn:aws:s3:::tenant-a-backup,AWS_ARN,48737,48765,"GDPR_Art5_1b, DPDPA_S8"
tenant-a_log_07.json,arn:aws:iam::123456789012:user/bob.kumar,AWS_ARN,49143,49183,"GDPR_Art5_1b, DPDPA_S8"
tenant-a_log_07.json,arn:aws:s3:::tenant-a-data,AWS_ARN,50018,50044,"GDPR_Art5_1b, DPDPA_S8"
tenant-a_log_07.json,arn:aws:iam::123456789012:user/alice.chen,AWS_ARN,50422,50463,"GDPR_Art5_1b, DPDPA_S8"
tenant-a_log_07.json,arn:aws:s3:::tenant-a-data,AWS_ARN,51299,51325,"GDPR_Art5_1b, DPDPA_S8"
tenant-a_log_07.json,123456789012,AWS_ACCOUNT_ID,248,260,"GDPR_Art5_1b, DPDPA_S8"
tenant-a_log_07.json,123456789012,AWS_ACCOUNT_ID,1119,1131,"GDPR_Art5_1b, DPDPA_S8"
tenant-a_log_07.json,123456789012,AWS_ACCOUNT_ID,1283,1295,"GDPR_Art5_1b, DPDPA_S8"
tenant-a_log_07.json,123456789012,AWS_ACCOUNT_ID,1537,1549,"GDPR_Art5_1b, DPDPA_S8"
tenant-a_log_07.json,123456789012,AWS_ACCOUNT_ID,2411,2423,"GDPR_Art5_1b, DPDPA_S8"
tenant-a_log_07.json,123456789012,AWS_ACCOUNT_ID,2575,2587,"GDPR_Art5_1b, DPDPA_S8"
tenant-a_log_07.json,123456789012,AWS_ACCOUNT_ID,2828,2840,"GDPR_Art5_1b, DPDPA_S8"
tenant-a_log_07.json,123456789012,AWS_ACCOUNT_ID,3700,3712,"GDPR_Art5_1b, DPDPA_S8"
tenant-a_log_07.json,123456789012,AWS_ACCOUNT_ID,3864,3876,"GDPR_Art5_1b, DPDPA_S8"
tenant-a_log_07.json,123456789012,AWS_ACCOUNT_ID,4117,4129,"GDPR_Art5_1b, DPDPA_S8"
tenant-a_log_07.json,123456789012,AWS_ACCOUNT_ID,4991,5003,"GDPR_Art5_1b, DPDPA_S8"
tenant-a_log_07.json,123456789012,AWS_ACCOUNT_ID,5155,5167,"GDPR_Art5_1b, DPDPA_S8"
tenant-a_log_07.json,123456789012,AWS_ACCOUNT_ID,5409,5421,"GDPR_Art5_1b, DPDPA_S8"
tenant-a_log_07.json,123456789012,AWS_ACCOUNT_ID,6276,6288,"GDPR_Art5_1b, DPDPA_S8"
tenant-a_log_07.json,123456789012,AWS_ACCOUNT_ID,6440,6452,"GDPR_Art5_1b, DPDPA_S8"
tenant-a_log_07.json,123456789012,AWS_ACCOUNT_ID,6694,6706,"GDPR_Art5_1b, DPDPA_S8"
tenant-a_log_07.json,123456789012,AWS_ACCOUNT_ID,7570,7582,"GDPR_Art5_1b, DPDPA_S8"
tenant-a_log_07.json,123456789012,AWS_ACCOUNT_ID,7734,7746,"GDPR_Art5_1b, DPDPA_S8"
tenant-a_log_07.json,123456789012,AWS_ACCOUNT_ID,7988,8000,"GDPR_Art5_1b, DPDPA_S8"
tenant-a_log_07.json,123456789012,AWS_ACCOUNT_ID,8861,8873,"GDPR_Art5_1b, DPDPA_S8"
tenant-a_log_07.json,123456789012,AWS_ACCOUNT_ID,9025,9037,"GDPR_Art5_1b, DPDPA_S8"
tenant-a_log_07.json,123456789012,AWS_ACCOUNT_ID,9277,9289,"GDPR_Art5_1b, DPDPA_S8"
tenant-a_log_07.json,123456789012,AWS_ACCOUNT_ID,10148,10160,"GDPR_Art5_1b, DPDPA_S8"
tenant-a_log_07.json,123456789012,AWS_ACCOUNT_ID,10312,10324,"GDPR_Art5_1b, DPDPA_S8"
tenant-a_log_07.json,123456789012,AWS_ACCOUNT_ID,10564,10576,"GDPR_Art5_1b, DPDPA_S8"
tenant-a_log_07.json,123456789012,AWS_ACCOUNT_ID,11435,11447,"GDPR_Art5_1b, DPDPA_S8"
tenant-a_log_07.json,123456789012,AWS_ACCOUNT_ID,11599,11611,"GDPR_Art5_1b, DPDPA_S8"
tenant-a_log_07.json,123456789012,AWS_ACCOUNT_ID,11851,11863,"GDPR_Art5_1b, DPDPA_S8"
tenant-a_log_07.json,123456789012,AWS_ACCOUNT_ID,12723,12735,"GDPR_Art5_1b, DPDPA_S8"
tenant-a_log_07.json,123456789012,AWS_ACCOUNT_ID,12887,12899,"GDPR_Art5_1b, DPDPA_S8"
tenant-a_log_07.json,123456789012,AWS_ACCOUNT_ID,13139,13151,"GDPR_Art5_1b, DPDPA_S8"
tenant-a_log_07.json,123456789012,AWS_ACCOUNT_ID,14010,14022,"GDPR_Art5_1b, DPDPA_S8"
tenant-a_log_07.json,123456789012,AWS_ACCOUNT_ID,14174,14186,"GDPR_Art5_1b, DPDPA_S8"
tenant-a_log_07.json,123456789012,AWS_ACCOUNT_ID,14427,14439,"GDPR_Art5_1b, DPDPA_S8"
tenant-a_log_07.json,123456789012,AWS_ACCOUNT_ID,15300,15312,"GDPR_Art5_1b, DPDPA_S8"
tenant-a_log_07.json,123456789012,AWS_ACCOUNT_ID,15464,15476,"GDPR_Art5_1b, DPDPA_S8"
tenant-a_log_07.json,123456789012,AWS_ACCOUNT_ID,15718,15730,"GDPR_Art5_1b, DPDPA_S8"
tenant-a_log_07.json,123456789012,AWS_ACCOUNT_ID,16591,16603,"GDPR_Art5_1b, DPDPA_S8"
tenant-a_log_07.json,123456789012,AWS_ACCOUNT_ID,16755,16767,"GDPR_Art5_1b, DPDPA_S8"
tenant-a_log_07.json,123456789012,AWS_ACCOUNT_ID,17008,17020,"GDPR_Art5_1b, DPDPA_S8"
tenant-a_log_07.json,123456789012,AWS_ACCOUNT_ID,17883,17895,"GDPR_Art5_1b, DPDPA_S8"
tenant-a_log_07.json,123456789012,AWS_ACCOUNT_ID,18047,18059,"GDPR_Art5_1b, DPDPA_S8"
tenant-a_log_07.json,123456789012,AWS_ACCOUNT_ID,18299,18311,"GDPR_Art5_1b, DPDPA_S8"
tenant-a_log_07.json,123456789012,AWS_ACCOUNT_ID,19173,19185,"GDPR_Art5_1b, DPDPA_S8"
tenant-a_log_07.json,123456789012,AWS_ACCOUNT_ID,19337,19349,"GDPR_Art5_1b, DPDPA_S8"
tenant-a_log_07.json,123456789012,AWS_ACCOUNT_ID,19591,19603,"GDPR_Art5_1b, DPDPA_S8"
tenant-a_log_07.json,123456789012,AWS_ACCOUNT_ID,20465,20477,"GDPR_Art5_1b, DPDPA_S8"
tenant-a_log_07.json,123456789012,AWS_ACCOUNT_ID,20629,20641,"GDPR_Art5_1b, DPDPA_S8"
tenant-a_log_07.json,123456789012,AWS_ACCOUNT_ID,20882,20894,"GDPR_Art5_1b, DPDPA_S8"
tenant-a_log_07.json,123456789012,AWS_ACCOUNT_ID,21754,21766,"GDPR_Art5_1b, DPDPA_S8"
tenant-a_log_07.json,123456789012,AWS_ACCOUNT_ID,21918,21930,"GDPR_Art5_1b, DPDPA_S8"
tenant-a_log_07.json,123456789012,AWS_ACCOUNT_ID,22171,22183,"GDPR_Art5_1b, DPDPA_S8"
tenant-a_log_07.json,123456789012,AWS_ACCOUNT_ID,23042,23054,"GDPR_Art5_1b, DPDPA_S8"
tenant-a_log_07.json,123456789012,AWS_ACCOUNT_ID,23206,23218,"GDPR_Art5_1b, DPDPA_S8"
tenant-a_log_07.json,123456789012,AWS_ACCOUNT_ID,23458,23470,"GDPR_Art5_1b, DPDPA_S8"
tenant-a_log_07.json,123456789012,AWS_ACCOUNT_ID,24330,24342,"GDPR_Art5_1b, DPDPA_S8"
tenant-a_log_07.json,123456789012,AWS_ACCOUNT_ID,24494,24506,"GDPR_Art5_1b, DPDPA_S8"
tenant-a_log_07.json,123456789012,AWS_ACCOUNT_ID,24748,24760,"GDPR_Art5_1b, DPDPA_S8"
tenant-a_log_07.json,123456789012,AWS_ACCOUNT_ID,25619,25631,"GDPR_Art5_1b, DPDPA_S8"
tenant-a_log_07.json,123456789012,AWS_ACCOUNT_ID,25783,25795,"GDPR_Art5_1b, DPDPA_S8"
tenant-a_log_07.json,123456789012,AWS_ACCOUNT_ID,26037,26049,"GDPR_Art5_1b, DPDPA_S8"
tenant-a_log_07.json,123456789012,AWS_ACCOUNT_ID,26917,26929,"GDPR_Art5_1b, DPDPA_S8"
tenant-a_log_07.json,123456789012,AWS_ACCOUNT_ID,27081,27093,"GDPR_Art5_1b, DPDPA_S8"
tenant-a_log_07.json,123456789012,AWS_ACCOUNT_ID,27333,27345,"GDPR_Art5_1b, DPDPA_S8"
tenant-a_log_07.json,123456789012,AWS_ACCOUNT_ID,28208,28220,"GDPR_Art5_1b, DPDPA_S8"
tenant-a_log_07.json,123456789012,AWS_ACCOUNT_ID,28372,28384,"GDPR_Art5_1b, DPDPA_S8"
tenant-a_log_07.json,123456789012,AWS_ACCOUNT_ID,28625,28637,"GDPR_Art5_1b, DPDPA_S8"
tenant-a_log_07.json,123456789012,AWS_ACCOUNT_ID,29489,29501,"GDPR_Art5_1b, DPDPA_S8"
tenant-a_log_07.json,123456789012,AWS_ACCOUNT_ID,29653,29665,"GDPR_Art5_1b, DPDPA_S8"
tenant-a_log_07.json,123456789012,AWS_ACCOUNT_ID,29906,29918,"GDPR_Art5_1b, DPDPA_S8"
tenant-a_log_07.json,123456789012,AWS_ACCOUNT_ID,30777,30789,"GDPR_Art5_1b, DPDPA_S8"
tenant-a_log_07.json,123456789012,AWS_ACCOUNT_ID,30941,30953,"GDPR_Art5_1b, DPDPA_S8"
tenant-a_log_07.json,123456789012,AWS_ACCOUNT_ID,31194,31206,"GDPR_Art5_1b, DPDPA_S8"
tenant-a_log_07.json,123456789012,AWS_ACCOUNT_ID,32060,32072,"GDPR_Art5_1b, DPDPA_S8"
tenant-a_log_07.json,123456789012,AWS_ACCOUNT_ID,32224,32236,"GDPR_Art5_1b, DPDPA_S8"
tenant-a_log_07.json,123456789012,AWS_ACCOUNT_ID,32478,32490,"GDPR_Art5_1b, DPDPA_S8"
tenant-a_log_07.json,123456789012,AWS_ACCOUNT_ID,33350,33362,"GDPR_Art5_1b, DPDPA_S8"
tenant-a_log_07.json,123456789012,AWS_ACCOUNT_ID,33514,33526,"GDPR_Art5_1b, DPDPA_S8"
tenant-a_log_07.json,123456789012,AWS_ACCOUNT_ID,33766,33778,"GDPR_Art5_1b, DPDPA_S8"
tenant-a_log_07.json,123456789012,AWS_ACCOUNT_ID,34638,34650,"GDPR_Art5_1b, DPDPA_S8"
tenant-a_log_07.json,123456789012,AWS_ACCOUNT_ID,34802,34814,"GDPR_Art5_1b, DPDPA_S8"
tenant-a_log_07.json,123456789012,AWS_ACCOUNT_ID,35055,35067,"GDPR_Art5_1b, DPDPA_S8"
tenant-a_log_07.json,123456789012,AWS_ACCOUNT_ID,35923,35935,"GDPR_Art5_1b, DPDPA_S8"
tenant-a_log_07.json,123456789012,AWS_ACCOUNT_ID,36087,36099,"GDPR_Art5_1b, DPDPA_S8"
tenant-a_log_07.json,123456789012,AWS_ACCOUNT_ID,36339,36351,"GDPR_Art5_1b, DPDPA_S8"
tenant-a_log_07.json,123456789012,AWS_ACCOUNT_ID,37209,37221,"GDPR_Art5_1b, DPDPA_S8"
tenant-a_log_07.json,123456789012,AWS_ACCOUNT_ID,37373,37385,"GDPR_Art5_1b, DPDPA_S8"
tenant-a_log_07.json,123456789012,AWS_ACCOUNT_ID,37627,37639,"GDPR_Art5_1b, DPDPA_S8"
tenant-a_log_07.json,123456789012,AWS_ACCOUNT_ID,38504,38516,"GDPR_Art5_1b, DPDPA_S8"
tenant-a_log_07.json,123456789012,AWS_ACCOUNT_ID,38668,38680,"GDPR_Art5_1b, DPDPA_S8"
tenant-a_log_07.json,123456789012,AWS_ACCOUNT_ID,38922,38934,"GDPR_Art5_1b, DPDPA_S8"
tenant-a_log_07.json,123456789012,AWS_ACCOUNT_ID,39786,39798,"GDPR_Art5_1b, DPDPA_S8"
tenant-a_log_07.json,123456789012,AWS_ACCOUNT_ID,39950,39962,"GDPR_Art5_1b, DPDPA_S8"
tenant-a_log_07.json,123456789012,AWS_ACCOUNT_ID,40202,40214,"GDPR_Art5_1b, DPDPA_S8"
tenant-a_log_07.json,123456789012,AWS_ACCOUNT_ID,41071,41083,"GDPR_Art5_1b, DPDPA_S8"
tenant-a_log_07.json,123456789012,AWS_ACCOUNT_ID,41235,41247,"GDPR_Art5_1b, DPDPA_S8"
tenant-a_log_07.json,123456789012,AWS_ACCOUNT_ID,41489,41501,"GDPR_Art5_1b, DPDPA_S8"
tenant-a_log_07.json,123456789012,AWS_ACCOUNT_ID,42357,42369,"GDPR_Art5_1b, DPDPA_S8"
tenant-a_log_07.json,123456789012,AWS_ACCOUNT_ID,42521,42533,"GDPR_Art5_1b, DPDPA_S8"
tenant-a_log_07.json,123456789012,AWS_ACCOUNT_ID,42773,42785,"GDPR_Art5_1b, DPDPA_S8"
tenant-a_log_07.json,123456789012,AWS_ACCOUNT_ID,43640,43652,"GDPR_Art5_1b, DPDPA_S8"
tenant-a_log_07.json,123456789012,AWS_ACCOUNT_ID,43804,43816,"GDPR_Art5_1b, DPDPA_S8"
tenant-a_log_07.json,123456789012,AWS_ACCOUNT_ID,44057,44069,"GDPR_Art5_1b, DPDPA_S8"
tenant-a_log_07.json,123456789012,AWS_ACCOUNT_ID,44925,44937,"GDPR_Art5_1b, DPDPA_S8"
tenant-a_log_07.json,123456789012,AWS_ACCOUNT_ID,45089,45101,"GDPR_Art5_1b, DPDPA_S8"
tenant-a_log_07.json,123456789012,AWS_ACCOUNT_ID,45343,45355,"GDPR_Art5_1b, DPDPA_S8"
tenant-a_log_07.json,123456789012,AWS_ACCOUNT_ID,46219,46231,"GDPR_Art5_1b, DPDPA_S8"
tenant-a_log_07.json,123456789012,AWS_ACCOUNT_ID,46383,46395,"GDPR_Art5_1b, DPDPA_S8"
tenant-a_log_07.json,123456789012,AWS_ACCOUNT_ID,46637,46649,"GDPR_Art5_1b, DPDPA_S8"
tenant-a_log_07.json,123456789012,AWS_ACCOUNT_ID,47506,47518,"GDPR_Art5_1b, DPDPA_S8"
tenant-a_log_07.json,123456789012,AWS_ACCOUNT_ID,47670,47682,"GDPR_Art5_1b, DPDPA_S8"
tenant-a_log_07.json,123456789012,AWS_ACCOUNT_ID,47924,47936,"GDPR_Art5_1b, DPDPA_S8"
tenant-a_log_07.json,123456789012,AWS_ACCOUNT_ID,48792,48804,"GDPR_Art5_1b, DPDPA_S8"
tenant-a_log_07.json,123456789012,AWS_ACCOUNT_ID,48956,48968,"GDPR_Art5_1b, DPDPA_S8"
tenant-a_log_07.json,123456789012,AWS_ACCOUNT_ID,49208,49220,"GDPR_Art5_1b, DPDPA_S8"
tenant-a_log_07.json,123456789012,AWS_ACCOUNT_ID,50071,50083,"GDPR_Art5_1b, DPDPA_S8"
tenant-a_log_07.json,123456789012,AWS_ACCOUNT_ID,50235,50247,"GDPR_Art5_1b, DPDPA_S8"
tenant-a_log_07.json,123456789012,AWS_ACCOUNT_ID,50488,50500,"GDPR_Art5_1b, DPDPA_S8"
tenant-a_log_07.json,123456789012,AWS_ACCOUNT_ID,51352,51364,"GDPR_Art5_1b, DPDPA_S8"
tenant-a_log_07.json,123456789012,AWS_ACCOUNT_ID,51516,51528,"GDPR_Art5_1b, DPDPA_S8"
tenant-a_log_08.json,carol.smith,PERSON,286,297,"GDPR_Art5_1a, DPDPA_S8"
tenant-a_log_08.json,carol.smith,PERSON,1567,1578,"GDPR_Art5_1a, DPDPA_S8"
tenant-a_log_08.json,bob.kumar,PERSON,2851,2860,"GDPR_Art5_1a, DPDPA_S8"
tenant-a_log_08.json,alice.chen,PERSON,4135,4145,"GDPR_Art5_1a, DPDPA_S8"
tenant-a_log_08.json,carol.smith,PERSON,5416,5427,"GDPR_Art5_1a, DPDPA_S8"
tenant-a_log_08.json,alice.chen,PERSON,6697,6707,"GDPR_Art5_1a, DPDPA_S8"
tenant-a_log_08.json,carol.smith,PERSON,7984,7995,"GDPR_Art5_1a, DPDPA_S8"
tenant-a_log_08.json,bob.kumar,PERSON,9267,9276,"GDPR_Art5_1a, DPDPA_S8"
tenant-a_log_08.json,carol.smith,PERSON,10550,10561,"GDPR_Art5_1a, DPDPA_S8"
tenant-a_log_08.json,carol.smith,PERSON,11833,11844,"GDPR_Art5_1a, DPDPA_S8"
tenant-a_log_08.json,bob.kumar,PERSON,13111,13120,"GDPR_Art5_1a, DPDPA_S8"
tenant-a_log_08.json,carol.smith,PERSON,14398,14409,"GDPR_Art5_1a, DPDPA_S8"
tenant-a_log_08.json,alice.chen,PERSON,15683,15693,"GDPR_Art5_1a, DPDPA_S8"
tenant-a_log_08.json,carol.smith,PERSON,16963,16974,"GDPR_Art5_1a, DPDPA_S8"
tenant-a_log_08.json,alice.chen,PERSON,18251,18261,"GDPR_Art5_1a, DPDPA_S8"
tenant-a_log_08.json,alice.chen,PERSON,19531,19541,"GDPR_Art5_1a, DPDPA_S8"
tenant-a_log_08.json,bob.kumar,PERSON,20809,20818,"GDPR_Art5_1a, DPDPA_S8"
tenant-a_log_08.json,bob.kumar,PERSON,22087,22096,"GDPR_Art5_1a, DPDPA_S8"
tenant-a_log_08.json,bob.kumar,PERSON,23367,23376,"GDPR_Art5_1a, DPDPA_S8"
tenant-a_log_08.json,alice.chen,PERSON,24650,24660,"GDPR_Art5_1a, DPDPA_S8"
tenant-a_log_08.json,192.168.53.63,IP_ADDRESS,681,694,"GDPR_Art5_1b, DPDPA_S8"
tenant-a_log_08.json,172.23.95.124,IP_ADDRESS,1962,1975,"GDPR_Art5_1b, DPDPA_S8"
tenant-a_log_08.json,172.30.103.144,IP_ADDRESS,3244,3258,"GDPR_Art5_1b, DPDPA_S8"
tenant-a_log_08.json,172.23.42.86,IP_ADDRESS,4529,4541,"GDPR_Art5_1b, DPDPA_S8"
tenant-a_log_08.json,10.41.8.216,IP_ADDRESS,5811,5822,"GDPR_Art5_1b, DPDPA_S8"
tenant-a_log_08.json,10.182.37.73,IP_ADDRESS,7091,7103,"GDPR_Art5_1b, DPDPA_S8"
tenant-a_log_08.json,192.168.168.54,IP_ADDRESS,8379,8393,"GDPR_Art5_1b, DPDPA_S8"
tenant-a_log_08.json,172.20.232.26,IP_ADDRESS,9660,9673,"GDPR_Art5_1b, DPDPA_S8"
tenant-a_log_08.json,10.154.24.228,IP_ADDRESS,10945,10958,"GDPR_Art5_1b, DPDPA_S8"
tenant-a_log_08.json,10.111.65.1,IP_ADDRESS,12228,12239,"GDPR_Art5_1b, DPDPA_S8"
tenant-a_log_08.json,10.140.231.230,IP_ADDRESS,13504,13518,"GDPR_Art5_1b, DPDPA_S8"
tenant-a_log_08.json,172.19.191.106,IP_ADDRESS,14793,14807,"GDPR_Art5_1b, DPDPA_S8"
tenant-a_log_08.json,172.23.234.210,IP_ADDRESS,16077,16091,"GDPR_Art5_1b, DPDPA_S8"
tenant-a_log_08.json,192.168.115.159,IP_ADDRESS,17358,17373,"GDPR_Art5_1b, DPDPA_S8"
tenant-a_log_08.json,192.168.7.18,IP_ADDRESS,18645,18657,"GDPR_Art5_1b, DPDPA_S8"
tenant-a_log_08.json,172.24.5.248,IP_ADDRESS,19925,19937,"GDPR_Art5_1b, DPDPA_S8"
tenant-a_log_08.json,192.168.52.101,IP_ADDRESS,21202,21216,"GDPR_Art5_1b, DPDPA_S8"
tenant-a_log_08.json,192.168.234.128,IP_ADDRESS,22480,22495,"GDPR_Art5_1b, DPDPA_S8"
tenant-a_log_08.json,192.168.74.104,IP_ADDRESS,23760,23774,"GDPR_Art5_1b, DPDPA_S8"
tenant-a_log_08.json,172.21.98.110,IP_ADDRESS,25044,25057,"GDPR_Art5_1b, DPDPA_S8"
tenant-a_log_08.json,arn:aws:iam::123456789012:user/carol.smith,AWS_ARN,183,225,"GDPR_Art5_1b, DPDPA_S8"
tenant-a_log_08.json,arn:aws:s3:::tenant-a-data,AWS_ARN,1060,1086,"GDPR_Art5_1b, DPDPA_S8"
tenant-a_log_08.json,arn:aws:iam::123456789012:user/carol.smith,AWS_ARN,1464,1506,"GDPR_Art5_1b, DPDPA_S8"
tenant-a_log_08.json,arn:aws:s3:::tenant-a-backup,AWS_ARN,2344,2372,"GDPR_Art5_1b, DPDPA_S8"
tenant-a_log_08.json,arn:aws:iam::123456789012:user/bob.kumar,AWS_ARN,2750,2790,"GDPR_Art5_1b, DPDPA_S8"
tenant-a_log_08.json,arn:aws:s3:::tenant-a-backup,AWS_ARN,3627,3655,"GDPR_Art5_1b, DPDPA_S8"
tenant-a_log_08.json,arn:aws:iam::123456789012:user/alice.chen,AWS_ARN,4033,4074,"GDPR_Art5_1b, DPDPA_S8"
tenant-a_log_08.json,arn:aws:s3:::tenant-a-backup,AWS_ARN,4907,4935,"GDPR_Art5_1b, DPDPA_S8"
tenant-a_log_08.json,arn:aws:iam::123456789012:user/carol.smith,AWS_ARN,5313,5355,"GDPR_Art5_1b, DPDPA_S8"
tenant-a_log_08.json,arn:aws:s3:::tenant-a-data,AWS_ARN,6191,6217,"GDPR_Art5_1b, DPDPA_S8"
tenant-a_log_08.json,arn:aws:iam::123456789012:user/alice.chen,AWS_ARN,6595,6636,"GDPR_Art5_1b, DPDPA_S8"
tenant-a_log_08.json,arn:aws:s3:::tenant-a-backup,AWS_ARN,7475,7503,"GDPR_Art5_1b, DPDPA_S8"
tenant-a_log_08.json,arn:aws:iam::123456789012:user/carol.smith,AWS_ARN,7881,7923,"GDPR_Art5_1b, DPDPA_S8"
tenant-a_log_08.json,arn:aws:s3:::tenant-a-data,AWS_ARN,8762,8788,"GDPR_Art5_1b, DPDPA_S8"
tenant-a_log_08.json,arn:aws:iam::123456789012:user/bob.kumar,AWS_ARN,9166,9206,"GDPR_Art5_1b, DPDPA_S8"
tenant-a_log_08.json,arn:aws:s3:::tenant-a-backup,AWS_ARN,10041,10069,"GDPR_Art5_1b, DPDPA_S8"
tenant-a_log_08.json,arn:aws:iam::123456789012:user/carol.smith,AWS_ARN,10447,10489,"GDPR_Art5_1b, DPDPA_S8"
tenant-a_log_08.json,arn:aws:s3:::tenant-a-data,AWS_ARN,11326,11352,"GDPR_Art5_1b, DPDPA_S8"
tenant-a_log_08.json,arn:aws:iam::123456789012:user/carol.smith,AWS_ARN,11730,11772,"GDPR_Art5_1b, DPDPA_S8"
tenant-a_log_08.json,arn:aws:s3:::tenant-a-data,AWS_ARN,12606,12632,"GDPR_Art5_1b, DPDPA_S8"
tenant-a_log_08.json,arn:aws:iam::123456789012:user/bob.kumar,AWS_ARN,13010,13050,"GDPR_Art5_1b, DPDPA_S8"
tenant-a_log_08.json,arn:aws:s3:::tenant-a-backup,AWS_ARN,13889,13917,"GDPR_Art5_1b, DPDPA_S8"
tenant-a_log_08.json,arn:aws:iam::123456789012:user/carol.smith,AWS_ARN,14295,14337,"GDPR_Art5_1b, DPDPA_S8"
tenant-a_log_08.json,arn:aws:s3:::tenant-a-backup,AWS_ARN,15175,15203,"GDPR_Art5_1b, DPDPA_S8"
tenant-a_log_08.json,arn:aws:iam::123456789012:user/alice.chen,AWS_ARN,15581,15622,"GDPR_Art5_1b, DPDPA_S8"
tenant-a_log_08.json,arn:aws:s3:::tenant-a-data,AWS_ARN,16456,16482,"GDPR_Art5_1b, DPDPA_S8"
tenant-a_log_08.json,arn:aws:iam::123456789012:user/carol.smith,AWS_ARN,16860,16902,"GDPR_Art5_1b, DPDPA_S8"
tenant-a_log_08.json,arn:aws:s3:::tenant-a-backup,AWS_ARN,17743,17771,"GDPR_Art5_1b, DPDPA_S8"
tenant-a_log_08.json,arn:aws:iam::123456789012:user/alice.chen,AWS_ARN,18149,18190,"GDPR_Art5_1b, DPDPA_S8"
tenant-a_log_08.json,arn:aws:s3:::tenant-a-data,AWS_ARN,19025,19051,"GDPR_Art5_1b, DPDPA_S8"
tenant-a_log_08.json,arn:aws:iam::123456789012:user/alice.chen,AWS_ARN,19429,19470,"GDPR_Art5_1b, DPDPA_S8"
tenant-a_log_08.json,arn:aws:s3:::tenant-a-data,AWS_ARN,20304,20330,"GDPR_Art5_1b, DPDPA_S8"
tenant-a_log_08.json,arn:aws:iam::123456789012:user/bob.kumar,AWS_ARN,20708,20748,"GDPR_Art5_1b, DPDPA_S8"
tenant-a_log_08.json,arn:aws:s3:::tenant-a-data,AWS_ARN,21582,21608,"GDPR_Art5_1b, DPDPA_S8"
tenant-a_log_08.json,arn:aws:iam::123456789012:user/bob.kumar,AWS_ARN,21986,22026,"GDPR_Art5_1b, DPDPA_S8"
tenant-a_log_08.json,arn:aws:s3:::tenant-a-data,AWS_ARN,22862,22888,"GDPR_Art5_1b, DPDPA_S8"
tenant-a_log_08.json,arn:aws:iam::123456789012:user/bob.kumar,AWS_ARN,23266,23306,"GDPR_Art5_1b, DPDPA_S8"
tenant-a_log_08.json,arn:aws:s3:::tenant-a-backup,AWS_ARN,24142,24170,"GDPR_Art5_1b, DPDPA_S8"
tenant-a_log_08.json,arn:aws:iam::123456789012:user/alice.chen,AWS_ARN,24548,24589,"GDPR_Art5_1b, DPDPA_S8"
tenant-a_log_08.json,arn:aws:s3:::tenant-a-data,AWS_ARN,25421,25447,"GDPR_Art5_1b, DPDPA_S8"
tenant-a_log_08.json,123456789012,AWS_ACCOUNT_ID,250,262,"GDPR_Art5_1b, DPDPA_S8"
tenant-a_log_08.json,123456789012,AWS_ACCOUNT_ID,1113,1125,"GDPR_Art5_1b, DPDPA_S8"
tenant-a_log_08.json,123456789012,AWS_ACCOUNT_ID,1277,1289,"GDPR_Art5_1b, DPDPA_S8"
tenant-a_log_08.json,123456789012,AWS_ACCOUNT_ID,1531,1543,"GDPR_Art5_1b, DPDPA_S8"
tenant-a_log_08.json,123456789012,AWS_ACCOUNT_ID,2399,2411,"GDPR_Art5_1b, DPDPA_S8"
tenant-a_log_08.json,123456789012,AWS_ACCOUNT_ID,2563,2575,"GDPR_Art5_1b, DPDPA_S8"
tenant-a_log_08.json,123456789012,AWS_ACCOUNT_ID,2815,2827,"GDPR_Art5_1b, DPDPA_S8"
tenant-a_log_08.json,123456789012,AWS_ACCOUNT_ID,3682,3694,"GDPR_Art5_1b, DPDPA_S8"
tenant-a_log_08.json,123456789012,AWS_ACCOUNT_ID,3846,3858,"GDPR_Art5_1b, DPDPA_S8"
tenant-a_log_08.json,123456789012,AWS_ACCOUNT_ID,4099,4111,"GDPR_Art5_1b, DPDPA_S8"
tenant-a_log_08.json,123456789012,AWS_ACCOUNT_ID,4962,4974,"GDPR_Art5_1b, DPDPA_S8"
tenant-a_log_08.json,123456789012,AWS_ACCOUNT_ID,5126,5138,"GDPR_Art5_1b, DPDPA_S8"
tenant-a_log_08.json,123456789012,AWS_ACCOUNT_ID,5380,5392,"GDPR_Art5_1b, DPDPA_S8"
tenant-a_log_08.json,123456789012,AWS_ACCOUNT_ID,6244,6256,"GDPR_Art5_1b, DPDPA_S8"
tenant-a_log_08.json,123456789012,AWS_ACCOUNT_ID,6408,6420,"GDPR_Art5_1b, DPDPA_S8"
tenant-a_log_08.json,123456789012,AWS_ACCOUNT_ID,6661,6673,"GDPR_Art5_1b, DPDPA_S8"
tenant-a_log_08.json,123456789012,AWS_ACCOUNT_ID,7530,7542,"GDPR_Art5_1b, DPDPA_S8"
tenant-a_log_08.json,123456789012,AWS_ACCOUNT_ID,7694,7706,"GDPR_Art5_1b, DPDPA_S8"
tenant-a_log_08.json,123456789012,AWS_ACCOUNT_ID,7948,7960,"GDPR_Art5_1b, DPDPA_S8"
tenant-a_log_08.json,123456789012,AWS_ACCOUNT_ID,8815,8827,"GDPR_Art5_1b, DPDPA_S8"
tenant-a_log_08.json,123456789012,AWS_ACCOUNT_ID,8979,8991,"GDPR_Art5_1b, DPDPA_S8"
tenant-a_log_08.json,123456789012,AWS_ACCOUNT_ID,9231,9243,"GDPR_Art5_1b, DPDPA_S8"
tenant-a_log_08.json,123456789012,AWS_ACCOUNT_ID,10096,10108,"GDPR_Art5_1b, DPDPA_S8"
tenant-a_log_08.json,123456789012,AWS_ACCOUNT_ID,10260,10272,"GDPR_Art5_1b, DPDPA_S8"
tenant-a_log_08.json,123456789012,AWS_ACCOUNT_ID,10514,10526,"GDPR_Art5_1b, DPDPA_S8"
tenant-a_log_08.json,123456789012,AWS_ACCOUNT_ID,11379,11391,"GDPR_Art5_1b, DPDPA_S8"
tenant-a_log_08.json,123456789012,AWS_ACCOUNT_ID,11543,11555,"GDPR_Art5_1b, DPDPA_S8"
tenant-a_log_08.json,123456789012,AWS_ACCOUNT_ID,11797,11809,"GDPR_Art5_1b, DPDPA_S8"
tenant-a_log_08.json,123456789012,AWS_ACCOUNT_ID,12659,12671,"GDPR_Art5_1b, DPDPA_S8"
tenant-a_log_08.json,123456789012,AWS_ACCOUNT_ID,12823,12835,"GDPR_Art5_1b, DPDPA_S8"
tenant-a_log_08.json,123456789012,AWS_ACCOUNT_ID,13075,13087,"GDPR_Art5_1b, DPDPA_S8"
tenant-a_log_08.json,123456789012,AWS_ACCOUNT_ID,13944,13956,"GDPR_Art5_1b, DPDPA_S8"
tenant-a_log_08.json,123456789012,AWS_ACCOUNT_ID,14108,14120,"GDPR_Art5_1b, DPDPA_S8"
tenant-a_log_08.json,123456789012,AWS_ACCOUNT_ID,14362,14374,"GDPR_Art5_1b, DPDPA_S8"
tenant-a_log_08.json,123456789012,AWS_ACCOUNT_ID,15230,15242,"GDPR_Art5_1b, DPDPA_S8"
tenant-a_log_08.json,123456789012,AWS_ACCOUNT_ID,15394,15406,"GDPR_Art5_1b, DPDPA_S8"
tenant-a_log_08.json,123456789012,AWS_ACCOUNT_ID,15647,15659,"GDPR_Art5_1b, DPDPA_S8"
tenant-a_log_08.json,123456789012,AWS_ACCOUNT_ID,16509,16521,"GDPR_Art5_1b, DPDPA_S8"
tenant-a_log_08.json,123456789012,AWS_ACCOUNT_ID,16673,16685,"GDPR_Art5_1b, DPDPA_S8"
tenant-a_log_08.json,123456789012,AWS_ACCOUNT_ID,16927,16939,"GDPR_Art5_1b, DPDPA_S8"
tenant-a_log_08.json,123456789012,AWS_ACCOUNT_ID,17798,17810,"GDPR_Art5_1b, DPDPA_S8"
tenant-a_log_08.json,123456789012,AWS_ACCOUNT_ID,17962,17974,"GDPR_Art5_1b, DPDPA_S8"
tenant-a_log_08.json,123456789012,AWS_ACCOUNT_ID,18215,18227,"GDPR_Art5_1b, DPDPA_S8"
tenant-a_log_08.json,123456789012,AWS_ACCOUNT_ID,19078,19090,"GDPR_Art5_1b, DPDPA_S8"
tenant-a_log_08.json,123456789012,AWS_ACCOUNT_ID,19242,19254,"GDPR_Art5_1b, DPDPA_S8"
tenant-a_log_08.json,123456789012,AWS_ACCOUNT_ID,19495,19507,"GDPR_Art5_1b, DPDPA_S8"
tenant-a_log_08.json,123456789012,AWS_ACCOUNT_ID,20357,20369,"GDPR_Art5_1b, DPDPA_S8"
tenant-a_log_08.json,123456789012,AWS_ACCOUNT_ID,20521,20533,"GDPR_Art5_1b, DPDPA_S8"
tenant-a_log_08.json,123456789012,AWS_ACCOUNT_ID,20773,20785,"GDPR_Art5_1b, DPDPA_S8"
tenant-a_log_08.json,123456789012,AWS_ACCOUNT_ID,21635,21647,"GDPR_Art5_1b, DPDPA_S8"
tenant-a_log_08.json,123456789012,AWS_ACCOUNT_ID,21799,21811,"GDPR_Art5_1b, DPDPA_S8"
tenant-a_log_08.json,123456789012,AWS_ACCOUNT_ID,22051,22063,"GDPR_Art5_1b, DPDPA_S8"
tenant-a_log_08.json,123456789012,AWS_ACCOUNT_ID,22915,22927,"GDPR_Art5_1b, DPDPA_S8"
tenant-a_log_08.json,123456789012,AWS_ACCOUNT_ID,23079,23091,"GDPR_Art5_1b, DPDPA_S8"
tenant-a_log_08.json,123456789012,AWS_ACCOUNT_ID,23331,23343,"GDPR_Art5_1b, DPDPA_S8"
tenant-a_log_08.json,123456789012,AWS_ACCOUNT_ID,24197,24209,"GDPR_Art5_1b, DPDPA_S8"
tenant-a_log_08.json,123456789012,AWS_ACCOUNT_ID,24361,24373,"GDPR_Art5_1b, DPDPA_S8"
tenant-a_log_08.json,123456789012,AWS_ACCOUNT_ID,24614,24626,"GDPR_Art5_1b, DPDPA_S8"
tenant-a_log_08.json,123456789012,AWS_ACCOUNT_ID,25474,25486,"GDPR_Art5_1b, DPDPA_S8"
tenant-a_log_08.json,123456789012,AWS_ACCOUNT_ID,25638,25650,"GDPR_Art5_1b, DPDPA_S8"
tenant-a_log_09.json,alice.chen,PERSON,285,295,"GDPR_Art5_1a, DPDPA_S8"
tenant-a_log_09.json,bob.kumar,PERSON,1566,1575,"GDPR_Art5_1a, DPDPA_S8"
tenant-a_log_09.json,carol.smith,PERSON,2846,2857,"GDPR_Art5_1a, DPDPA_S8"
tenant-a_log_09.json,carol.smith,PERSON,4134,4145,"GDPR_Art5_1a, DPDPA_S8"
tenant-a_log_09.json,bob.kumar,PERSON,5417,5426,"GDPR_Art5_1a, DPDPA_S8"
tenant-a_log_09.json,bob.kumar,PERSON,6700,6709,"GDPR_Art5_1a, DPDPA_S8"
tenant-a_log_09.json,alice.chen,PERSON,7987,7997,"GDPR_Art5_1a, DPDPA_S8"
tenant-a_log_09.json,carol.smith,PERSON,9268,9279,"GDPR_Art5_1a, DPDPA_S8"
tenant-a_log_09.json,bob.kumar,PERSON,10545,10554,"GDPR_Art5_1a, DPDPA_S8"
tenant-a_log_09.json,carol.smith,PERSON,11824,11835,"GDPR_Art5_1a, DPDPA_S8"
tenant-a_log_09.json,bob.kumar,PERSON,13106,13115,"GDPR_Art5_1a, DPDPA_S8"
tenant-a_log_09.json,alice.chen,PERSON,14385,14395,"GDPR_Art5_1a, DPDPA_S8"
tenant-a_log_09.json,carol.smith,PERSON,15672,15683,"GDPR_Art5_1a, DPDPA_S8"
tenant-a_log_09.json,bob.kumar,PERSON,16959,16968,"GDPR_Art5_1a, DPDPA_S8"
tenant-a_log_09.json,bob.kumar,PERSON,18238,18247,"GDPR_Art5_1a, DPDPA_S8"
tenant-a_log_09.json,carol.smith,PERSON,19516,19527,"GDPR_Art5_1a, DPDPA_S8"
tenant-a_log_09.json,bob.kumar,PERSON,20798,20807,"GDPR_Art5_1a, DPDPA_S8"
tenant-a_log_09.json,carol.smith,PERSON,22082,22093,"GDPR_Art5_1a, DPDPA_S8"
tenant-a_log_09.json,alice.chen,PERSON,23367,23377,"GDPR_Art5_1a, DPDPA_S8"
tenant-a_log_09.json,bob.kumar,PERSON,24650,24659,"GDPR_Art5_1a, DPDPA_S8"
tenant-a_log_09.json,10.196.56.79,IP_ADDRESS,679,691,"GDPR_Art5_1b, DPDPA_S8"
tenant-a_log_09.json,10.4.60.198,IP_ADDRESS,1959,1970,"GDPR_Art5_1b, DPDPA_S8"
tenant-a_log_09.json,192.168.229.243,IP_ADDRESS,3241,3256,"GDPR_Art5_1b, DPDPA_S8"
tenant-a_log_09.json,172.16.126.242,IP_ADDRESS,4529,4543,"GDPR_Art5_1b, DPDPA_S8"
tenant-a_log_09.json,172.18.73.184,IP_ADDRESS,5810,5823,"GDPR_Art5_1b, DPDPA_S8"
tenant-a_log_09.json,192.168.89.206,IP_ADDRESS,7093,7107,"GDPR_Art5_1b, DPDPA_S8"
tenant-a_log_09.json,172.28.203.18,IP_ADDRESS,8381,8394,"GDPR_Art5_1b, DPDPA_S8"
tenant-a_log_09.json,172.29.97.86,IP_ADDRESS,9663,9675,"GDPR_Art5_1b, DPDPA_S8"
tenant-a_log_09.json,172.27.181.74,IP_ADDRESS,10938,10951,"GDPR_Art5_1b, DPDPA_S8"
tenant-a_log_09.json,192.168.166.216,IP_ADDRESS,12219,12234,"GDPR_Art5_1b, DPDPA_S8"
tenant-a_log_09.json,192.168.11.1,IP_ADDRESS,13499,13511,"GDPR_Art5_1b, DPDPA_S8"
tenant-a_log_09.json,10.147.109.250,IP_ADDRESS,14779,14793,"GDPR_Art5_1b, DPDPA_S8"
tenant-a_log_09.json,192.168.104.26,IP_ADDRESS,16067,16081,"GDPR_Art5_1b, DPDPA_S8"
tenant-a_log_09.json,172.16.113.104,IP_ADDRESS,17352,17366,"GDPR_Art5_1b, DPDPA_S8"
tenant-a_log_09.json,192.168.136.7,IP_ADDRESS,18631,18644,"GDPR_Art5_1b, DPDPA_S8"
tenant-a_log_09.json,10.147.252.196,IP_ADDRESS,19911,19925,"GDPR_Art5_1b, DPDPA_S8"
tenant-a_log_09.json,192.168.144.192,IP_ADDRESS,21191,21206,"GDPR_Art5_1b, DPDPA_S8"
tenant-a_log_09.json,172.26.239.178,IP_ADDRESS,22477,22491,"GDPR_Art5_1b, DPDPA_S8"
tenant-a_log_09.json,172.22.7.218,IP_ADDRESS,23761,23773,"GDPR_Art5_1b, DPDPA_S8"
tenant-a_log_09.json,192.168.164.42,IP_ADDRESS,25043,25057,"GDPR_Art5_1b, DPDPA_S8"
tenant-a_log_09.json,arn:aws:iam::123456789012:user/alice.chen,AWS_ARN,183,224,"GDPR_Art5_1b, DPDPA_S8"
tenant-a_log_09.json,arn:aws:s3:::tenant-a-backup,AWS_ARN,1059,1087,"GDPR_Art5_1b, DPDPA_S8"
tenant-a_log_09.json,arn:aws:iam::123456789012:user/bob.kumar,AWS_ARN,1465,1505,"GDPR_Art5_1b, DPDPA_S8"
tenant-a_log_09.json,arn:aws:s3:::tenant-a-backup,AWS_ARN,2337,2365,"GDPR_Art5_1b, DPDPA_S8"
tenant-a_log_09.json,arn:aws:iam::123456789012:user/carol.smith,AWS_ARN,2743,2785,"GDPR_Art5_1b, DPDPA_S8"
tenant-a_log_09.json,arn:aws:s3:::tenant-a-data,AWS_ARN,3627,3653,"GDPR_Art5_1b, DPDPA_S8"
tenant-a_log_09.json,arn:aws:iam::123456789012:user/carol.smith,AWS_ARN,4031,4073,"GDPR_Art5_1b, DPDPA_S8"
tenant-a_log_09.json,arn:aws:s3:::tenant-a-data,AWS_ARN,4912,4938,"GDPR_Art5_1b, DPDPA_S8"
tenant-a_log_09.json,arn:aws:iam::123456789012:user/bob.kumar,AWS_ARN,5316,5356,"GDPR_Art5_1b, DPDPA_S8"
tenant-a_log_09.json,arn:aws:s3:::tenant-a-backup,AWS_ARN,6193,6221,"GDPR_Art5_1b, DPDPA_S8"
tenant-a_log_09.json,arn:aws:iam::123456789012:user/bob.kumar,AWS_ARN,6599,6639,"GDPR_Art5_1b, DPDPA_S8"
tenant-a_log_09.json,arn:aws:s3:::tenant-a-backup,AWS_ARN,7479,7507,"GDPR_Art5_1b, DPDPA_S8"
tenant-a_log_09.json,arn:aws:iam::123456789012:user/alice.chen,AWS_ARN,7885,7926,"GDPR_Art5_1b, DPDPA_S8"
tenant-a_log_09.json,arn:aws:s3:::tenant-a-data,AWS_ARN,8761,8787,"GDPR_Art5_1b, DPDPA_S8"
tenant-a_log_09.json,arn:aws:iam::123456789012:user/carol.smith,AWS_ARN,9165,9207,"GDPR_Art5_1b, DPDPA_S8"
tenant-a_log_09.json,arn:aws:s3:::tenant-a-data,AWS_ARN,10040,10066,"GDPR_Art5_1b, DPDPA_S8"
tenant-a_log_09.json,arn:aws:iam::123456789012:user/bob.kumar,AWS_ARN,10444,10484,"GDPR_Art5_1b, DPDPA_S8"
tenant-a_log_09.json,arn:aws:s3:::tenant-a-data,AWS_ARN,11317,11343,"GDPR_Art5_1b, DPDPA_S8"
tenant-a_log_09.json,arn:aws:iam::123456789012:user/carol.smith,AWS_ARN,11721,11763,"GDPR_Art5_1b, DPDPA_S8"
tenant-a_log_09.json,arn:aws:s3:::tenant-a-data,AWS_ARN,12601,12627,"GDPR_Art5_1b, DPDPA_S8"
tenant-a_log_09.json,arn:aws:iam::123456789012:user/bob.kumar,AWS_ARN,13005,13045,"GDPR_Art5_1b, DPDPA_S8"
tenant-a_log_09.json,arn:aws:s3:::tenant-a-data,AWS_ARN,13879,13905,"GDPR_Art5_1b, DPDPA_S8"
tenant-a_log_09.json,arn:aws:iam::123456789012:user/alice.chen,AWS_ARN,14283,14324,"GDPR_Art5_1b, DPDPA_S8"
tenant-a_log_09.json,arn:aws:s3:::tenant-a-backup,AWS_ARN,15163,15191,"GDPR_Art5_1b, DPDPA_S8"
tenant-a_log_09.json,arn:aws:iam::123456789012:user/carol.smith,AWS_ARN,15569,15611,"GDPR_Art5_1b, DPDPA_S8"
tenant-a_log_09.json,arn:aws:s3:::tenant-a-backup,AWS_ARN,16452,16480,"GDPR_Art5_1b, DPDPA_S8"
tenant-a_log_09.json,arn:aws:iam::123456789012:user/bob.kumar,AWS_ARN,16858,16898,"GDPR_Art5_1b, DPDPA_S8"
tenant-a_log_09.json,arn:aws:s3:::tenant-a-data,AWS_ARN,17733,17759,"GDPR_Art5_1b, DPDPA_S8"
tenant-a_log_09.json,arn:aws:iam::123456789012:user/bob.kumar,AWS_ARN,18137,18177,"GDPR_Art5_1b, DPDPA_S8"
tenant-a_log_09.json,arn:aws:s3:::tenant-a-data,AWS_ARN,19009,19035,"GDPR_Art5_1b, DPDPA_S8"
tenant-a_log_09.json,arn:aws:iam::123456789012:user/carol.smith,AWS_ARN,19413,19455,"GDPR_Art5_1b, DPDPA_S8"
tenant-a_log_09.json,arn:aws:s3:::tenant-a-data,AWS_ARN,20293,20319,"GDPR_Art5_1b, DPDPA_S8"
tenant-a_log_09.json,arn:aws:iam::123456789012:user/bob.kumar,AWS_ARN,20697,20737,"GDPR_Art5_1b, DPDPA_S8"
tenant-a_log_09.json,arn:aws:s3:::tenant-a-data,AWS_ARN,21575,21601,"GDPR_Art5_1b, DPDPA_S8"
tenant-a_log_09.json,arn:aws:iam::123456789012:user/carol.smith,AWS_ARN,21979,22021,"GDPR_Art5_1b, DPDPA_S8"
tenant-a_log_09.json,arn:aws:s3:::tenant-a-backup,AWS_ARN,22859,22887,"GDPR_Art5_1b, DPDPA_S8"
tenant-a_log_09.json,arn:aws:iam::123456789012:user/alice.chen,AWS_ARN,23265,23306,"GDPR_Art5_1b, DPDPA_S8"
tenant-a_log_09.json,arn:aws:s3:::tenant-a-backup,AWS_ARN,24143,24171,"GDPR_Art5_1b, DPDPA_S8"
tenant-a_log_09.json,arn:aws:iam::123456789012:user/bob.kumar,AWS_ARN,24549,24589,"GDPR_Art5_1b, DPDPA_S8"
tenant-a_log_09.json,arn:aws:s3:::tenant-a-data,AWS_ARN,25424,25450,"GDPR_Art5_1b, DPDPA_S8"
tenant-a_log_09.json,123456789012,AWS_ACCOUNT_ID,249,261,"GDPR_Art5_1b, DPDPA_S8"
tenant-a_log_09.json,123456789012,AWS_ACCOUNT_ID,1114,1126,"GDPR_Art5_1b, DPDPA_S8"
tenant-a_log_09.json,123456789012,AWS_ACCOUNT_ID,1278,1290,"GDPR_Art5_1b, DPDPA_S8"
tenant-a_log_09.json,123456789012,AWS_ACCOUNT_ID,1530,1542,"GDPR_Art5_1b, DPDPA_S8"
tenant-a_log_09.json,123456789012,AWS_ACCOUNT_ID,2392,2404,"GDPR_Art5_1b, DPDPA_S8"
tenant-a_log_09.json,123456789012,AWS_ACCOUNT_ID,2556,2568,"GDPR_Art5_1b, DPDPA_S8"
tenant-a_log_09.json,123456789012,AWS_ACCOUNT_ID,2810,2822,"GDPR_Art5_1b, DPDPA_S8"
tenant-a_log_09.json,123456789012,AWS_ACCOUNT_ID,3680,3692,"GDPR_Art5_1b, DPDPA_S8"
tenant-a_log_09.json,123456789012,AWS_ACCOUNT_ID,3844,3856,"GDPR_Art5_1b, DPDPA_S8"
tenant-a_log_09.json,123456789012,AWS_ACCOUNT_ID,4098,4110,"GDPR_Art5_1b, DPDPA_S8"
tenant-a_log_09.json,123456789012,AWS_ACCOUNT_ID,4965,4977,"GDPR_Art5_1b, DPDPA_S8"
tenant-a_log_09.json,123456789012,AWS_ACCOUNT_ID,5129,5141,"GDPR_Art5_1b, DPDPA_S8"
tenant-a_log_09.json,123456789012,AWS_ACCOUNT_ID,5381,5393,"GDPR_Art5_1b, DPDPA_S8"
tenant-a_log_09.json,123456789012,AWS_ACCOUNT_ID,6248,6260,"GDPR_Art5_1b, DPDPA_S8"
tenant-a_log_09.json,123456789012,AWS_ACCOUNT_ID,6412,6424,"GDPR_Art5_1b, DPDPA_S8"
tenant-a_log_09.json,123456789012,AWS_ACCOUNT_ID,6664,6676,"GDPR_Art5_1b, DPDPA_S8"
tenant-a_log_09.json,123456789012,AWS_ACCOUNT_ID,7534,7546,"GDPR_Art5_1b, DPDPA_S8"
tenant-a_log_09.json,123456789012,AWS_ACCOUNT_ID,7698,7710,"GDPR_Art5_1b, DPDPA_S8"
tenant-a_log_09.json,123456789012,AWS_ACCOUNT_ID,7951,7963,"GDPR_Art5_1b, DPDPA_S8"
tenant-a_log_09.json,123456789012,AWS_ACCOUNT_ID,8814,8826,"GDPR_Art5_1b, DPDPA_S8"
tenant-a_log_09.json,123456789012,AWS_ACCOUNT_ID,8978,8990,"GDPR_Art5_1b, DPDPA_S8"
tenant-a_log_09.json,123456789012,AWS_ACCOUNT_ID,9232,9244,"GDPR_Art5_1b, DPDPA_S8"
tenant-a_log_09.json,123456789012,AWS_ACCOUNT_ID,10093,10105,"GDPR_Art5_1b, DPDPA_S8"
tenant-a_log_09.json,123456789012,AWS_ACCOUNT_ID,10257,10269,"GDPR_Art5_1b, DPDPA_S8"
tenant-a_log_09.json,123456789012,AWS_ACCOUNT_ID,10509,10521,"GDPR_Art5_1b, DPDPA_S8"
tenant-a_log_09.json,123456789012,AWS_ACCOUNT_ID,11370,11382,"GDPR_Art5_1b, DPDPA_S8"
tenant-a_log_09.json,123456789012,AWS_ACCOUNT_ID,11534,11546,"GDPR_Art5_1b, DPDPA_S8"
tenant-a_log_09.json,123456789012,AWS_ACCOUNT_ID,11788,11800,"GDPR_Art5_1b, DPDPA_S8"
tenant-a_log_09.json,123456789012,AWS_ACCOUNT_ID,12654,12666,"GDPR_Art5_1b, DPDPA_S8"
tenant-a_log_09.json,123456789012,AWS_ACCOUNT_ID,12818,12830,"GDPR_Art5_1b, DPDPA_S8"
tenant-a_log_09.json,123456789012,AWS_ACCOUNT_ID,13070,13082,"GDPR_Art5_1b, DPDPA_S8"
tenant-a_log_09.json,123456789012,AWS_ACCOUNT_ID,13932,13944,"GDPR_Art5_1b, DPDPA_S8"
tenant-a_log_09.json,123456789012,AWS_ACCOUNT_ID,14096,14108,"GDPR_Art5_1b, DPDPA_S8"
tenant-a_log_09.json,123456789012,AWS_ACCOUNT_ID,14349,14361,"GDPR_Art5_1b, DPDPA_S8"
tenant-a_log_09.json,123456789012,AWS_ACCOUNT_ID,15218,15230,"GDPR_Art5_1b, DPDPA_S8"
tenant-a_log_09.json,123456789012,AWS_ACCOUNT_ID,15382,15394,"GDPR_Art5_1b, DPDPA_S8"
tenant-a_log_09.json,123456789012,AWS_ACCOUNT_ID,15636,15648,"GDPR_Art5_1b, DPDPA_S8"
tenant-a_log_09.json,123456789012,AWS_ACCOUNT_ID,16507,16519,"GDPR_Art5_1b, DPDPA_S8"
tenant-a_log_09.json,123456789012,AWS_ACCOUNT_ID,16671,16683,"GDPR_Art5_1b, DPDPA_S8"
tenant-a_log_09.json,123456789012,AWS_ACCOUNT_ID,16923,16935,"GDPR_Art5_1b, DPDPA_S8"
tenant-a_log_09.json,123456789012,AWS_ACCOUNT_ID,17786,17798,"GDPR_Art5_1b, DPDPA_S8"
tenant-a_log_09.json,123456789012,AWS_ACCOUNT_ID,17950,17962,"GDPR_Art5_1b, DPDPA_S8"
tenant-a_log_09.json,123456789012,AWS_ACCOUNT_ID,18202,18214,"GDPR_Art5_1b, DPDPA_S8"
tenant-a_log_09.json,123456789012,AWS_ACCOUNT_ID,19062,19074,"GDPR_Art5_1b, DPDPA_S8"
tenant-a_log_09.json,123456789012,AWS_ACCOUNT_ID,19226,19238,"GDPR_Art5_1b, DPDPA_S8"
tenant-a_log_09.json,123456789012,AWS_ACCOUNT_ID,19480,19492,"GDPR_Art5_1b, DPDPA_S8"
tenant-a_log_09.json,123456789012,AWS_ACCOUNT_ID,20346,20358,"GDPR_Art5_1b, DPDPA_S8"
tenant-a_log_09.json,123456789012,AWS_ACCOUNT_ID,20510,20522,"GDPR_Art5_1b, DPDPA_S8"
tenant-a_log_09.json,123456789012,AWS_ACCOUNT_ID,20762,20774,"GDPR_Art5_1b, DPDPA_S8"
tenant-a_log_09.json,123456789012,AWS_ACCOUNT_ID,21628,21640,"GDPR_Art5_1b, DPDPA_S8"
tenant-a_log_09.json,123456789012,AWS_ACCOUNT_ID,21792,21804,"GDPR_Art5_1b, DPDPA_S8"
tenant-a_log_09.json,123456789012,AWS_ACCOUNT_ID,22046,22058,"GDPR_Art5_1b, DPDPA_S8"
tenant-a_log_09.json,123456789012,AWS_ACCOUNT_ID,22914,22926,"GDPR_Art5_1b, DPDPA_S8"
tenant-a_log_09.json,123456789012,AWS_ACCOUNT_ID,23078,23090,"GDPR_Art5_1b, DPDPA_S8"
tenant-a_log_09.json,123456789012,AWS_ACCOUNT_ID,23331,23343,"GDPR_Art5_1b, DPDPA_S8"
tenant-a_log_09.json,123456789012,AWS_ACCOUNT_ID,24198,24210,"GDPR_Art5_1b, DPDPA_S8"
tenant-a_log_09.json,123456789012,AWS_ACCOUNT_ID,24362,24374,"GDPR_Art5_1b, DPDPA_S8"
tenant-a_log_09.json,123456789012,AWS_ACCOUNT_ID,24614,24626,"GDPR_Art5_1b, DPDPA_S8"
tenant-a_log_09.json,123456789012,AWS_ACCOUNT_ID,25477,25489,"GDPR_Art5_1b, DPDPA_S8"
tenant-a_log_09.json,123456789012,AWS_ACCOUNT_ID,25641,25653,"GDPR_Art5_1b, DPDPA_S8"
tenant-a_log_10.json,carol.smith,PERSON,286,297,"GDPR_Art5_1a, DPDPA_S8"
tenant-a_log_10.json,carol.smith,PERSON,1570,1581,"GDPR_Art5_1a, DPDPA_S8"
tenant-a_log_10.json,alice.chen,PERSON,2856,2866,"GDPR_Art5_1a, DPDPA_S8"
tenant-a_log_10.json,alice.chen,PERSON,4143,4153,"GDPR_Art5_1a, DPDPA_S8"
tenant-a_log_10.json,carol.smith,PERSON,5428,5439,"GDPR_Art5_1a, DPDPA_S8"
tenant-a_log_10.json,bob.kumar,PERSON,6714,6723,"GDPR_Art5_1a, DPDPA_S8"
tenant-a_log_10.json,bob.kumar,PERSON,7996,8005,"GDPR_Art5_1a, DPDPA_S8"
tenant-a_log_10.json,bob.kumar,PERSON,9279,9288,"GDPR_Art5_1a, DPDPA_S8"
tenant-a_log_10.json,bob.kumar,PERSON,10562,10571,"GDPR_Art5_1a, DPDPA_S8"
tenant-a_log_10.json,alice.chen,PERSON,11846,11856,"GDPR_Art5_1a, DPDPA_S8"
tenant-a_log_10.json,bob.kumar,PERSON,13125,13134,"GDPR_Art5_1a, DPDPA_S8"
tenant-a_log_10.json,bob.kumar,PERSON,14407,14416,"GDPR_Art5_1a, DPDPA_S8"
tenant-a_log_10.json,carol.smith,PERSON,15690,15701,"GDPR_Art5_1a, DPDPA_S8"
tenant-a_log_10.json,alice.chen,PERSON,16978,16988,"GDPR_Art5_1a, DPDPA_S8"
tenant-a_log_10.json,bob.kumar,PERSON,18260,18269,"GDPR_Art5_1a, DPDPA_S8"
tenant-a_log_10.json,bob.kumar,PERSON,19547,19556,"GDPR_Art5_1a, DPDPA_S8"
tenant-a_log_10.json,carol.smith,PERSON,20838,20849,"GDPR_Art5_1a, DPDPA_S8"
tenant-a_log_10.json,carol.smith,PERSON,22122,22133,"GDPR_Art5_1a, DPDPA_S8"
tenant-a_log_10.json,alice.chen,PERSON,23405,23415,"GDPR_Art5_1a, DPDPA_S8"
tenant-a_log_10.json,bob.kumar,PERSON,24688,24697,"GDPR_Art5_1a, DPDPA_S8"
tenant-a_log_10.json,192.168.178.126,IP_ADDRESS,681,696,"GDPR_Art5_1b, DPDPA_S8"
tenant-a_log_10.json,192.168.19.113,IP_ADDRESS,1965,1979,"GDPR_Art5_1b, DPDPA_S8"
tenant-a_log_10.json,10.59.80.244,IP_ADDRESS,3250,3262,"GDPR_Art5_1b, DPDPA_S8"
tenant-a_log_10.json,192.168.137.241,IP_ADDRESS,4537,4552,"GDPR_Art5_1b, DPDPA_S8"
tenant-a_log_10.json,192.168.145.151,IP_ADDRESS,5823,5838,"GDPR_Art5_1b, DPDPA_S8"
tenant-a_log_10.json,172.30.79.191,IP_ADDRESS,7107,7120,"GDPR_Art5_1b, DPDPA_S8"
tenant-a_log_10.json,192.168.128.153,IP_ADDRESS,8389,8404,"GDPR_Art5_1b, DPDPA_S8"
tenant-a_log_10.json,192.168.158.205,IP_ADDRESS,9672,9687,"GDPR_Art5_1b, DPDPA_S8"
tenant-a_log_10.json,10.126.227.181,IP_ADDRESS,10955,10969,"GDPR_Art5_1b, DPDPA_S8"
tenant-a_log_10.json,10.62.190.140,IP_ADDRESS,12240,12253,"GDPR_Art5_1b, DPDPA_S8"
tenant-a_log_10.json,10.43.231.35,IP_ADDRESS,13518,13530,"GDPR_Art5_1b, DPDPA_S8"
tenant-a_log_10.json,172.23.241.14,IP_ADDRESS,14800,14813,"GDPR_Art5_1b, DPDPA_S8"
tenant-a_log_10.json,10.97.14.51,IP_ADDRESS,16085,16096,"GDPR_Art5_1b, DPDPA_S8"
tenant-a_log_10.json,172.16.145.2,IP_ADDRESS,17372,17384,"GDPR_Art5_1b, DPDPA_S8"
tenant-a_log_10.json,10.186.16.88,IP_ADDRESS,18653,18665,"GDPR_Art5_1b, DPDPA_S8"
tenant-a_log_10.json,172.23.174.228,IP_ADDRESS,19940,19954,"GDPR_Art5_1b, DPDPA_S8"
tenant-a_log_10.json,192.168.179.111,IP_ADDRESS,21233,21248,"GDPR_Art5_1b, DPDPA_S8"
tenant-a_log_10.json,10.154.237.53,IP_ADDRESS,22517,22530,"GDPR_Art5_1b, DPDPA_S8"
tenant-a_log_10.json,192.168.217.193,IP_ADDRESS,23799,23814,"GDPR_Art5_1b, DPDPA_S8"
tenant-a_log_10.json,172.29.203.194,IP_ADDRESS,25081,25095,"GDPR_Art5_1b, DPDPA_S8"
tenant-a_log_10.json,arn:aws:iam::123456789012:user/carol.smith,AWS_ARN,183,225,"GDPR_Art5_1b, DPDPA_S8"
tenant-a_log_10.json,arn:aws:s3:::tenant-a-data,AWS_ARN,1063,1089,"GDPR_Art5_1b, DPDPA_S8"
tenant-a_log_10.json,arn:aws:iam::123456789012:user/carol.smith,AWS_ARN,1467,1509,"GDPR_Art5_1b, DPDPA_S8"
tenant-a_log_10.json,arn:aws:s3:::tenant-a-backup,AWS_ARN,2348,2376,"GDPR_Art5_1b, DPDPA_S8"
tenant-a_log_10.json,arn:aws:iam::123456789012:user/alice.chen,AWS_ARN,2754,2795,"GDPR_Art5_1b, DPDPA_S8"
tenant-a_log_10.json,arn:aws:s3:::tenant-a-backup,AWS_ARN,3635,3663,"GDPR_Art5_1b, DPDPA_S8"
tenant-a_log_10.json,arn:aws:iam::123456789012:user/alice.chen,AWS_ARN,4041,4082,"GDPR_Art5_1b, DPDPA_S8"
tenant-a_log_10.json,arn:aws:s3:::tenant-a-data,AWS_ARN,4921,4947,"GDPR_Art5_1b, DPDPA_S8"
tenant-a_log_10.json,arn:aws:iam::123456789012:user/carol.smith,AWS_ARN,5325,5367,"GDPR_Art5_1b, DPDPA_S8"
tenant-a_log_10.json,arn:aws:s3:::tenant-a-backup,AWS_ARN,6207,6235,"GDPR_Art5_1b, DPDPA_S8"
tenant-a_log_10.json,arn:aws:iam::123456789012:user/bob.kumar,AWS_ARN,6613,6653,"GDPR_Art5_1b, DPDPA_S8"
tenant-a_log_10.json,arn:aws:s3:::tenant-a-backup,AWS_ARN,7489,7517,"GDPR_Art5_1b, DPDPA_S8"
tenant-a_log_10.json,arn:aws:iam::123456789012:user/bob.kumar,AWS_ARN,7895,7935,"GDPR_Art5_1b, DPDPA_S8"
tenant-a_log_10.json,arn:aws:s3:::tenant-a-backup,AWS_ARN,8772,8800,"GDPR_Art5_1b, DPDPA_S8"
tenant-a_log_10.json,arn:aws:iam::123456789012:user/bob.kumar,AWS_ARN,9178,9218,"GDPR_Art5_1b, DPDPA_S8"
tenant-a_log_10.json,arn:aws:s3:::tenant-a-backup,AWS_ARN,10055,10083,"GDPR_Art5_1b, DPDPA_S8"
tenant-a_log_10.json,arn:aws:iam::123456789012:user/bob.kumar,AWS_ARN,10461,10501,"GDPR_Art5_1b, DPDPA_S8"
tenant-a_log_10.json,arn:aws:s3:::tenant-a-backup,AWS_ARN,11338,11366,"GDPR_Art5_1b, DPDPA_S8"
tenant-a_log_10.json,arn:aws:iam::123456789012:user/alice.chen,AWS_ARN,11744,11785,"GDPR_Art5_1b, DPDPA_S8"
tenant-a_log_10.json,arn:aws:s3:::tenant-a-data,AWS_ARN,12620,12646,"GDPR_Art5_1b, DPDPA_S8"
tenant-a_log_10.json,arn:aws:iam::123456789012:user/bob.kumar,AWS_ARN,13024,13064,"GDPR_Art5_1b, DPDPA_S8"
tenant-a_log_10.json,arn:aws:s3:::tenant-a-data,AWS_ARN,13902,13928,"GDPR_Art5_1b, DPDPA_S8"
tenant-a_log_10.json,arn:aws:iam::123456789012:user/bob.kumar,AWS_ARN,14306,14346,"GDPR_Art5_1b, DPDPA_S8"
tenant-a_log_10.json,arn:aws:s3:::tenant-a-data,AWS_ARN,15183,15209,"GDPR_Art5_1b, DPDPA_S8"
tenant-a_log_10.json,arn:aws:iam::123456789012:user/carol.smith,AWS_ARN,15587,15629,"GDPR_Art5_1b, DPDPA_S8"
tenant-a_log_10.json,arn:aws:s3:::tenant-a-backup,AWS_ARN,16470,16498,"GDPR_Art5_1b, DPDPA_S8"
tenant-a_log_10.json,arn:aws:iam::123456789012:user/alice.chen,AWS_ARN,16876,16917,"GDPR_Art5_1b, DPDPA_S8"
tenant-a_log_10.json,arn:aws:s3:::tenant-a-data,AWS_ARN,17755,17781,"GDPR_Art5_1b, DPDPA_S8"
tenant-a_log_10.json,arn:aws:iam::123456789012:user/bob.kumar,AWS_ARN,18159,18199,"GDPR_Art5_1b, DPDPA_S8"
tenant-a_log_10.json,arn:aws:s3:::tenant-a-backup,AWS_ARN,19040,19068,"GDPR_Art5_1b, DPDPA_S8"
tenant-a_log_10.json,arn:aws:iam::123456789012:user/bob.kumar,AWS_ARN,19446,19486,"GDPR_Art5_1b, DPDPA_S8"
tenant-a_log_10.json,arn:aws:s3:::tenant-a-backup,AWS_ARN,20329,20357,"GDPR_Art5_1b, DPDPA_S8"
tenant-a_log_10.json,arn:aws:iam::123456789012:user/carol.smith,AWS_ARN,20735,20777,"GDPR_Art5_1b, DPDPA_S8"
tenant-a_log_10.json,arn:aws:s3:::tenant-a-data,AWS_ARN,21615,21641,"GDPR_Art5_1b, DPDPA_S8"
tenant-a_log_10.json,arn:aws:iam::123456789012:user/carol.smith,AWS_ARN,22019,22061,"GDPR_Art5_1b, DPDPA_S8"
tenant-a_log_10.json,arn:aws:s3:::tenant-a-data,AWS_ARN,22899,22925,"GDPR_Art5_1b, DPDPA_S8"
tenant-a_log_10.json,arn:aws:iam::123456789012:user/alice.chen,AWS_ARN,23303,23344,"GDPR_Art5_1b, DPDPA_S8"
tenant-a_log_10.json,arn:aws:s3:::tenant-a-data,AWS_ARN,24183,24209,"GDPR_Art5_1b, DPDPA_S8"
tenant-a_log_10.json,arn:aws:iam::123456789012:user/bob.kumar,AWS_ARN,24587,24627,"GDPR_Art5_1b, DPDPA_S8"
tenant-a_log_10.json,arn:aws:s3:::tenant-a-data,AWS_ARN,25465,25491,"GDPR_Art5_1b, DPDPA_S8"
tenant-a_log_10.json,123456789012,AWS_ACCOUNT_ID,250,262,"GDPR_Art5_1b, DPDPA_S8"
tenant-a_log_10.json,123456789012,AWS_ACCOUNT_ID,1116,1128,"GDPR_Art5_1b, DPDPA_S8"
tenant-a_log_10.json,123456789012,AWS_ACCOUNT_ID,1280,1292,"GDPR_Art5_1b, DPDPA_S8"
tenant-a_log_10.json,123456789012,AWS_ACCOUNT_ID,1534,1546,"GDPR_Art5_1b, DPDPA_S8"
tenant-a_log_10.json,123456789012,AWS_ACCOUNT_ID,2403,2415,"GDPR_Art5_1b, DPDPA_S8"
tenant-a_log_10.json,123456789012,AWS_ACCOUNT_ID,2567,2579,"GDPR_Art5_1b, DPDPA_S8"
tenant-a_log_10.json,123456789012,AWS_ACCOUNT_ID,2820,2832,"GDPR_Art5_1b, DPDPA_S8"
tenant-a_log_10.json,123456789012,AWS_ACCOUNT_ID,3690,3702,"GDPR_Art5_1b, DPDPA_S8"
tenant-a_log_10.json,123456789012,AWS_ACCOUNT_ID,3854,3866,"GDPR_Art5_1b, DPDPA_S8"
tenant-a_log_10.json,123456789012,AWS_ACCOUNT_ID,4107,4119,"GDPR_Art5_1b, DPDPA_S8"
tenant-a_log_10.json,123456789012,AWS_ACCOUNT_ID,4974,4986,"GDPR_Art5_1b, DPDPA_S8"
tenant-a_log_10.json,123456789012,AWS_ACCOUNT_ID,5138,5150,"GDPR_Art5_1b, DPDPA_S8"
tenant-a_log_10.json,123456789012,AWS_ACCOUNT_ID,5392,5404,"GDPR_Art5_1b, DPDPA_S8"
tenant-a_log_10.json,123456789012,AWS_ACCOUNT_ID,6262,6274,"GDPR_Art5_1b, DPDPA_S8"
tenant-a_log_10.json,123456789012,AWS_ACCOUNT_ID,6426,6438,"GDPR_Art5_1b, DPDPA_S8"
tenant-a_log_10.json,123456789012,AWS_ACCOUNT_ID,6678,6690,"GDPR_Art5_1b, DPDPA_S8"
tenant-a_log_10.json,123456789012,AWS_ACCOUNT_ID,7544,7556,"GDPR_Art5_1b, DPDPA_S8"
tenant-a_log_10.json,123456789012,AWS_ACCOUNT_ID,7708,7720,"GDPR_Art5_1b, DPDPA_S8"
tenant-a_log_10.json,123456789012,AWS_ACCOUNT_ID,7960,7972,"GDPR_Art5_1b, DPDPA_S8"
tenant-a_log_10.json,123456789012,AWS_ACCOUNT_ID,8827,8839,"GDPR_Art5_1b, DPDPA_S8"
tenant-a_log_10.json,123456789012,AWS_ACCOUNT_ID,8991,9003,"GDPR_Art5_1b, DPDPA_S8"
tenant-a_log_10.json,123456789012,AWS_ACCOUNT_ID,9243,9255,"GDPR_Art5_1b, DPDPA_S8"
tenant-a_log_10.json,123456789012,AWS_ACCOUNT_ID,10110,10122,"GDPR_Art5_1b, DPDPA_S8"
tenant-a_log_10.json,123456789012,AWS_ACCOUNT_ID,10274,10286,"GDPR_Art5_1b, DPDPA_S8"
tenant-a_log_10.json,123456789012,AWS_ACCOUNT_ID,10526,10538,"GDPR_Art5_1b, DPDPA_S8"
tenant-a_log_10.json,123456789012,AWS_ACCOUNT_ID,11393,11405,"GDPR_Art5_1b, DPDPA_S8"
tenant-a_log_10.json,123456789012,AWS_ACCOUNT_ID,11557,11569,"GDPR_Art5_1b, DPDPA_S8"
tenant-a_log_10.json,123456789012,AWS_ACCOUNT_ID,11810,11822,"GDPR_Art5_1b, DPDPA_S8"
tenant-a_log_10.json,123456789012,AWS_ACCOUNT_ID,12673,12685,"GDPR_Art5_1b, DPDPA_S8"
tenant-a_log_10.json,123456789012,AWS_ACCOUNT_ID,12837,12849,"GDPR_Art5_1b, DPDPA_S8"
tenant-a_log_10.json,123456789012,AWS_ACCOUNT_ID,13089,13101,"GDPR_Art5_1b, DPDPA_S8"
tenant-a_log_10.json,123456789012,AWS_ACCOUNT_ID,13955,13967,"GDPR_Art5_1b, DPDPA_S8"
tenant-a_log_10.json,123456789012,AWS_ACCOUNT_ID,14119,14131,"GDPR_Art5_1b, DPDPA_S8"
tenant-a_log_10.json,123456789012,AWS_ACCOUNT_ID,14371,14383,"GDPR_Art5_1b, DPDPA_S8"
tenant-a_log_10.json,123456789012,AWS_ACCOUNT_ID,15236,15248,"GDPR_Art5_1b, DPDPA_S8"
tenant-a_log_10.json,123456789012,AWS_ACCOUNT_ID,15400,15412,"GDPR_Art5_1b, DPDPA_S8"
tenant-a_log_10.json,123456789012,AWS_ACCOUNT_ID,15654,15666,"GDPR_Art5_1b, DPDPA_S8"
tenant-a_log_10.json,123456789012,AWS_ACCOUNT_ID,16525,16537,"GDPR_Art5_1b, DPDPA_S8"
tenant-a_log_10.json,123456789012,AWS_ACCOUNT_ID,16689,16701,"GDPR_Art5_1b, DPDPA_S8"
tenant-a_log_10.json,123456789012,AWS_ACCOUNT_ID,16942,16954,"GDPR_Art5_1b, DPDPA_S8"
tenant-a_log_10.json,123456789012,AWS_ACCOUNT_ID,17808,17820,"GDPR_Art5_1b, DPDPA_S8"
tenant-a_log_10.json,123456789012,AWS_ACCOUNT_ID,17972,17984,"GDPR_Art5_1b, DPDPA_S8"
tenant-a_log_10.json,123456789012,AWS_ACCOUNT_ID,18224,18236,"GDPR_Art5_1b, DPDPA_S8"
tenant-a_log_10.json,123456789012,AWS_ACCOUNT_ID,19095,19107,"GDPR_Art5_1b, DPDPA_S8"
tenant-a_log_10.json,123456789012,AWS_ACCOUNT_ID,19259,19271,"GDPR_Art5_1b, DPDPA_S8"
tenant-a_log_10.json,123456789012,AWS_ACCOUNT_ID,19511,19523,"GDPR_Art5_1b, DPDPA_S8"
tenant-a_log_10.json,123456789012,AWS_ACCOUNT_ID,20384,20396,"GDPR_Art5_1b, DPDPA_S8"
tenant-a_log_10.json,123456789012,AWS_ACCOUNT_ID,20548,20560,"GDPR_Art5_1b, DPDPA_S8"
tenant-a_log_10.json,123456789012,AWS_ACCOUNT_ID,20802,20814,"GDPR_Art5_1b, DPDPA_S8"
tenant-a_log_10.json,123456789012,AWS_ACCOUNT_ID,21668,21680,"GDPR_Art5_1b, DPDPA_S8"
tenant-a_log_10.json,123456789012,AWS_ACCOUNT_ID,21832,21844,"GDPR_Art5_1b, DPDPA_S8"
tenant-a_log_10.json,123456789012,AWS_ACCOUNT_ID,22086,22098,"GDPR_Art5_1b, DPDPA_S8"
tenant-a_log_10.json,123456789012,AWS_ACCOUNT_ID,22952,22964,"GDPR_Art5_1b, DPDPA_S8"
tenant-a_log_10.json,123456789012,AWS_ACCOUNT_ID,23116,23128,"GDPR_Art5_1b, DPDPA_S8"
tenant-a_log_10.json,123456789012,AWS_ACCOUNT_ID,23369,23381,"GDPR_Art5_1b, DPDPA_S8"
tenant-a_log_10.json,123456789012,AWS_ACCOUNT_ID,24236,24248,"GDPR_Art5_1b, DPDPA_S8"
tenant-a_log_10.json,123456789012,AWS_ACCOUNT_ID,24400,24412,"GDPR_Art5_1b, DPDPA_S8"
tenant-a_log_10.json,123456789012,AWS_ACCOUNT_ID,24652,24664,"GDPR_Art5_1b, DPDPA_S8"
tenant-a_log_10.json,123456789012,AWS_ACCOUNT_ID,25518,25530,"GDPR_Art5_1b, DPDPA_S8"
tenant-a_log_10.json,123456789012,AWS_ACCOUNT_ID,25682,25694,"GDPR_Art5_1b, DPDPA_S8"
tenant-a_log_11.json,bob.kumar,PERSON,284,293,"GDPR_Art5_1a, DPDPA_S8"
tenant-a_log_11.json,alice.chen,PERSON,1564,1574,"GDPR_Art5_1a, DPDPA_S8"
tenant-a_log_11.json,carol.smith,PERSON,2851,2862,"GDPR_Art5_1a, DPDPA_S8"
tenant-a_log_11.json,alice.chen,PERSON,4132,4142,"GDPR_Art5_1a, DPDPA_S8"
tenant-a_log_11.json,bob.kumar,PERSON,5415,5424,"GDPR_Art5_1a, DPDPA_S8"
tenant-a_log_11.json,carol.smith,PERSON,6699,6710,"GDPR_Art5_1a, DPDPA_S8"
tenant-a_log_11.json,carol.smith,PERSON,7985,7996,"GDPR_Art5_1a, DPDPA_S8"
tenant-a_log_11.json,bob.kumar,PERSON,9263,9272,"GDPR_Art5_1a, DPDPA_S8"
tenant-a_log_11.json,carol.smith,PERSON,10542,10553,"GDPR_Art5_1a, DPDPA_S8"
tenant-a_log_11.json,alice.chen,PERSON,11828,11838,"GDPR_Art5_1a, DPDPA_S8"
tenant-a_log_11.json,carol.smith,PERSON,13116,13127,"GDPR_Art5_1a, DPDPA_S8"
tenant-a_log_11.json,alice.chen,PERSON,14399,14409,"GDPR_Art5_1a, DPDPA_S8"
tenant-a_log_11.json,alice.chen,PERSON,15678,15688,"GDPR_Art5_1a, DPDPA_S8"
tenant-a_log_11.json,bob.kumar,PERSON,16958,16967,"GDPR_Art5_1a, DPDPA_S8"
tenant-a_log_11.json,carol.smith,PERSON,18241,18252,"GDPR_Art5_1a, DPDPA_S8"
tenant-a_log_11.json,carol.smith,PERSON,19526,19537,"GDPR_Art5_1a, DPDPA_S8"
tenant-a_log_11.json,alice.chen,PERSON,20813,20823,"GDPR_Art5_1a, DPDPA_S8"
tenant-a_log_11.json,bob.kumar,PERSON,22092,22101,"GDPR_Art5_1a, DPDPA_S8"
tenant-a_log_11.json,carol.smith,PERSON,23376,23387,"GDPR_Art5_1a, DPDPA_S8"
tenant-a_log_11.json,alice.chen,PERSON,24657,24667,"GDPR_Art5_1a, DPDPA_S8"
tenant-a_log_11.json,10.166.47.193,IP_ADDRESS,677,690,"GDPR_Art5_1b, DPDPA_S8"
tenant-a_log_11.json,192.168.25.200,IP_ADDRESS,1958,1972,"GDPR_Art5_1b, DPDPA_S8"
tenant-a_log_11.json,192.168.169.21,IP_ADDRESS,3246,3260,"GDPR_Art5_1b, DPDPA_S8"
tenant-a_log_11.json,172.29.97.243,IP_ADDRESS,4526,4539,"GDPR_Art5_1b, DPDPA_S8"
tenant-a_log_11.json,192.168.42.71,IP_ADDRESS,5808,5821,"GDPR_Art5_1b, DPDPA_S8"
tenant-a_log_11.json,172.16.0.231,IP_ADDRESS,7094,7106,"GDPR_Art5_1b, DPDPA_S8"
tenant-a_log_11.json,10.102.74.98,IP_ADDRESS,8380,8392,"GDPR_Art5_1b, DPDPA_S8"
tenant-a_log_11.json,172.26.68.98,IP_ADDRESS,9656,9668,"GDPR_Art5_1b, DPDPA_S8"
tenant-a_log_11.json,172.26.122.123,IP_ADDRESS,10937,10951,"GDPR_Art5_1b, DPDPA_S8"
tenant-a_log_11.json,172.19.221.224,IP_ADDRESS,12222,12236,"GDPR_Art5_1b, DPDPA_S8"
tenant-a_log_11.json,192.168.6.97,IP_ADDRESS,13511,13523,"GDPR_Art5_1b, DPDPA_S8"
tenant-a_log_11.json,172.31.7.221,IP_ADDRESS,14793,14805,"GDPR_Art5_1b, DPDPA_S8"
tenant-a_log_11.json,172.30.16.32,IP_ADDRESS,16072,16084,"GDPR_Art5_1b, DPDPA_S8"
tenant-a_log_11.json,192.168.76.214,IP_ADDRESS,17351,17365,"GDPR_Art5_1b, DPDPA_S8"
tenant-a_log_11.json,10.137.148.175,IP_ADDRESS,18636,18650,"GDPR_Art5_1b, DPDPA_S8"
tenant-a_log_11.json,10.102.74.60,IP_ADDRESS,19921,19933,"GDPR_Art5_1b, DPDPA_S8"
tenant-a_log_11.json,10.252.176.126,IP_ADDRESS,21207,21221,"GDPR_Art5_1b, DPDPA_S8"
tenant-a_log_11.json,10.39.186.60,IP_ADDRESS,22485,22497,"GDPR_Art5_1b, DPDPA_S8"
tenant-a_log_11.json,192.168.59.21,IP_ADDRESS,23771,23784,"GDPR_Art5_1b, DPDPA_S8"
tenant-a_log_11.json,10.205.72.110,IP_ADDRESS,25051,25064,"GDPR_Art5_1b, DPDPA_S8"
tenant-a_log_11.json,arn:aws:iam::123456789012:user/bob.kumar,AWS_ARN,183,223,"GDPR_Art5_1b, DPDPA_S8"
tenant-a_log_11.json,arn:aws:s3:::tenant-a-backup,AWS_ARN,1056,1084,"GDPR_Art5_1b, DPDPA_S8"
tenant-a_log_11.json,arn:aws:iam::123456789012:user/alice.chen,AWS_ARN,1462,1503,"GDPR_Art5_1b, DPDPA_S8"
tenant-a_log_11.json,arn:aws:s3:::tenant-a-backup,AWS_ARN,2342,2370,"GDPR_Art5_1b, DPDPA_S8"
tenant-a_log_11.json,arn:aws:iam::123456789012:user/carol.smith,AWS_ARN,2748,2790,"GDPR_Art5_1b, DPDPA_S8"
tenant-a_log_11.json,arn:aws:s3:::tenant-a-data,AWS_ARN,3626,3652,"GDPR_Art5_1b, DPDPA_S8"
tenant-a_log_11.json,arn:aws:iam::123456789012:user/alice.chen,AWS_ARN,4030,4071,"GDPR_Art5_1b, DPDPA_S8"
tenant-a_log_11.json,arn:aws:s3:::tenant-a-data,AWS_ARN,4910,4936,"GDPR_Art5_1b, DPDPA_S8"
tenant-a_log_11.json,arn:aws:iam::123456789012:user/bob.kumar,AWS_ARN,5314,5354,"GDPR_Art5_1b, DPDPA_S8"
tenant-a_log_11.json,arn:aws:s3:::tenant-a-backup,AWS_ARN,6190,6218,"GDPR_Art5_1b, DPDPA_S8"
tenant-a_log_11.json,arn:aws:iam::123456789012:user/carol.smith,AWS_ARN,6596,6638,"GDPR_Art5_1b, DPDPA_S8"
tenant-a_log_11.json,arn:aws:s3:::tenant-a-backup,AWS_ARN,7476,7504,"GDPR_Art5_1b, DPDPA_S8"
tenant-a_log_11.json,arn:aws:iam::123456789012:user/carol.smith,AWS_ARN,7882,7924,"GDPR_Art5_1b, DPDPA_S8"
tenant-a_log_11.json,arn:aws:s3:::tenant-a-data,AWS_ARN,8758,8784,"GDPR_Art5_1b, DPDPA_S8"
tenant-a_log_11.json,arn:aws:iam::123456789012:user/bob.kumar,AWS_ARN,9162,9202,"GDPR_Art5_1b, DPDPA_S8"
tenant-a_log_11.json,arn:aws:s3:::tenant-a-data,AWS_ARN,10035,10061,"GDPR_Art5_1b, DPDPA_S8"
tenant-a_log_11.json,arn:aws:iam::123456789012:user/carol.smith,AWS_ARN,10439,10481,"GDPR_Art5_1b, DPDPA_S8"
tenant-a_log_11.json,arn:aws:s3:::tenant-a-backup,AWS_ARN,11320,11348,"GDPR_Art5_1b, DPDPA_S8"
tenant-a_log_11.json,arn:aws:iam::123456789012:user/alice.chen,AWS_ARN,11726,11767,"GDPR_Art5_1b, DPDPA_S8"
tenant-a_log_11.json,arn:aws:s3:::tenant-a-backup,AWS_ARN,12607,12635,"GDPR_Art5_1b, DPDPA_S8"
tenant-a_log_11.json,arn:aws:iam::123456789012:user/carol.smith,AWS_ARN,13013,13055,"GDPR_Art5_1b, DPDPA_S8"
tenant-a_log_11.json,arn:aws:s3:::tenant-a-backup,AWS_ARN,13891,13919,"GDPR_Art5_1b, DPDPA_S8"
tenant-a_log_11.json,arn:aws:iam::123456789012:user/alice.chen,AWS_ARN,14297,14338,"GDPR_Art5_1b, DPDPA_S8"
tenant-a_log_11.json,arn:aws:s3:::tenant-a-data,AWS_ARN,15172,15198,"GDPR_Art5_1b, DPDPA_S8"
tenant-a_log_11.json,arn:aws:iam::123456789012:user/alice.chen,AWS_ARN,15576,15617,"GDPR_Art5_1b, DPDPA_S8"
tenant-a_log_11.json,arn:aws:s3:::tenant-a-data,AWS_ARN,16453,16479,"GDPR_Art5_1b, DPDPA_S8"
tenant-a_log_11.json,arn:aws:iam::123456789012:user/bob.kumar,AWS_ARN,16857,16897,"GDPR_Art5_1b, DPDPA_S8"
tenant-a_log_11.json,arn:aws:s3:::tenant-a-backup,AWS_ARN,17732,17760,"GDPR_Art5_1b, DPDPA_S8"
tenant-a_log_11.json,arn:aws:iam::123456789012:user/carol.smith,AWS_ARN,18138,18180,"GDPR_Art5_1b, DPDPA_S8"
tenant-a_log_11.json,arn:aws:s3:::tenant-a-data,AWS_ARN,19019,19045,"GDPR_Art5_1b, DPDPA_S8"
tenant-a_log_11.json,arn:aws:iam::123456789012:user/carol.smith,AWS_ARN,19423,19465,"GDPR_Art5_1b, DPDPA_S8"
tenant-a_log_11.json,arn:aws:s3:::tenant-a-backup,AWS_ARN,20305,20333,"GDPR_Art5_1b, DPDPA_S8"
tenant-a_log_11.json,arn:aws:iam::123456789012:user/alice.chen,AWS_ARN,20711,20752,"GDPR_Art5_1b, DPDPA_S8"
tenant-a_log_11.json,arn:aws:s3:::tenant-a-data,AWS_ARN,21587,21613,"GDPR_Art5_1b, DPDPA_S8"
tenant-a_log_11.json,arn:aws:iam::123456789012:user/bob.kumar,AWS_ARN,21991,22031,"GDPR_Art5_1b, DPDPA_S8"
tenant-a_log_11.json,arn:aws:s3:::tenant-a-backup,AWS_ARN,22867,22895,"GDPR_Art5_1b, DPDPA_S8"
tenant-a_log_11.json,arn:aws:iam::123456789012:user/carol.smith,AWS_ARN,23273,23315,"GDPR_Art5_1b, DPDPA_S8"
tenant-a_log_11.json,arn:aws:s3:::tenant-a-data,AWS_ARN,24151,24177,"GDPR_Art5_1b, DPDPA_S8"
tenant-a_log_11.json,arn:aws:iam::123456789012:user/alice.chen,AWS_ARN,24555,24596,"GDPR_Art5_1b, DPDPA_S8"
tenant-a_log_11.json,arn:aws:s3:::tenant-a-data,AWS_ARN,25431,25457,"GDPR_Art5_1b, DPDPA_S8"
tenant-a_log_11.json,123456789012,AWS_ACCOUNT_ID,248,260,"GDPR_Art5_1b, DPDPA_S8"
tenant-a_log_11.json,123456789012,AWS_ACCOUNT_ID,1111,1123,"GDPR_Art5_1b, DPDPA_S8"
tenant-a_log_11.json,123456789012,AWS_ACCOUNT_ID,1275,1287,"GDPR_Art5_1b, DPDPA_S8"
tenant-a_log_11.json,123456789012,AWS_ACCOUNT_ID,1528,1540,"GDPR_Art5_1b, DPDPA_S8"
tenant-a_log_11.json,123456789012,AWS_ACCOUNT_ID,2397,2409,"GDPR_Art5_1b, DPDPA_S8"
tenant-a_log_11.json,123456789012,AWS_ACCOUNT_ID,2561,2573,"GDPR_Art5_1b, DPDPA_S8"
tenant-a_log_11.json,123456789012,AWS_ACCOUNT_ID,2815,2827,"GDPR_Art5_1b, DPDPA_S8"
tenant-a_log_11.json,123456789012,AWS_ACCOUNT_ID,3679,3691,"GDPR_Art5_1b, DPDPA_S8"
tenant-a_log_11.json,123456789012,AWS_ACCOUNT_ID,3843,3855,"GDPR_Art5_1b, DPDPA_S8"
tenant-a_log_11.json,123456789012,AWS_ACCOUNT_ID,4096,4108,"GDPR_Art5_1b, DPDPA_S8"
tenant-a_log_11.json,123456789012,AWS_ACCOUNT_ID,4963,4975,"GDPR_Art5_1b, DPDPA_S8"
tenant-a_log_11.json,123456789012,AWS_ACCOUNT_ID,5127,5139,"GDPR_Art5_1b, DPDPA_S8"
tenant-a_log_11.json,123456789012,AWS_ACCOUNT_ID,5379,5391,"GDPR_Art5_1b, DPDPA_S8"
tenant-a_log_11.json,123456789012,AWS_ACCOUNT_ID,6245,6257,"GDPR_Art5_1b, DPDPA_S8"
tenant-a_log_11.json,123456789012,AWS_ACCOUNT_ID,6409,6421,"GDPR_Art5_1b, DPDPA_S8"
tenant-a_log_11.json,123456789012,AWS_ACCOUNT_ID,6663,6675,"GDPR_Art5_1b, DPDPA_S8"
tenant-a_log_11.json,123456789012,AWS_ACCOUNT_ID,7531,7543,"GDPR_Art5_1b, DPDPA_S8"
tenant-a_log_11.json,123456789012,AWS_ACCOUNT_ID,7695,7707,"GDPR_Art5_1b, DPDPA_S8"
tenant-a_log_11.json,123456789012,AWS_ACCOUNT_ID,7949,7961,"GDPR_Art5_1b, DPDPA_S8"
tenant-a_log_11.json,123456789012,AWS_ACCOUNT_ID,8811,8823,"GDPR_Art5_1b, DPDPA_S8"
tenant-a_log_11.json,123456789012,AWS_ACCOUNT_ID,8975,8987,"GDPR_Art5_1b, DPDPA_S8"
tenant-a_log_11.json,123456789012,AWS_ACCOUNT_ID,9227,9239,"GDPR_Art5_1b, DPDPA_S8"
tenant-a_log_11.json,123456789012,AWS_ACCOUNT_ID,10088,10100,"GDPR_Art5_1b, DPDPA_S8"
tenant-a_log_11.json,123456789012,AWS_ACCOUNT_ID,10252,10264,"GDPR_Art5_1b, DPDPA_S8"
tenant-a_log_11.json,123456789012,AWS_ACCOUNT_ID,10506,10518,"GDPR_Art5_1b, DPDPA_S8"
tenant-a_log_11.json,123456789012,AWS_ACCOUNT_ID,11375,11387,"GDPR_Art5_1b, DPDPA_S8"
tenant-a_log_11.json,123456789012,AWS_ACCOUNT_ID,11539,11551,"GDPR_Art5_1b, DPDPA_S8"
tenant-a_log_11.json,123456789012,AWS_ACCOUNT_ID,11792,11804,"GDPR_Art5_1b, DPDPA_S8"
tenant-a_log_11.json,123456789012,AWS_ACCOUNT_ID,12662,12674,"GDPR_Art5_1b, DPDPA_S8"
tenant-a_log_11.json,123456789012,AWS_ACCOUNT_ID,12826,12838,"GDPR_Art5_1b, DPDPA_S8"
tenant-a_log_11.json,123456789012,AWS_ACCOUNT_ID,13080,13092,"GDPR_Art5_1b, DPDPA_S8"
tenant-a_log_11.json,123456789012,AWS_ACCOUNT_ID,13946,13958,"GDPR_Art5_1b, DPDPA_S8"
tenant-a_log_11.json,123456789012,AWS_ACCOUNT_ID,14110,14122,"GDPR_Art5_1b, DPDPA_S8"
tenant-a_log_11.json,123456789012,AWS_ACCOUNT_ID,14363,14375,"GDPR_Art5_1b, DPDPA_S8"
tenant-a_log_11.json,123456789012,AWS_ACCOUNT_ID,15225,15237,"GDPR_Art5_1b, DPDPA_S8"
tenant-a_log_11.json,123456789012,AWS_ACCOUNT_ID,15389,15401,"GDPR_Art5_1b, DPDPA_S8"
tenant-a_log_11.json,123456789012,AWS_ACCOUNT_ID,15642,15654,"GDPR_Art5_1b, DPDPA_S8"
tenant-a_log_11.json,123456789012,AWS_ACCOUNT_ID,16506,16518,"GDPR_Art5_1b, DPDPA_S8"
tenant-a_log_11.json,123456789012,AWS_ACCOUNT_ID,16670,16682,"GDPR_Art5_1b, DPDPA_S8"
tenant-a_log_11.json,123456789012,AWS_ACCOUNT_ID,16922,16934,"GDPR_Art5_1b, DPDPA_S8"
tenant-a_log_11.json,123456789012,AWS_ACCOUNT_ID,17787,17799,"GDPR_Art5_1b, DPDPA_S8"
tenant-a_log_11.json,123456789012,AWS_ACCOUNT_ID,17951,17963,"GDPR_Art5_1b, DPDPA_S8"
tenant-a_log_11.json,123456789012,AWS_ACCOUNT_ID,18205,18217,"GDPR_Art5_1b, DPDPA_S8"
tenant-a_log_11.json,123456789012,AWS_ACCOUNT_ID,19072,19084,"GDPR_Art5_1b, DPDPA_S8"
tenant-a_log_11.json,123456789012,AWS_ACCOUNT_ID,19236,19248,"GDPR_Art5_1b, DPDPA_S8"
tenant-a_log_11.json,123456789012,AWS_ACCOUNT_ID,19490,19502,"GDPR_Art5_1b, DPDPA_S8"
tenant-a_log_11.json,123456789012,AWS_ACCOUNT_ID,20360,20372,"GDPR_Art5_1b, DPDPA_S8"
tenant-a_log_11.json,123456789012,AWS_ACCOUNT_ID,20524,20536,"GDPR_Art5_1b, DPDPA_S8"
tenant-a_log_11.json,123456789012,AWS_ACCOUNT_ID,20777,20789,"GDPR_Art5_1b, DPDPA_S8"
tenant-a_log_11.json,123456789012,AWS_ACCOUNT_ID,21640,21652,"GDPR_Art5_1b, DPDPA_S8"
tenant-a_log_11.json,123456789012,AWS_ACCOUNT_ID,21804,21816,"GDPR_Art5_1b, DPDPA_S8"
tenant-a_log_11.json,123456789012,AWS_ACCOUNT_ID,22056,22068,"GDPR_Art5_1b, DPDPA_S8"
tenant-a_log_11.json,123456789012,AWS_ACCOUNT_ID,22922,22934,"GDPR_Art5_1b, DPDPA_S8"
tenant-a_log_11.json,123456789012,AWS_ACCOUNT_ID,23086,23098,"GDPR_Art5_1b, DPDPA_S8"
tenant-a_log_11.json,123456789012,AWS_ACCOUNT_ID,23340,23352,"GDPR_Art5_1b, DPDPA_S8"
tenant-a_log_11.json,123456789012,AWS_ACCOUNT_ID,24204,24216,"GDPR_Art5_1b, DPDPA_S8"
tenant-a_log_11.json,123456789012,AWS_ACCOUNT_ID,24368,24380,"GDPR_Art5_1b, DPDPA_S8"
tenant-a_log_11.json,123456789012,AWS_ACCOUNT_ID,24621,24633,"GDPR_Art5_1b, DPDPA_S8"
tenant-a_log_11.json,123456789012,AWS_ACCOUNT_ID,25484,25496,"GDPR_Art5_1b, DPDPA_S8"
tenant-a_log_11.json,123456789012,AWS_ACCOUNT_ID,25648,25660,"GDPR_Art5_1b, DPDPA_S8"
tenant-a_log_12.json,carol.smith,PERSON,286,297,"GDPR_Art5_1a, DPDPA_S8"
tenant-a_log_12.json,carol.smith,PERSON,1579,1590,"GDPR_Art5_1a, DPDPA_S8"
tenant-a_log_12.json,carol.smith,PERSON,2861,2872,"GDPR_Art5_1a, DPDPA_S8"
tenant-a_log_12.json,carol.smith,PERSON,4147,4158,"GDPR_Art5_1a, DPDPA_S8"
tenant-a_log_12.json,bob.kumar,PERSON,5436,5445,"GDPR_Art5_1a, DPDPA_S8"
tenant-a_log_12.json,bob.kumar,PERSON,6718,6727,"GDPR_Art5_1a, DPDPA_S8"
tenant-a_log_12.json,bob.kumar,PERSON,8002,8011,"GDPR_Art5_1a, DPDPA_S8"
tenant-a_log_12.json,carol.smith,PERSON,9284,9295,"GDPR_Art5_1a, DPDPA_S8"
tenant-a_log_12.json,carol.smith,PERSON,10567,10578,"GDPR_Art5_1a, DPDPA_S8"
tenant-a_log_12.json,alice.chen,PERSON,11852,11862,"GDPR_Art5_1a, DPDPA_S8"
tenant-a_log_12.json,carol.smith,PERSON,13136,13147,"GDPR_Art5_1a, DPDPA_S8"
tenant-a_log_12.json,carol.smith,PERSON,14417,14428,"GDPR_Art5_1a, DPDPA_S8"
tenant-a_log_12.json,bob.kumar,PERSON,15702,15711,"GDPR_Art5_1a, DPDPA_S8"
tenant-a_log_12.json,carol.smith,PERSON,16987,16998,"GDPR_Art5_1a, DPDPA_S8"
tenant-a_log_12.json,alice.chen,PERSON,18271,18281,"GDPR_Art5_1a, DPDPA_S8"
tenant-a_log_12.json,carol.smith,PERSON,19558,19569,"GDPR_Art5_1a, DPDPA_S8"
tenant-a_log_12.json,bob.kumar,PERSON,20839,20848,"GDPR_Art5_1a, DPDPA_S8"
tenant-a_log_12.json,bob.kumar,PERSON,22117,22126,"GDPR_Art5_1a, DPDPA_S8"
tenant-a_log_12.json,bob.kumar,PERSON,23401,23410,"GDPR_Art5_1a, DPDPA_S8"
tenant-a_log_12.json,alice.chen,PERSON,24681,24691,"GDPR_Art5_1a, DPDPA_S8"
tenant-a_log_12.json,192.168.38.207,IP_ADDRESS,681,695,"GDPR_Art5_1b, DPDPA_S8"
tenant-a_log_12.json,192.168.32.69,IP_ADDRESS,1974,1987,"GDPR_Art5_1b, DPDPA_S8"
tenant-a_log_12.json,192.168.106.186,IP_ADDRESS,3256,3271,"GDPR_Art5_1b, DPDPA_S8"
tenant-a_log_12.json,172.23.245.221,IP_ADDRESS,4542,4556,"GDPR_Art5_1b, DPDPA_S8"
tenant-a_log_12.json,192.168.217.127,IP_ADDRESS,5829,5844,"GDPR_Art5_1b, DPDPA_S8"
tenant-a_log_12.json,192.168.179.157,IP_ADDRESS,7111,7126,"GDPR_Art5_1b, DPDPA_S8"
tenant-a_log_12.json,172.27.151.166,IP_ADDRESS,8395,8409,"GDPR_Art5_1b, DPDPA_S8"
tenant-a_log_12.json,192.168.41.156,IP_ADDRESS,9679,9693,"GDPR_Art5_1b, DPDPA_S8"
tenant-a_log_12.json,172.17.250.152,IP_ADDRESS,10962,10976,"GDPR_Art5_1b, DPDPA_S8"
tenant-a_log_12.json,10.61.77.67,IP_ADDRESS,12246,12257,"GDPR_Art5_1b, DPDPA_S8"
tenant-a_log_12.json,172.31.39.158,IP_ADDRESS,13531,13544,"GDPR_Art5_1b, DPDPA_S8"
tenant-a_log_12.json,172.26.111.172,IP_ADDRESS,14812,14826,"GDPR_Art5_1b, DPDPA_S8"
tenant-a_log_12.json,172.29.7.105,IP_ADDRESS,16095,16107,"GDPR_Art5_1b, DPDPA_S8"
tenant-a_log_12.json,172.29.7.226,IP_ADDRESS,17382,17394,"GDPR_Art5_1b, DPDPA_S8"
tenant-a_log_12.json,172.31.153.232,IP_ADDRESS,18665,18679,"GDPR_Art5_1b, DPDPA_S8"
tenant-a_log_12.json,172.20.114.161,IP_ADDRESS,19953,19967,"GDPR_Art5_1b, DPDPA_S8"
tenant-a_log_12.json,10.124.94.223,IP_ADDRESS,21232,21245,"GDPR_Art5_1b, DPDPA_S8"
tenant-a_log_12.json,192.168.103.209,IP_ADDRESS,22510,22525,"GDPR_Art5_1b, DPDPA_S8"
tenant-a_log_12.json,192.168.24.169,IP_ADDRESS,23794,23808,"GDPR_Art5_1b, DPDPA_S8"
tenant-a_log_12.json,172.31.27.115,IP_ADDRESS,25075,25088,"GDPR_Art5_1b, DPDPA_S8"
tenant-a_log_12.json,arn:aws:iam::123456789012:user/carol.smith,AWS_ARN,183,225,"GDPR_Art5_1b, DPDPA_S8"
tenant-a_log_12.json,arn:aws:s3:::tenant-a-backup,AWS_ARN,1070,1098,"GDPR_Art5_1b, DPDPA_S8"
tenant-a_log_12.json,arn:aws:iam::123456789012:user/carol.smith,AWS_ARN,1476,1518,"GDPR_Art5_1b, DPDPA_S8"
tenant-a_log_12.json,arn:aws:s3:::tenant-a-data,AWS_ARN,2354,2380,"GDPR_Art5_1b, DPDPA_S8"
tenant-a_log_12.json,arn:aws:iam::123456789012:user/carol.smith,AWS_ARN,2758,2800,"GDPR_Art5_1b, DPDPA_S8"
tenant-a_log_12.json,arn:aws:s3:::tenant-a-data,AWS_ARN,3640,3666,"GDPR_Art5_1b, DPDPA_S8"
tenant-a_log_12.json,arn:aws:iam::123456789012:user/carol.smith,AWS_ARN,4044,4086,"GDPR_Art5_1b, DPDPA_S8"
tenant-a_log_12.json,arn:aws:s3:::tenant-a-backup,AWS_ARN,4929,4957,"GDPR_Art5_1b, DPDPA_S8"
tenant-a_log_12.json,arn:aws:iam::123456789012:user/bob.kumar,AWS_ARN,5335,5375,"GDPR_Art5_1b, DPDPA_S8"
tenant-a_log_12.json,arn:aws:s3:::tenant-a-data,AWS_ARN,6213,6239,"GDPR_Art5_1b, DPDPA_S8"
tenant-a_log_12.json,arn:aws:iam::123456789012:user/bob.kumar,AWS_ARN,6617,6657,"GDPR_Art5_1b, DPDPA_S8"
tenant-a_log_12.json,arn:aws:s3:::tenant-a-backup,AWS_ARN,7495,7523,"GDPR_Art5_1b, DPDPA_S8"
tenant-a_log_12.json,arn:aws:iam::123456789012:user/bob.kumar,AWS_ARN,7901,7941,"GDPR_Art5_1b, DPDPA_S8"
tenant-a_log_12.json,arn:aws:s3:::tenant-a-data,AWS_ARN,8777,8803,"GDPR_Art5_1b, DPDPA_S8"
tenant-a_log_12.json,arn:aws:iam::123456789012:user/carol.smith,AWS_ARN,9181,9223,"GDPR_Art5_1b, DPDPA_S8"
tenant-a_log_12.json,arn:aws:s3:::tenant-a-data,AWS_ARN,10060,10086,"GDPR_Art5_1b, DPDPA_S8"
tenant-a_log_12.json,arn:aws:iam::123456789012:user/carol.smith,AWS_ARN,10464,10506,"GDPR_Art5_1b, DPDPA_S8"
tenant-a_log_12.json,arn:aws:s3:::tenant-a-backup,AWS_ARN,11344,11372,"GDPR_Art5_1b, DPDPA_S8"
tenant-a_log_12.json,arn:aws:iam::123456789012:user/alice.chen,AWS_ARN,11750,11791,"GDPR_Art5_1b, DPDPA_S8"
tenant-a_log_12.json,arn:aws:s3:::tenant-a-data,AWS_ARN,12629,12655,"GDPR_Art5_1b, DPDPA_S8"
tenant-a_log_12.json,arn:aws:iam::123456789012:user/carol.smith,AWS_ARN,13033,13075,"GDPR_Art5_1b, DPDPA_S8"
tenant-a_log_12.json,arn:aws:s3:::tenant-a-data,AWS_ARN,13910,13936,"GDPR_Art5_1b, DPDPA_S8"
tenant-a_log_12.json,arn:aws:iam::123456789012:user/carol.smith,AWS_ARN,14314,14356,"GDPR_Art5_1b, DPDPA_S8"
tenant-a_log_12.json,arn:aws:s3:::tenant-a-backup,AWS_ARN,15195,15223,"GDPR_Art5_1b, DPDPA_S8"
tenant-a_log_12.json,arn:aws:iam::123456789012:user/bob.kumar,AWS_ARN,15601,15641,"GDPR_Art5_1b, DPDPA_S8"
tenant-a_log_12.json,arn:aws:s3:::tenant-a-backup,AWS_ARN,16478,16506,"GDPR_Art5_1b, DPDPA_S8"
tenant-a_log_12.json,arn:aws:iam::123456789012:user/carol.smith,AWS_ARN,16884,16926,"GDPR_Art5_1b, DPDPA_S8"
tenant-a_log_12.json,arn:aws:s3:::tenant-a-backup,AWS_ARN,17763,17791,"GDPR_Art5_1b, DPDPA_S8"
tenant-a_log_12.json,arn:aws:iam::123456789012:user/alice.chen,AWS_ARN,18169,18210,"GDPR_Art5_1b, DPDPA_S8"
tenant-a_log_12.json,arn:aws:s3:::tenant-a-backup,AWS_ARN,19049,19077,"GDPR_Art5_1b, DPDPA_S8"
tenant-a_log_12.json,arn:aws:iam::123456789012:user/carol.smith,AWS_ARN,19455,19497,"GDPR_Art5_1b, DPDPA_S8"
tenant-a_log_12.json,arn:aws:s3:::tenant-a-data,AWS_ARN,20334,20360,"GDPR_Art5_1b, DPDPA_S8"
tenant-a_log_12.json,arn:aws:iam::123456789012:user/bob.kumar,AWS_ARN,20738,20778,"GDPR_Art5_1b, DPDPA_S8"
tenant-a_log_12.json,arn:aws:s3:::tenant-a-data,AWS_ARN,21612,21638,"GDPR_Art5_1b, DPDPA_S8"
tenant-a_log_12.json,arn:aws:iam::123456789012:user/bob.kumar,AWS_ARN,22016,22056,"GDPR_Art5_1b, DPDPA_S8"
tenant-a_log_12.json,arn:aws:s3:::tenant-a-backup,AWS_ARN,22894,22922,"GDPR_Art5_1b, DPDPA_S8"
tenant-a_log_12.json,arn:aws:iam::123456789012:user/bob.kumar,AWS_ARN,23300,23340,"GDPR_Art5_1b, DPDPA_S8"
tenant-a_log_12.json,arn:aws:s3:::tenant-a-data,AWS_ARN,24175,24201,"GDPR_Art5_1b, DPDPA_S8"
tenant-a_log_12.json,arn:aws:iam::123456789012:user/alice.chen,AWS_ARN,24579,24620,"GDPR_Art5_1b, DPDPA_S8"
tenant-a_log_12.json,arn:aws:s3:::tenant-a-backup,AWS_ARN,25461,25489,"GDPR_Art5_1b, DPDPA_S8"
tenant-a_log_12.json,123456789012,AWS_ACCOUNT_ID,250,262,"GDPR_Art5_1b, DPDPA_S8"
tenant-a_log_12.json,123456789012,AWS_ACCOUNT_ID,1125,1137,"GDPR_Art5_1b, DPDPA_S8"
tenant-a_log_12.json,123456789012,AWS_ACCOUNT_ID,1289,1301,"GDPR_Art5_1b, DPDPA_S8"
tenant-a_log_12.json,123456789012,AWS_ACCOUNT_ID,1543,1555,"GDPR_Art5_1b, DPDPA_S8"
tenant-a_log_12.json,123456789012,AWS_ACCOUNT_ID,2407,2419,"GDPR_Art5_1b, DPDPA_S8"
tenant-a_log_12.json,123456789012,AWS_ACCOUNT_ID,2571,2583,"GDPR_Art5_1b, DPDPA_S8"
tenant-a_log_12.json,123456789012,AWS_ACCOUNT_ID,2825,2837,"GDPR_Art5_1b, DPDPA_S8"
tenant-a_log_12.json,123456789012,AWS_ACCOUNT_ID,3693,3705,"GDPR_Art5_1b, DPDPA_S8"
tenant-a_log_12.json,123456789012,AWS_ACCOUNT_ID,3857,3869,"GDPR_Art5_1b, DPDPA_S8"
tenant-a_log_12.json,123456789012,AWS_ACCOUNT_ID,4111,4123,"GDPR_Art5_1b, DPDPA_S8"
tenant-a_log_12.json,123456789012,AWS_ACCOUNT_ID,4984,4996,"GDPR_Art5_1b, DPDPA_S8"
tenant-a_log_12.json,123456789012,AWS_ACCOUNT_ID,5148,5160,"GDPR_Art5_1b, DPDPA_S8"
tenant-a_log_12.json,123456789012,AWS_ACCOUNT_ID,5400,5412,"GDPR_Art5_1b, DPDPA_S8"
tenant-a_log_12.json,123456789012,AWS_ACCOUNT_ID,6266,6278,"GDPR_Art5_1b, DPDPA_S8"
tenant-a_log_12.json,123456789012,AWS_ACCOUNT_ID,6430,6442,"GDPR_Art5_1b, DPDPA_S8"
tenant-a_log_12.json,123456789012,AWS_ACCOUNT_ID,6682,6694,"GDPR_Art5_1b, DPDPA_S8"
tenant-a_log_12.json,123456789012,AWS_ACCOUNT_ID,7550,7562,"GDPR_Art5_1b, DPDPA_S8"
tenant-a_log_12.json,123456789012,AWS_ACCOUNT_ID,7714,7726,"GDPR_Art5_1b, DPDPA_S8"
tenant-a_log_12.json,123456789012,AWS_ACCOUNT_ID,7966,7978,"GDPR_Art5_1b, DPDPA_S8"
tenant-a_log_12.json,123456789012,AWS_ACCOUNT_ID,8830,8842,"GDPR_Art5_1b, DPDPA_S8"
tenant-a_log_12.json,123456789012,AWS_ACCOUNT_ID,8994,9006,"GDPR_Art5_1b, DPDPA_S8"
tenant-a_log_12.json,123456789012,AWS_ACCOUNT_ID,9248,9260,"GDPR_Art5_1b, DPDPA_S8"
tenant-a_log_12.json,123456789012,AWS_ACCOUNT_ID,10113,10125,"GDPR_Art5_1b, DPDPA_S8"
tenant-a_log_12.json,123456789012,AWS_ACCOUNT_ID,10277,10289,"GDPR_Art5_1b, DPDPA_S8"
tenant-a_log_12.json,123456789012,AWS_ACCOUNT_ID,10531,10543,"GDPR_Art5_1b, DPDPA_S8"
tenant-a_log_12.json,123456789012,AWS_ACCOUNT_ID,11399,11411,"GDPR_Art5_1b, DPDPA_S8"
tenant-a_log_12.json,123456789012,AWS_ACCOUNT_ID,11563,11575,"GDPR_Art5_1b, DPDPA_S8"
tenant-a_log_12.json,123456789012,AWS_ACCOUNT_ID,11816,11828,"GDPR_Art5_1b, DPDPA_S8"
tenant-a_log_12.json,123456789012,AWS_ACCOUNT_ID,12682,12694,"GDPR_Art5_1b, DPDPA_S8"
tenant-a_log_12.json,123456789012,AWS_ACCOUNT_ID,12846,12858,"GDPR_Art5_1b, DPDPA_S8"
tenant-a_log_12.json,123456789012,AWS_ACCOUNT_ID,13100,13112,"GDPR_Art5_1b, DPDPA_S8"
tenant-a_log_12.json,123456789012,AWS_ACCOUNT_ID,13963,13975,"GDPR_Art5_1b, DPDPA_S8"
tenant-a_log_12.json,123456789012,AWS_ACCOUNT_ID,14127,14139,"GDPR_Art5_1b, DPDPA_S8"
tenant-a_log_12.json,123456789012,AWS_ACCOUNT_ID,14381,14393,"GDPR_Art5_1b, DPDPA_S8"
tenant-a_log_12.json,123456789012,AWS_ACCOUNT_ID,15250,15262,"GDPR_Art5_1b, DPDPA_S8"
tenant-a_log_12.json,123456789012,AWS_ACCOUNT_ID,15414,15426,"GDPR_Art5_1b, DPDPA_S8"
tenant-a_log_12.json,123456789012,AWS_ACCOUNT_ID,15666,15678,"GDPR_Art5_1b, DPDPA_S8"
tenant-a_log_12.json,123456789012,AWS_ACCOUNT_ID,16533,16545,"GDPR_Art5_1b, DPDPA_S8"
tenant-a_log_12.json,123456789012,AWS_ACCOUNT_ID,16697,16709,"GDPR_Art5_1b, DPDPA_S8"
tenant-a_log_12.json,123456789012,AWS_ACCOUNT_ID,16951,16963,"GDPR_Art5_1b, DPDPA_S8"
tenant-a_log_12.json,123456789012,AWS_ACCOUNT_ID,17818,17830,"GDPR_Art5_1b, DPDPA_S8"
tenant-a_log_12.json,123456789012,AWS_ACCOUNT_ID,17982,17994,"GDPR_Art5_1b, DPDPA_S8"
tenant-a_log_12.json,123456789012,AWS_ACCOUNT_ID,18235,18247,"GDPR_Art5_1b, DPDPA_S8"
tenant-a_log_12.json,123456789012,AWS_ACCOUNT_ID,19104,19116,"GDPR_Art5_1b, DPDPA_S8"
tenant-a_log_12.json,123456789012,AWS_ACCOUNT_ID,19268,19280,"GDPR_Art5_1b, DPDPA_S8"
tenant-a_log_12.json,123456789012,AWS_ACCOUNT_ID,19522,19534,"GDPR_Art5_1b, DPDPA_S8"
tenant-a_log_12.json,123456789012,AWS_ACCOUNT_ID,20387,20399,"GDPR_Art5_1b, DPDPA_S8"
tenant-a_log_12.json,123456789012,AWS_ACCOUNT_ID,20551,20563,"GDPR_Art5_1b, DPDPA_S8"
tenant-a_log_12.json,123456789012,AWS_ACCOUNT_ID,20803,20815,"GDPR_Art5_1b, DPDPA_S8"
tenant-a_log_12.json,123456789012,AWS_ACCOUNT_ID,21665,21677,"GDPR_Art5_1b, DPDPA_S8"
tenant-a_log_12.json,123456789012,AWS_ACCOUNT_ID,21829,21841,"GDPR_Art5_1b, DPDPA_S8"
tenant-a_log_12.json,123456789012,AWS_ACCOUNT_ID,22081,22093,"GDPR_Art5_1b, DPDPA_S8"
tenant-a_log_12.json,123456789012,AWS_ACCOUNT_ID,22949,22961,"GDPR_Art5_1b, DPDPA_S8"
tenant-a_log_12.json,123456789012,AWS_ACCOUNT_ID,23113,23125,"GDPR_Art5_1b, DPDPA_S8"
tenant-a_log_12.json,123456789012,AWS_ACCOUNT_ID,23365,23377,"GDPR_Art5_1b, DPDPA_S8"
tenant-a_log_12.json,123456789012,AWS_ACCOUNT_ID,24228,24240,"GDPR_Art5_1b, DPDPA_S8"
tenant-a_log_12.json,123456789012,AWS_ACCOUNT_ID,24392,24404,"GDPR_Art5_1b, DPDPA_S8"
tenant-a_log_12.json,123456789012,AWS_ACCOUNT_ID,24645,24657,"GDPR_Art5_1b, DPDPA_S8"
tenant-a_log_12.json,123456789012,AWS_ACCOUNT_ID,25516,25528,"GDPR_Art5_1b, DPDPA_S8"
tenant-a_log_12.json,123456789012,AWS_ACCOUNT_ID,25680,25692,"GDPR_Art5_1b, DPDPA_S8"
tenant-a_log_13.json,bob.kumar,PERSON,284,293,"GDPR_Art5_1a, DPDPA_S8"
tenant-a_log_13.json,carol.smith,PERSON,1568,1579,"GDPR_Art5_1a, DPDPA_S8"
tenant-a_log_13.json,carol.smith,PERSON,2855,2866,"GDPR_Art5_1a, DPDPA_S8"
tenant-a_log_13.json,carol.smith,PERSON,4138,4149,"GDPR_Art5_1a, DPDPA_S8"
tenant-a_log_13.json,bob.kumar,PERSON,5427,5436,"GDPR_Art5_1a, DPDPA_S8"
tenant-a_log_13.json,alice.chen,PERSON,6706,6716,"GDPR_Art5_1a, DPDPA_S8"
tenant-a_log_13.json,bob.kumar,PERSON,7987,7996,"GDPR_Art5_1a, DPDPA_S8"
tenant-a_log_13.json,alice.chen,PERSON,9267,9277,"GDPR_Art5_1a, DPDPA_S8"
tenant-a_log_13.json,alice.chen,PERSON,10550,10560,"GDPR_Art5_1a, DPDPA_S8"
tenant-a_log_13.json,carol.smith,PERSON,11834,11845,"GDPR_Art5_1a, DPDPA_S8"
tenant-a_log_13.json,carol.smith,PERSON,13120,13131,"GDPR_Art5_1a, DPDPA_S8"
tenant-a_log_13.json,carol.smith,PERSON,14403,14414,"GDPR_Art5_1a, DPDPA_S8"
tenant-a_log_13.json,bob.kumar,PERSON,15690,15699,"GDPR_Art5_1a, DPDPA_S8"
tenant-a_log_13.json,bob.kumar,PERSON,16967,16976,"GDPR_Art5_1a, DPDPA_S8"
tenant-a_log_13.json,bob.kumar,PERSON,18244,18253,"GDPR_Art5_1a, DPDPA_S8"
tenant-a_log_13.json,carol.smith,PERSON,19524,19535,"GDPR_Art5_1a, DPDPA_S8"
tenant-a_log_13.json,alice.chen,PERSON,20807,20817,"GDPR_Art5_1a, DPDPA_S8"
tenant-a_log_13.json,bob.kumar,PERSON,22090,22099,"GDPR_Art5_1a, DPDPA_S8"
tenant-a_log_13.json,carol.smith,PERSON,23373,23384,"GDPR_Art5_1a, DPDPA_S8"
tenant-a_log_13.json,bob.kumar,PERSON,24652,24661,"GDPR_Art5_1a, DPDPA_S8"
tenant-a_log_13.json,192.168.183.130,IP_ADDRESS,677,692,"GDPR_Art5_1b, DPDPA_S8"
tenant-a_log_13.json,10.97.79.25,IP_ADDRESS,1963,1974,"GDPR_Art5_1b, DPDPA_S8"
tenant-a_log_13.json,172.19.46.32,IP_ADDRESS,3250,3262,"GDPR_Art5_1b, DPDPA_S8"
tenant-a_log_13.json,192.168.61.164,IP_ADDRESS,4533,4547,"GDPR_Art5_1b, DPDPA_S8"
tenant-a_log_13.json,10.44.81.88,IP_ADDRESS,5820,5831,"GDPR_Art5_1b, DPDPA_S8"
tenant-a_log_13.json,192.168.192.59,IP_ADDRESS,7100,7114,"GDPR_Art5_1b, DPDPA_S8"
tenant-a_log_13.json,172.21.28.97,IP_ADDRESS,8380,8392,"GDPR_Art5_1b, DPDPA_S8"
tenant-a_log_13.json,192.168.76.215,IP_ADDRESS,9661,9675,"GDPR_Art5_1b, DPDPA_S8"
tenant-a_log_13.json,172.27.162.91,IP_ADDRESS,10944,10957,"GDPR_Art5_1b, DPDPA_S8"
tenant-a_log_13.json,172.16.229.190,IP_ADDRESS,12229,12243,"GDPR_Art5_1b, DPDPA_S8"
tenant-a_log_13.json,192.168.92.81,IP_ADDRESS,13515,13528,"GDPR_Art5_1b, DPDPA_S8"
tenant-a_log_13.json,172.21.190.230,IP_ADDRESS,14798,14812,"GDPR_Art5_1b, DPDPA_S8"
tenant-a_log_13.json,172.18.89.101,IP_ADDRESS,16083,16096,"GDPR_Art5_1b, DPDPA_S8"
tenant-a_log_13.json,172.31.26.119,IP_ADDRESS,17360,17373,"GDPR_Art5_1b, DPDPA_S8"
tenant-a_log_13.json,192.168.58.50,IP_ADDRESS,18637,18650,"GDPR_Art5_1b, DPDPA_S8"
tenant-a_log_13.json,172.20.194.134,IP_ADDRESS,19919,19933,"GDPR_Art5_1b, DPDPA_S8"
tenant-a_log_13.json,10.63.27.244,IP_ADDRESS,21201,21213,"GDPR_Art5_1b, DPDPA_S8"
tenant-a_log_13.json,10.41.246.112,IP_ADDRESS,22483,22496,"GDPR_Art5_1b, DPDPA_S8"
tenant-a_log_13.json,192.168.19.92,IP_ADDRESS,23768,23781,"GDPR_Art5_1b, DPDPA_S8"
tenant-a_log_13.json,192.168.224.156,IP_ADDRESS,25045,25060,"GDPR_Art5_1b, DPDPA_S8"
tenant-a_log_13.json,arn:aws:iam::123456789012:user/bob.kumar,AWS_ARN,183,223,"GDPR_Art5_1b, DPDPA_S8"
tenant-a_log_13.json,arn:aws:s3:::tenant-a-data,AWS_ARN,1061,1087,"GDPR_Art5_1b, DPDPA_S8"
tenant-a_log_13.json,arn:aws:iam::123456789012:user/carol.smith,AWS_ARN,1465,1507,"GDPR_Art5_1b, DPDPA_S8"
tenant-a_log_13.json,arn:aws:s3:::tenant-a-backup,AWS_ARN,2346,2374,"GDPR_Art5_1b, DPDPA_S8"
tenant-a_log_13.json,arn:aws:iam::123456789012:user/carol.smith,AWS_ARN,2752,2794,"GDPR_Art5_1b, DPDPA_S8"
tenant-a_log_13.json,arn:aws:s3:::tenant-a-backup,AWS_ARN,3629,3657,"GDPR_Art5_1b, DPDPA_S8"
tenant-a_log_13.json,arn:aws:iam::123456789012:user/carol.smith,AWS_ARN,4035,4077,"GDPR_Art5_1b, DPDPA_S8"
tenant-a_log_13.json,arn:aws:s3:::tenant-a-backup,AWS_ARN,4920,4948,"GDPR_Art5_1b, DPDPA_S8"
tenant-a_log_13.json,arn:aws:iam::123456789012:user/bob.kumar,AWS_ARN,5326,5366,"GDPR_Art5_1b, DPDPA_S8"
tenant-a_log_13.json,arn:aws:s3:::tenant-a-data,AWS_ARN,6200,6226,"GDPR_Art5_1b, DPDPA_S8"
tenant-a_log_13.json,arn:aws:iam::123456789012:user/alice.chen,AWS_ARN,6604,6645,"GDPR_Art5_1b, DPDPA_S8"
tenant-a_log_13.json,arn:aws:s3:::tenant-a-backup,AWS_ARN,7480,7508,"GDPR_Art5_1b, DPDPA_S8"
tenant-a_log_13.json,arn:aws:iam::123456789012:user/bob.kumar,AWS_ARN,7886,7926,"GDPR_Art5_1b, DPDPA_S8"
tenant-a_log_13.json,arn:aws:s3:::tenant-a-data,AWS_ARN,8761,8787,"GDPR_Art5_1b, DPDPA_S8"
tenant-a_log_13.json,arn:aws:iam::123456789012:user/alice.chen,AWS_ARN,9165,9206,"GDPR_Art5_1b, DPDPA_S8"
tenant-a_log_13.json,arn:aws:s3:::tenant-a-backup,AWS_ARN,10042,10070,"GDPR_Art5_1b, DPDPA_S8"
tenant-a_log_13.json,arn:aws:iam::123456789012:user/alice.chen,AWS_ARN,10448,10489,"GDPR_Art5_1b, DPDPA_S8"
tenant-a_log_13.json,arn:aws:s3:::tenant-a-backup,AWS_ARN,11325,11353,"GDPR_Art5_1b, DPDPA_S8"
tenant-a_log_13.json,arn:aws:iam::123456789012:user/carol.smith,AWS_ARN,11731,11773,"GDPR_Art5_1b, DPDPA_S8"
tenant-a_log_13.json,arn:aws:s3:::tenant-a-data,AWS_ARN,12613,12639,"GDPR_Art5_1b, DPDPA_S8"
tenant-a_log_13.json,arn:aws:iam::123456789012:user/carol.smith,AWS_ARN,13017,13059,"GDPR_Art5_1b, DPDPA_S8"
tenant-a_log_13.json,arn:aws:s3:::tenant-a-data,AWS_ARN,13896,13922,"GDPR_Art5_1b, DPDPA_S8"
tenant-a_log_13.json,arn:aws:iam::123456789012:user/carol.smith,AWS_ARN,14300,14342,"GDPR_Art5_1b, DPDPA_S8"
tenant-a_log_13.json,arn:aws:s3:::tenant-a-backup,AWS_ARN,15183,15211,"GDPR_Art5_1b, DPDPA_S8"
tenant-a_log_13.json,arn:aws:iam::123456789012:user/bob.kumar,AWS_ARN,15589,15629,"GDPR_Art5_1b, DPDPA_S8"
tenant-a_log_13.json,arn:aws:s3:::tenant-a-data,AWS_ARN,16462,16488,"GDPR_Art5_1b, DPDPA_S8"
tenant-a_log_13.json,arn:aws:iam::123456789012:user/bob.kumar,AWS_ARN,16866,16906,"GDPR_Art5_1b, DPDPA_S8"
tenant-a_log_13.json,arn:aws:s3:::tenant-a-data,AWS_ARN,17739,17765,"GDPR_Art5_1b, DPDPA_S8"
tenant-a_log_13.json,arn:aws:iam::123456789012:user/bob.kumar,AWS_ARN,18143,18183,"GDPR_Art5_1b, DPDPA_S8"
tenant-a_log_13.json,arn:aws:s3:::tenant-a-data,AWS_ARN,19017,19043,"GDPR_Art5_1b, DPDPA_S8"
tenant-a_log_13.json,arn:aws:iam::123456789012:user/carol.smith,AWS_ARN,19421,19463,"GDPR_Art5_1b, DPDPA_S8"
tenant-a_log_13.json,arn:aws:s3:::tenant-a-data,AWS_ARN,20301,20327,"GDPR_Art5_1b, DPDPA_S8"
tenant-a_log_13.json,arn:aws:iam::123456789012:user/alice.chen,AWS_ARN,20705,20746,"GDPR_Art5_1b, DPDPA_S8"
tenant-a_log_13.json,arn:aws:s3:::tenant-a-backup,AWS_ARN,21583,21611,"GDPR_Art5_1b, DPDPA_S8"
tenant-a_log_13.json,arn:aws:iam::123456789012:user/bob.kumar,AWS_ARN,21989,22029,"GDPR_Art5_1b, DPDPA_S8"
tenant-a_log_13.json,arn:aws:s3:::tenant-a-backup,AWS_ARN,22864,22892,"GDPR_Art5_1b, DPDPA_S8"
tenant-a_log_13.json,arn:aws:iam::123456789012:user/carol.smith,AWS_ARN,23270,23312,"GDPR_Art5_1b, DPDPA_S8"
tenant-a_log_13.json,arn:aws:s3:::tenant-a-data,AWS_ARN,24147,24173,"GDPR_Art5_1b, DPDPA_S8"
tenant-a_log_13.json,arn:aws:iam::123456789012:user/bob.kumar,AWS_ARN,24551,24591,"GDPR_Art5_1b, DPDPA_S8"
tenant-a_log_13.json,arn:aws:s3:::tenant-a-backup,AWS_ARN,25431,25459,"GDPR_Art5_1b, DPDPA_S8"
tenant-a_log_13.json,123456789012,AWS_ACCOUNT_ID,248,260,"GDPR_Art5_1b, DPDPA_S8"
tenant-a_log_13.json,123456789012,AWS_ACCOUNT_ID,1114,1126,"GDPR_Art5_1b, DPDPA_S8"
tenant-a_log_13.json,123456789012,AWS_ACCOUNT_ID,1278,1290,"GDPR_Art5_1b, DPDPA_S8"
tenant-a_log_13.json,123456789012,AWS_ACCOUNT_ID,1532,1544,"GDPR_Art5_1b, DPDPA_S8"
tenant-a_log_13.json,123456789012,AWS_ACCOUNT_ID,2401,2413,"GDPR_Art5_1b, DPDPA_S8"
tenant-a_log_13.json,123456789012,AWS_ACCOUNT_ID,2565,2577,"GDPR_Art5_1b, DPDPA_S8"
tenant-a_log_13.json,123456789012,AWS_ACCOUNT_ID,2819,2831,"GDPR_Art5_1b, DPDPA_S8"
tenant-a_log_13.json,123456789012,AWS_ACCOUNT_ID,3684,3696,"GDPR_Art5_1b, DPDPA_S8"
tenant-a_log_13.json,123456789012,AWS_ACCOUNT_ID,3848,3860,"GDPR_Art5_1b, DPDPA_S8"
tenant-a_log_13.json,123456789012,AWS_ACCOUNT_ID,4102,4114,"GDPR_Art5_1b, DPDPA_S8"
tenant-a_log_13.json,123456789012,AWS_ACCOUNT_ID,4975,4987,"GDPR_Art5_1b, DPDPA_S8"
tenant-a_log_13.json,123456789012,AWS_ACCOUNT_ID,5139,5151,"GDPR_Art5_1b, DPDPA_S8"
tenant-a_log_13.json,123456789012,AWS_ACCOUNT_ID,5391,5403,"GDPR_Art5_1b, DPDPA_S8"
tenant-a_log_13.json,123456789012,AWS_ACCOUNT_ID,6253,6265,"GDPR_Art5_1b, DPDPA_S8"
tenant-a_log_13.json,123456789012,AWS_ACCOUNT_ID,6417,6429,"GDPR_Art5_1b, DPDPA_S8"
tenant-a_log_13.json,123456789012,AWS_ACCOUNT_ID,6670,6682,"GDPR_Art5_1b, DPDPA_S8"
tenant-a_log_13.json,123456789012,AWS_ACCOUNT_ID,7535,7547,"GDPR_Art5_1b, DPDPA_S8"
tenant-a_log_13.json,123456789012,AWS_ACCOUNT_ID,7699,7711,"GDPR_Art5_1b, DPDPA_S8"
tenant-a_log_13.json,123456789012,AWS_ACCOUNT_ID,7951,7963,"GDPR_Art5_1b, DPDPA_S8"
tenant-a_log_13.json,123456789012,AWS_ACCOUNT_ID,8814,8826,"GDPR_Art5_1b, DPDPA_S8"
tenant-a_log_13.json,123456789012,AWS_ACCOUNT_ID,8978,8990,"GDPR_Art5_1b, DPDPA_S8"
tenant-a_log_13.json,123456789012,AWS_ACCOUNT_ID,9231,9243,"GDPR_Art5_1b, DPDPA_S8"
tenant-a_log_13.json,123456789012,AWS_ACCOUNT_ID,10097,10109,"GDPR_Art5_1b, DPDPA_S8"
tenant-a_log_13.json,123456789012,AWS_ACCOUNT_ID,10261,10273,"GDPR_Art5_1b, DPDPA_S8"
tenant-a_log_13.json,123456789012,AWS_ACCOUNT_ID,10514,10526,"GDPR_Art5_1b, DPDPA_S8"
tenant-a_log_13.json,123456789012,AWS_ACCOUNT_ID,11380,11392,"GDPR_Art5_1b, DPDPA_S8"
tenant-a_log_13.json,123456789012,AWS_ACCOUNT_ID,11544,11556,"GDPR_Art5_1b, DPDPA_S8"
tenant-a_log_13.json,123456789012,AWS_ACCOUNT_ID,11798,11810,"GDPR_Art5_1b, DPDPA_S8"
tenant-a_log_13.json,123456789012,AWS_ACCOUNT_ID,12666,12678,"GDPR_Art5_1b, DPDPA_S8"
tenant-a_log_13.json,123456789012,AWS_ACCOUNT_ID,12830,12842,"GDPR_Art5_1b, DPDPA_S8"
tenant-a_log_13.json,123456789012,AWS_ACCOUNT_ID,13084,13096,"GDPR_Art5_1b, DPDPA_S8"
tenant-a_log_13.json,123456789012,AWS_ACCOUNT_ID,13949,13961,"GDPR_Art5_1b, DPDPA_S8"
tenant-a_log_13.json,123456789012,AWS_ACCOUNT_ID,14113,14125,"GDPR_Art5_1b, DPDPA_S8"
tenant-a_log_13.json,123456789012,AWS_ACCOUNT_ID,14367,14379,"GDPR_Art5_1b, DPDPA_S8"
tenant-a_log_13.json,123456789012,AWS_ACCOUNT_ID,15238,15250,"GDPR_Art5_1b, DPDPA_S8"
tenant-a_log_13.json,123456789012,AWS_ACCOUNT_ID,15402,15414,"GDPR_Art5_1b, DPDPA_S8"
tenant-a_log_13.json,123456789012,AWS_ACCOUNT_ID,15654,15666,"GDPR_Art5_1b, DPDPA_S8"
tenant-a_log_13.json,123456789012,AWS_ACCOUNT_ID,16515,16527,"GDPR_Art5_1b, DPDPA_S8"
tenant-a_log_13.json,123456789012,AWS_ACCOUNT_ID,16679,16691,"GDPR_Art5_1b, DPDPA_S8"
tenant-a_log_13.json,123456789012,AWS_ACCOUNT_ID,16931,16943,"GDPR_Art5_1b, DPDPA_S8"
tenant-a_log_13.json,123456789012,AWS_ACCOUNT_ID,17792,17804,"GDPR_Art5_1b, DPDPA_S8"
tenant-a_log_13.json,123456789012,AWS_ACCOUNT_ID,17956,17968,"GDPR_Art5_1b, DPDPA_S8"
tenant-a_log_13.json,123456789012,AWS_ACCOUNT_ID,18208,18220,"GDPR_Art5_1b, DPDPA_S8"
tenant-a_log_13.json,123456789012,AWS_ACCOUNT_ID,19070,19082,"GDPR_Art5_1b, DPDPA_S8"
tenant-a_log_13.json,123456789012,AWS_ACCOUNT_ID,19234,19246,"GDPR_Art5_1b, DPDPA_S8"
tenant-a_log_13.json,123456789012,AWS_ACCOUNT_ID,19488,19500,"GDPR_Art5_1b, DPDPA_S8"
tenant-a_log_13.json,123456789012,AWS_ACCOUNT_ID,20354,20366,"GDPR_Art5_1b, DPDPA_S8"
tenant-a_log_13.json,123456789012,AWS_ACCOUNT_ID,20518,20530,"GDPR_Art5_1b, DPDPA_S8"
tenant-a_log_13.json,123456789012,AWS_ACCOUNT_ID,20771,20783,"GDPR_Art5_1b, DPDPA_S8"
tenant-a_log_13.json,123456789012,AWS_ACCOUNT_ID,21638,21650,"GDPR_Art5_1b, DPDPA_S8"
tenant-a_log_13.json,123456789012,AWS_ACCOUNT_ID,21802,21814,"GDPR_Art5_1b, DPDPA_S8"
tenant-a_log_13.json,123456789012,AWS_ACCOUNT_ID,22054,22066,"GDPR_Art5_1b, DPDPA_S8"
tenant-a_log_13.json,123456789012,AWS_ACCOUNT_ID,22919,22931,"GDPR_Art5_1b, DPDPA_S8"
tenant-a_log_13.json,123456789012,AWS_ACCOUNT_ID,23083,23095,"GDPR_Art5_1b, DPDPA_S8"
tenant-a_log_13.json,123456789012,AWS_ACCOUNT_ID,23337,23349,"GDPR_Art5_1b, DPDPA_S8"
tenant-a_log_13.json,123456789012,AWS_ACCOUNT_ID,24200,24212,"GDPR_Art5_1b, DPDPA_S8"
tenant-a_log_13.json,123456789012,AWS_ACCOUNT_ID,24364,24376,"GDPR_Art5_1b, DPDPA_S8"
tenant-a_log_13.json,123456789012,AWS_ACCOUNT_ID,24616,24628,"GDPR_Art5_1b, DPDPA_S8"
tenant-a_log_13.json,123456789012,AWS_ACCOUNT_ID,25486,25498,"GDPR_Art5_1b, DPDPA_S8"
tenant-a_log_13.json,123456789012,AWS_ACCOUNT_ID,25650,25662,"GDPR_Art5_1b, DPDPA_S8"
tenant-a_log_14.json,alice.chen,PERSON,285,295,"GDPR_Art5_1a, DPDPA_S8"
tenant-a_log_14.json,alice.chen,PERSON,1571,1581,"GDPR_Art5_1a, DPDPA_S8"
tenant-a_log_14.json,alice.chen,PERSON,2859,2869,"GDPR_Art5_1a, DPDPA_S8"
tenant-a_log_14.json,bob.kumar,PERSON,4144,4153,"GDPR_Art5_1a, DPDPA_S8"
tenant-a_log_14.json,bob.kumar,PERSON,5427,5436,"GDPR_Art5_1a, DPDPA_S8"
tenant-a_log_14.json,bob.kumar,PERSON,6713,6722,"GDPR_Art5_1a, DPDPA_S8"
tenant-a_log_14.json,carol.smith,PERSON,7997,8008,"GDPR_Art5_1a, DPDPA_S8"
tenant-a_log_14.json,carol.smith,PERSON,9285,9296,"GDPR_Art5_1a, DPDPA_S8"
tenant-a_log_14.json,carol.smith,PERSON,10571,10582,"GDPR_Art5_1a, DPDPA_S8"
tenant-a_log_14.json,carol.smith,PERSON,11859,11870,"GDPR_Art5_1a, DPDPA_S8"
tenant-a_log_14.json,alice.chen,PERSON,13142,13152,"GDPR_Art5_1a, DPDPA_S8"
tenant-a_log_14.json,carol.smith,PERSON,14427,14438,"GDPR_Art5_1a, DPDPA_S8"
tenant-a_log_14.json,bob.kumar,PERSON,15711,15720,"GDPR_Art5_1a, DPDPA_S8"
tenant-a_log_14.json,bob.kumar,PERSON,16992,17001,"GDPR_Art5_1a, DPDPA_S8"
tenant-a_log_14.json,carol.smith,PERSON,18279,18290,"GDPR_Art5_1a, DPDPA_S8"
tenant-a_log_14.json,alice.chen,PERSON,19565,19575,"GDPR_Art5_1a, DPDPA_S8"
tenant-a_log_14.json,carol.smith,PERSON,20849,20860,"GDPR_Art5_1a, DPDPA_S8"
tenant-a_log_14.json,alice.chen,PERSON,22138,22148,"GDPR_Art5_1a, DPDPA_S8"
tenant-a_log_14.json,carol.smith,PERSON,23419,23430,"GDPR_Art5_1a, DPDPA_S8"
tenant-a_log_14.json,alice.chen,PERSON,24709,24719,"GDPR_Art5_1a, DPDPA_S8"
tenant-a_log_14.json,192.168.118.90,IP_ADDRESS,679,693,"GDPR_Art5_1b, DPDPA_S8"
tenant-a_log_14.json,10.90.171.40,IP_ADDRESS,1965,1977,"GDPR_Art5_1b, DPDPA_S8"
tenant-a_log_14.json,172.21.61.203,IP_ADDRESS,3253,3266,"GDPR_Art5_1b, DPDPA_S8"
tenant-a_log_14.json,192.168.104.247,IP_ADDRESS,4537,4552,"GDPR_Art5_1b, DPDPA_S8"
tenant-a_log_14.json,192.168.224.153,IP_ADDRESS,5820,5835,"GDPR_Art5_1b, DPDPA_S8"
tenant-a_log_14.json,192.168.232.109,IP_ADDRESS,7106,7121,"GDPR_Art5_1b, DPDPA_S8"
tenant-a_log_14.json,10.152.152.66,IP_ADDRESS,8392,8405,"GDPR_Art5_1b, DPDPA_S8"
tenant-a_log_14.json,172.18.15.51,IP_ADDRESS,9680,9692,"GDPR_Art5_1b, DPDPA_S8"
tenant-a_log_14.json,172.29.147.202,IP_ADDRESS,10966,10980,"GDPR_Art5_1b, DPDPA_S8"
tenant-a_log_14.json,10.230.84.78,IP_ADDRESS,12254,12266,"GDPR_Art5_1b, DPDPA_S8"
tenant-a_log_14.json,172.26.87.184,IP_ADDRESS,13536,13549,"GDPR_Art5_1b, DPDPA_S8"
tenant-a_log_14.json,172.29.43.147,IP_ADDRESS,14822,14835,"GDPR_Art5_1b, DPDPA_S8"
tenant-a_log_14.json,172.24.30.83,IP_ADDRESS,16104,16116,"GDPR_Art5_1b, DPDPA_S8"
tenant-a_log_14.json,192.168.213.227,IP_ADDRESS,17385,17400,"GDPR_Art5_1b, DPDPA_S8"
tenant-a_log_14.json,172.20.108.146,IP_ADDRESS,18674,18688,"GDPR_Art5_1b, DPDPA_S8"
tenant-a_log_14.json,10.204.99.23,IP_ADDRESS,19959,19971,"GDPR_Art5_1b, DPDPA_S8"
tenant-a_log_14.json,172.22.32.244,IP_ADDRESS,21244,21257,"GDPR_Art5_1b, DPDPA_S8"
tenant-a_log_14.json,10.8.158.229,IP_ADDRESS,22532,22544,"GDPR_Art5_1b, DPDPA_S8"
tenant-a_log_14.json,192.168.176.7,IP_ADDRESS,23814,23827,"GDPR_Art5_1b, DPDPA_S8"
tenant-a_log_14.json,192.168.101.64,IP_ADDRESS,25103,25117,"GDPR_Art5_1b, DPDPA_S8"
tenant-a_log_14.json,arn:aws:iam::123456789012:user/alice.chen,AWS_ARN,183,224,"GDPR_Art5_1b, DPDPA_S8"
tenant-a_log_14.json,arn:aws:s3:::tenant-a-backup,AWS_ARN,1063,1091,"GDPR_Art5_1b, DPDPA_S8"
tenant-a_log_14.json,arn:aws:iam::123456789012:user/alice.chen,AWS_ARN,1469,1510,"GDPR_Art5_1b, DPDPA_S8"
tenant-a_log_14.json,arn:aws:s3:::tenant-a-backup,AWS_ARN,2351,2379,"GDPR_Art5_1b, DPDPA_S8"
tenant-a_log_14.json,arn:aws:iam::123456789012:user/alice.chen,AWS_ARN,2757,2798,"GDPR_Art5_1b, DPDPA_S8"
tenant-a_log_14.json,arn:aws:s3:::tenant-a-data,AWS_ARN,3639,3665,"GDPR_Art5_1b, DPDPA_S8"
tenant-a_log_14.json,arn:aws:iam::123456789012:user/bob.kumar,AWS_ARN,4043,4083,"GDPR_Art5_1b, DPDPA_S8"
tenant-a_log_14.json,arn:aws:s3:::tenant-a-data,AWS_ARN,4922,4948,"GDPR_Art5_1b, DPDPA_S8"
tenant-a_log_14.json,arn:aws:iam::123456789012:user/bob.kumar,AWS_ARN,5326,5366,"GDPR_Art5_1b, DPDPA_S8"
tenant-a_log_14.json,arn:aws:s3:::tenant-a-backup,AWS_ARN,6206,6234,"GDPR_Art5_1b, DPDPA_S8"
tenant-a_log_14.json,arn:aws:iam::123456789012:user/bob.kumar,AWS_ARN,6612,6652,"GDPR_Art5_1b, DPDPA_S8"
tenant-a_log_14.json,arn:aws:s3:::tenant-a-data,AWS_ARN,7490,7516,"GDPR_Art5_1b, DPDPA_S8"
tenant-a_log_14.json,arn:aws:iam::123456789012:user/carol.smith,AWS_ARN,7894,7936,"GDPR_Art5_1b, DPDPA_S8"
tenant-a_log_14.json,arn:aws:s3:::tenant-a-backup,AWS_ARN,8776,8804,"GDPR_Art5_1b, DPDPA_S8"
tenant-a_log_14.json,arn:aws:iam::123456789012:user/carol.smith,AWS_ARN,9182,9224,"GDPR_Art5_1b, DPDPA_S8"
tenant-a_log_14.json,arn:aws:s3:::tenant-a-backup,AWS_ARN,10062,10090,"GDPR_Art5_1b, DPDPA_S8"
tenant-a_log_14.json,arn:aws:iam::123456789012:user/carol.smith,AWS_ARN,10468,10510,"GDPR_Art5_1b, DPDPA_S8"
tenant-a_log_14.json,arn:aws:s3:::tenant-a-data,AWS_ARN,11352,11378,"GDPR_Art5_1b, DPDPA_S8"
tenant-a_log_14.json,arn:aws:iam::123456789012:user/carol.smith,AWS_ARN,11756,11798,"GDPR_Art5_1b, DPDPA_S8"
tenant-a_log_14.json,arn:aws:s3:::tenant-a-backup,AWS_ARN,12634,12662,"GDPR_Art5_1b, DPDPA_S8"
tenant-a_log_14.json,arn:aws:iam::123456789012:user/alice.chen,AWS_ARN,13040,13081,"GDPR_Art5_1b, DPDPA_S8"
tenant-a_log_14.json,arn:aws:s3:::tenant-a-backup,AWS_ARN,13918,13946,"GDPR_Art5_1b, DPDPA_S8"
tenant-a_log_14.json,arn:aws:iam::123456789012:user/carol.smith,AWS_ARN,14324,14366,"GDPR_Art5_1b, DPDPA_S8"
tenant-a_log_14.json,arn:aws:s3:::tenant-a-backup,AWS_ARN,15204,15232,"GDPR_Art5_1b, DPDPA_S8"
tenant-a_log_14.json,arn:aws:iam::123456789012:user/bob.kumar,AWS_ARN,15610,15650,"GDPR_Art5_1b, DPDPA_S8"
tenant-a_log_14.json,arn:aws:s3:::tenant-a-backup,AWS_ARN,16485,16513,"GDPR_Art5_1b, DPDPA_S8"
tenant-a_log_14.json,arn:aws:iam::123456789012:user/bob.kumar,AWS_ARN,16891,16931,"GDPR_Art5_1b, DPDPA_S8"
tenant-a_log_14.json,arn:aws:s3:::tenant-a-backup,AWS_ARN,17770,17798,"GDPR_Art5_1b, DPDPA_S8"
tenant-a_log_14.json,arn:aws:iam::123456789012:user/carol.smith,AWS_ARN,18176,18218,"GDPR_Art5_1b, DPDPA_S8"
tenant-a_log_14.json,arn:aws:s3:::tenant-a-backup,AWS_ARN,19057,19085,"GDPR_Art5_1b, DPDPA_S8"
tenant-a_log_14.json,arn:aws:iam::123456789012:user/alice.chen,AWS_ARN,19463,19504,"GDPR_Art5_1b, DPDPA_S8"
tenant-a_log_14.json,arn:aws:s3:::tenant-a-backup,AWS_ARN,20340,20368,"GDPR_Art5_1b, DPDPA_S8"
tenant-a_log_14.json,arn:aws:iam::123456789012:user/carol.smith,AWS_ARN,20746,20788,"GDPR_Art5_1b, DPDPA_S8"
tenant-a_log_14.json,arn:aws:s3:::tenant-a-backup,AWS_ARN,21630,21658,"GDPR_Art5_1b, DPDPA_S8"
tenant-a_log_14.json,arn:aws:iam::123456789012:user/alice.chen,AWS_ARN,22036,22077,"GDPR_Art5_1b, DPDPA_S8"
tenant-a_log_14.json,arn:aws:s3:::tenant-a-data,AWS_ARN,22912,22938,"GDPR_Art5_1b, DPDPA_S8"
tenant-a_log_14.json,arn:aws:iam::123456789012:user/carol.smith,AWS_ARN,23316,23358,"GDPR_Art5_1b, DPDPA_S8"
tenant-a_log_14.json,arn:aws:s3:::tenant-a-backup,AWS_ARN,24201,24229,"GDPR_Art5_1b, DPDPA_S8"
tenant-a_log_14.json,arn:aws:iam::123456789012:user/alice.chen,AWS_ARN,24607,24648,"GDPR_Art5_1b, DPDPA_S8"
tenant-a_log_14.json,arn:aws:s3:::tenant-a-data,AWS_ARN,25483,25509,"GDPR_Art5_1b, DPDPA_S8"
tenant-a_log_14.json,123456789012,AWS_ACCOUNT_ID,249,261,"GDPR_Art5_1b, DPDPA_S8"
tenant-a_log_14.json,123456789012,AWS_ACCOUNT_ID,1118,1130,"GDPR_Art5_1b, DPDPA_S8"
tenant-a_log_14.json,123456789012,AWS_ACCOUNT_ID,1282,1294,"GDPR_Art5_1b, DPDPA_S8"
tenant-a_log_14.json,123456789012,AWS_ACCOUNT_ID,1535,1547,"GDPR_Art5_1b, DPDPA_S8"
tenant-a_log_14.json,123456789012,AWS_ACCOUNT_ID,2406,2418,"GDPR_Art5_1b, DPDPA_S8"
tenant-a_log_14.json,123456789012,AWS_ACCOUNT_ID,2570,2582,"GDPR_Art5_1b, DPDPA_S8"
tenant-a_log_14.json,123456789012,AWS_ACCOUNT_ID,2823,2835,"GDPR_Art5_1b, DPDPA_S8"
tenant-a_log_14.json,123456789012,AWS_ACCOUNT_ID,3692,3704,"GDPR_Art5_1b, DPDPA_S8"
tenant-a_log_14.json,123456789012,AWS_ACCOUNT_ID,3856,3868,"GDPR_Art5_1b, DPDPA_S8"
tenant-a_log_14.json,123456789012,AWS_ACCOUNT_ID,4108,4120,"GDPR_Art5_1b, DPDPA_S8"
tenant-a_log_14.json,123456789012,AWS_ACCOUNT_ID,4975,4987,"GDPR_Art5_1b, DPDPA_S8"
tenant-a_log_14.json,123456789012,AWS_ACCOUNT_ID,5139,5151,"GDPR_Art5_1b, DPDPA_S8"
tenant-a_log_14.json,123456789012,AWS_ACCOUNT_ID,5391,5403,"GDPR_Art5_1b, DPDPA_S8"
tenant-a_log_14.json,123456789012,AWS_ACCOUNT_ID,6261,6273,"GDPR_Art5_1b, DPDPA_S8"
tenant-a_log_14.json,123456789012,AWS_ACCOUNT_ID,6425,6437,"GDPR_Art5_1b, DPDPA_S8"
tenant-a_log_14.json,123456789012,AWS_ACCOUNT_ID,6677,6689,"GDPR_Art5_1b, DPDPA_S8"
tenant-a_log_14.json,123456789012,AWS_ACCOUNT_ID,7543,7555,"GDPR_Art5_1b, DPDPA_S8"
tenant-a_log_14.json,123456789012,AWS_ACCOUNT_ID,7707,7719,"GDPR_Art5_1b, DPDPA_S8"
tenant-a_log_14.json,123456789012,AWS_ACCOUNT_ID,7961,7973,"GDPR_Art5_1b, DPDPA_S8"
tenant-a_log_14.json,123456789012,AWS_ACCOUNT_ID,8831,8843,"GDPR_Art5_1b, DPDPA_S8"
tenant-a_log_14.json,123456789012,AWS_ACCOUNT_ID,8995,9007,"GDPR_Art5_1b, DPDPA_S8"
tenant-a_log_14.json,123456789012,AWS_ACCOUNT_ID,9249,9261,"GDPR_Art5_1b, DPDPA_S8"
tenant-a_log_14.json,123456789012,AWS_ACCOUNT_ID,10117,10129,"GDPR_Art5_1b, DPDPA_S8"
tenant-a_log_14.json,123456789012,AWS_ACCOUNT_ID,10281,10293,"GDPR_Art5_1b, DPDPA_S8"
tenant-a_log_14.json,123456789012,AWS_ACCOUNT_ID,10535,10547,"GDPR_Art5_1b, DPDPA_S8"
tenant-a_log_14.json,123456789012,AWS_ACCOUNT_ID,11405,11417,"GDPR_Art5_1b, DPDPA_S8"
tenant-a_log_14.json,123456789012,AWS_ACCOUNT_ID,11569,11581,"GDPR_Art5_1b, DPDPA_S8"
tenant-a_log_14.json,123456789012,AWS_ACCOUNT_ID,11823,11835,"GDPR_Art5_1b, DPDPA_S8"
tenant-a_log_14.json,123456789012,AWS_ACCOUNT_ID,12689,12701,"GDPR_Art5_1b, DPDPA_S8"
tenant-a_log_14.json,123456789012,AWS_ACCOUNT_ID,12853,12865,"GDPR_Art5_1b, DPDPA_S8"
tenant-a_log_14.json,123456789012,AWS_ACCOUNT_ID,13106,13118,"GDPR_Art5_1b, DPDPA_S8"
tenant-a_log_14.json,123456789012,AWS_ACCOUNT_ID,13973,13985,"GDPR_Art5_1b, DPDPA_S8"
tenant-a_log_14.json,123456789012,AWS_ACCOUNT_ID,14137,14149,"GDPR_Art5_1b, DPDPA_S8"
tenant-a_log_14.json,123456789012,AWS_ACCOUNT_ID,14391,14403,"GDPR_Art5_1b, DPDPA_S8"
tenant-a_log_14.json,123456789012,AWS_ACCOUNT_ID,15259,15271,"GDPR_Art5_1b, DPDPA_S8"
tenant-a_log_14.json,123456789012,AWS_ACCOUNT_ID,15423,15435,"GDPR_Art5_1b, DPDPA_S8"
tenant-a_log_14.json,123456789012,AWS_ACCOUNT_ID,15675,15687,"GDPR_Art5_1b, DPDPA_S8"
tenant-a_log_14.json,123456789012,AWS_ACCOUNT_ID,16540,16552,"GDPR_Art5_1b, DPDPA_S8"
tenant-a_log_14.json,123456789012,AWS_ACCOUNT_ID,16704,16716,"GDPR_Art5_1b, DPDPA_S8"
tenant-a_log_14.json,123456789012,AWS_ACCOUNT_ID,16956,16968,"GDPR_Art5_1b, DPDPA_S8"
tenant-a_log_14.json,123456789012,AWS_ACCOUNT_ID,17825,17837,"GDPR_Art5_1b, DPDPA_S8"
tenant-a_log_14.json,123456789012,AWS_ACCOUNT_ID,17989,18001,"GDPR_Art5_1b, DPDPA_S8"
tenant-a_log_14.json,123456789012,AWS_ACCOUNT_ID,18243,18255,"GDPR_Art5_1b, DPDPA_S8"
tenant-a_log_14.json,123456789012,AWS_ACCOUNT_ID,19112,19124,"GDPR_Art5_1b, DPDPA_S8"
tenant-a_log_14.json,123456789012,AWS_ACCOUNT_ID,19276,19288,"GDPR_Art5_1b, DPDPA_S8"
tenant-a_log_14.json,123456789012,AWS_ACCOUNT_ID,19529,19541,"GDPR_Art5_1b, DPDPA_S8"
tenant-a_log_14.json,123456789012,AWS_ACCOUNT_ID,20395,20407,"GDPR_Art5_1b, DPDPA_S8"
tenant-a_log_14.json,123456789012,AWS_ACCOUNT_ID,20559,20571,"GDPR_Art5_1b, DPDPA_S8"
tenant-a_log_14.json,123456789012,AWS_ACCOUNT_ID,20813,20825,"GDPR_Art5_1b, DPDPA_S8"
tenant-a_log_14.json,123456789012,AWS_ACCOUNT_ID,21685,21697,"GDPR_Art5_1b, DPDPA_S8"
tenant-a_log_14.json,123456789012,AWS_ACCOUNT_ID,21849,21861,"GDPR_Art5_1b, DPDPA_S8"
tenant-a_log_14.json,123456789012,AWS_ACCOUNT_ID,22102,22114,"GDPR_Art5_1b, DPDPA_S8"
tenant-a_log_14.json,123456789012,AWS_ACCOUNT_ID,22965,22977,"GDPR_Art5_1b, DPDPA_S8"
tenant-a_log_14.json,123456789012,AWS_ACCOUNT_ID,23129,23141,"GDPR_Art5_1b, DPDPA_S8"
tenant-a_log_14.json,123456789012,AWS_ACCOUNT_ID,23383,23395,"GDPR_Art5_1b, DPDPA_S8"
tenant-a_log_14.json,123456789012,AWS_ACCOUNT_ID,24256,24268,"GDPR_Art5_1b, DPDPA_S8"
tenant-a_log_14.json,123456789012,AWS_ACCOUNT_ID,24420,24432,"GDPR_Art5_1b, DPDPA_S8"
tenant-a_log_14.json,123456789012,AWS_ACCOUNT_ID,24673,24685,"GDPR_Art5_1b, DPDPA_S8"
tenant-a_log_14.json,123456789012,AWS_ACCOUNT_ID,25536,25548,"GDPR_Art5_1b, DPDPA_S8"
tenant-a_log_14.json,123456789012,AWS_ACCOUNT_ID,25700,25712,"GDPR_Art5_1b, DPDPA_S8"
tenant-a_log_15.json,alice.chen,PERSON,285,295,"GDPR_Art5_1a, DPDPA_S8"
tenant-a_log_15.json,carol.smith,PERSON,1564,1575,"GDPR_Art5_1a, DPDPA_S8"
tenant-a_log_15.json,carol.smith,PERSON,2849,2860,"GDPR_Art5_1a, DPDPA_S8"
tenant-a_log_15.json,carol.smith,PERSON,4131,4142,"GDPR_Art5_1a, DPDPA_S8"
tenant-a_log_15.json,bob.kumar,PERSON,5409,5418,"GDPR_Art5_1a, DPDPA_S8"
tenant-a_log_15.json,alice.chen,PERSON,6695,6705,"GDPR_Art5_1a, DPDPA_S8"
tenant-a_log_15.json,alice.chen,PERSON,7976,7986,"GDPR_Art5_1a, DPDPA_S8"
tenant-a_log_15.json,carol.smith,PERSON,9260,9271,"GDPR_Art5_1a, DPDPA_S8"
tenant-a_log_15.json,alice.chen,PERSON,10541,10551,"GDPR_Art5_1a, DPDPA_S8"
tenant-a_log_15.json,bob.kumar,PERSON,11822,11831,"GDPR_Art5_1a, DPDPA_S8"
tenant-a_log_15.json,alice.chen,PERSON,13103,13113,"GDPR_Art5_1a, DPDPA_S8"
tenant-a_log_15.json,bob.kumar,PERSON,14387,14396,"GDPR_Art5_1a, DPDPA_S8"
tenant-a_log_15.json,carol.smith,PERSON,15671,15682,"GDPR_Art5_1a, DPDPA_S8"
tenant-a_log_15.json,bob.kumar,PERSON,16950,16959,"GDPR_Art5_1a, DPDPA_S8"
tenant-a_log_15.json,bob.kumar,PERSON,18234,18243,"GDPR_Art5_1a, DPDPA_S8"
tenant-a_log_15.json,alice.chen,PERSON,19518,19528,"GDPR_Art5_1a, DPDPA_S8"
tenant-a_log_15.json,carol.smith,PERSON,20804,20815,"GDPR_Art5_1a, DPDPA_S8"
tenant-a_log_15.json,alice.chen,PERSON,22086,22096,"GDPR_Art5_1a, DPDPA_S8"
tenant-a_log_15.json,carol.smith,PERSON,23365,23376,"GDPR_Art5_1a, DPDPA_S8"
tenant-a_log_15.json,alice.chen,PERSON,24648,24658,"GDPR_Art5_1a, DPDPA_S8"
tenant-a_log_15.json,10.53.38.24,IP_ADDRESS,679,690,"GDPR_Art5_1b, DPDPA_S8"
tenant-a_log_15.json,192.168.149.4,IP_ADDRESS,1959,1972,"GDPR_Art5_1b, DPDPA_S8"
tenant-a_log_15.json,10.176.87.141,IP_ADDRESS,3244,3257,"GDPR_Art5_1b, DPDPA_S8"
tenant-a_log_15.json,10.2.6.70,IP_ADDRESS,4526,4535,"GDPR_Art5_1b, DPDPA_S8"
tenant-a_log_15.json,192.168.213.156,IP_ADDRESS,5802,5817,"GDPR_Art5_1b, DPDPA_S8"
tenant-a_log_15.json,192.168.220.252,IP_ADDRESS,7089,7104,"GDPR_Art5_1b, DPDPA_S8"
tenant-a_log_15.json,10.217.76.90,IP_ADDRESS,8370,8382,"GDPR_Art5_1b, DPDPA_S8"
tenant-a_log_15.json,172.17.113.222,IP_ADDRESS,9655,9669,"GDPR_Art5_1b, DPDPA_S8"
tenant-a_log_15.json,172.16.112.239,IP_ADDRESS,10935,10949,"GDPR_Art5_1b, DPDPA_S8"
tenant-a_log_15.json,172.27.129.41,IP_ADDRESS,12215,12228,"GDPR_Art5_1b, DPDPA_S8"
tenant-a_log_15.json,192.168.109.47,IP_ADDRESS,13497,13511,"GDPR_Art5_1b, DPDPA_S8"
tenant-a_log_15.json,192.168.98.97,IP_ADDRESS,14780,14793,"GDPR_Art5_1b, DPDPA_S8"
tenant-a_log_15.json,192.168.32.172,IP_ADDRESS,16066,16080,"GDPR_Art5_1b, DPDPA_S8"
tenant-a_log_15.json,10.221.223.33,IP_ADDRESS,17343,17356,"GDPR_Art5_1b, DPDPA_S8"
tenant-a_log_15.json,192.168.35.148,IP_ADDRESS,18627,18641,"GDPR_Art5_1b, DPDPA_S8"
tenant-a_log_15.json,10.194.40.217,IP_ADDRESS,19912,19925,"GDPR_Art5_1b, DPDPA_S8"
tenant-a_log_15.json,192.168.18.248,IP_ADDRESS,21199,21213,"GDPR_Art5_1b, DPDPA_S8"
tenant-a_log_15.json,10.46.237.218,IP_ADDRESS,22480,22493,"GDPR_Art5_1b, DPDPA_S8"
tenant-a_log_15.json,192.168.107.186,IP_ADDRESS,23760,23775,"GDPR_Art5_1b, DPDPA_S8"
tenant-a_log_15.json,192.168.13.245,IP_ADDRESS,25042,25056,"GDPR_Art5_1b, DPDPA_S8"
tenant-a_log_15.json,arn:aws:iam::123456789012:user/alice.chen,AWS_ARN,183,224,"GDPR_Art5_1b, DPDPA_S8"
tenant-a_log_15.json,arn:aws:s3:::tenant-a-data,AWS_ARN,1057,1083,"GDPR_Art5_1b, DPDPA_S8"
tenant-a_log_15.json,arn:aws:iam::123456789012:user/carol.smith,AWS_ARN,1461,1503,"GDPR_Art5_1b, DPDPA_S8"
tenant-a_log_15.json,arn:aws:s3:::tenant-a-data,AWS_ARN,2342,2368,"GDPR_Art5_1b, DPDPA_S8"
tenant-a_log_15.json,arn:aws:iam::123456789012:user/carol.smith,AWS_ARN,2746,2788,"GDPR_Art5_1b, DPDPA_S8"
tenant-a_log_15.json,arn:aws:s3:::tenant-a-data,AWS_ARN,3624,3650,"GDPR_Art5_1b, DPDPA_S8"
tenant-a_log_15.json,arn:aws:iam::123456789012:user/carol.smith,AWS_ARN,4028,4070,"GDPR_Art5_1b, DPDPA_S8"
tenant-a_log_15.json,arn:aws:s3:::tenant-a-data,AWS_ARN,4904,4930,"GDPR_Art5_1b, DPDPA_S8"
tenant-a_log_15.json,arn:aws:iam::123456789012:user/bob.kumar,AWS_ARN,5308,5348,"GDPR_Art5_1b, DPDPA_S8"
tenant-a_log_15.json,arn:aws:s3:::tenant-a-backup,AWS_ARN,6187,6215,"GDPR_Art5_1b, DPDPA_S8"
tenant-a_log_15.json,arn:aws:iam::123456789012:user/alice.chen,AWS_ARN,6593,6634,"GDPR_Art5_1b, DPDPA_S8"
tenant-a_log_15.json,arn:aws:s3:::tenant-a-data,AWS_ARN,7470,7496,"GDPR_Art5_1b, DPDPA_S8"
tenant-a_log_15.json,arn:aws:iam::123456789012:user/alice.chen,AWS_ARN,7874,7915,"GDPR_Art5_1b, DPDPA_S8"
tenant-a_log_15.json,arn:aws:s3:::tenant-a-backup,AWS_ARN,8751,8779,"GDPR_Art5_1b, DPDPA_S8"
tenant-a_log_15.json,arn:aws:iam::123456789012:user/carol.smith,AWS_ARN,9157,9199,"GDPR_Art5_1b, DPDPA_S8"
tenant-a_log_15.json,arn:aws:s3:::tenant-a-data,AWS_ARN,10035,10061,"GDPR_Art5_1b, DPDPA_S8"
tenant-a_log_15.json,arn:aws:iam::123456789012:user/alice.chen,AWS_ARN,10439,10480,"GDPR_Art5_1b, DPDPA_S8"
tenant-a_log_15.json,arn:aws:s3:::tenant-a-backup,AWS_ARN,11315,11343,"GDPR_Art5_1b, DPDPA_S8"
tenant-a_log_15.json,arn:aws:iam::123456789012:user/bob.kumar,AWS_ARN,11721,11761,"GDPR_Art5_1b, DPDPA_S8"
tenant-a_log_15.json,arn:aws:s3:::tenant-a-backup,AWS_ARN,12595,12623,"GDPR_Art5_1b, DPDPA_S8"
tenant-a_log_15.json,arn:aws:iam::123456789012:user/alice.chen,AWS_ARN,13001,13042,"GDPR_Art5_1b, DPDPA_S8"
tenant-a_log_15.json,arn:aws:s3:::tenant-a-backup,AWS_ARN,13880,13908,"GDPR_Art5_1b, DPDPA_S8"
tenant-a_log_15.json,arn:aws:iam::123456789012:user/bob.kumar,AWS_ARN,14286,14326,"GDPR_Art5_1b, DPDPA_S8"
tenant-a_log_15.json,arn:aws:s3:::tenant-a-backup,AWS_ARN,15162,15190,"GDPR_Art5_1b, DPDPA_S8"
tenant-a_log_15.json,arn:aws:iam::123456789012:user/carol.smith,AWS_ARN,15568,15610,"GDPR_Art5_1b, DPDPA_S8"
tenant-a_log_15.json,arn:aws:s3:::tenant-a-data,AWS_ARN,16445,16471,"GDPR_Art5_1b, DPDPA_S8"
tenant-a_log_15.json,arn:aws:iam::123456789012:user/bob.kumar,AWS_ARN,16849,16889,"GDPR_Art5_1b, DPDPA_S8"
tenant-a_log_15.json,arn:aws:s3:::tenant-a-data,AWS_ARN,17729,17755,"GDPR_Art5_1b, DPDPA_S8"
tenant-a_log_15.json,arn:aws:iam::123456789012:user/bob.kumar,AWS_ARN,18133,18173,"GDPR_Art5_1b, DPDPA_S8"
tenant-a_log_15.json,arn:aws:s3:::tenant-a-backup,AWS_ARN,19010,19038,"GDPR_Art5_1b, DPDPA_S8"
tenant-a_log_15.json,arn:aws:iam::123456789012:user/alice.chen,AWS_ARN,19416,19457,"GDPR_Art5_1b, DPDPA_S8"
tenant-a_log_15.json,arn:aws:s3:::tenant-a-backup,AWS_ARN,20295,20323,"GDPR_Art5_1b, DPDPA_S8"
tenant-a_log_15.json,arn:aws:iam::123456789012:user/carol.smith,AWS_ARN,20701,20743,"GDPR_Art5_1b, DPDPA_S8"
tenant-a_log_15.json,arn:aws:s3:::tenant-a-data,AWS_ARN,21580,21606,"GDPR_Art5_1b, DPDPA_S8"
tenant-a_log_15.json,arn:aws:iam::123456789012:user/alice.chen,AWS_ARN,21984,22025,"GDPR_Art5_1b, DPDPA_S8"
tenant-a_log_15.json,arn:aws:s3:::tenant-a-data,AWS_ARN,22858,22884,"GDPR_Art5_1b, DPDPA_S8"
tenant-a_log_15.json,arn:aws:iam::123456789012:user/carol.smith,AWS_ARN,23262,23304,"GDPR_Art5_1b, DPDPA_S8"
tenant-a_log_15.json,arn:aws:s3:::tenant-a-data,AWS_ARN,24142,24168,"GDPR_Art5_1b, DPDPA_S8"
tenant-a_log_15.json,arn:aws:iam::123456789012:user/alice.chen,AWS_ARN,24546,24587,"GDPR_Art5_1b, DPDPA_S8"
tenant-a_log_15.json,arn:aws:s3:::tenant-a-data,AWS_ARN,25423,25449,"GDPR_Art5_1b, DPDPA_S8"
tenant-a_log_15.json,123456789012,AWS_ACCOUNT_ID,249,261,"GDPR_Art5_1b, DPDPA_S8"
tenant-a_log_15.json,123456789012,AWS_ACCOUNT_ID,1110,1122,"GDPR_Art5_1b, DPDPA_S8"
tenant-a_log_15.json,123456789012,AWS_ACCOUNT_ID,1274,1286,"GDPR_Art5_1b, DPDPA_S8"
tenant-a_log_15.json,123456789012,AWS_ACCOUNT_ID,1528,1540,"GDPR_Art5_1b, DPDPA_S8"
tenant-a_log_15.json,123456789012,AWS_ACCOUNT_ID,2395,2407,"GDPR_Art5_1b, DPDPA_S8"
tenant-a_log_15.json,123456789012,AWS_ACCOUNT_ID,2559,2571,"GDPR_Art5_1b, DPDPA_S8"
tenant-a_log_15.json,123456789012,AWS_ACCOUNT_ID,2813,2825,"GDPR_Art5_1b, DPDPA_S8"
tenant-a_log_15.json,123456789012,AWS_ACCOUNT_ID,3677,3689,"GDPR_Art5_1b, DPDPA_S8"
tenant-a_log_15.json,123456789012,AWS_ACCOUNT_ID,3841,3853,"GDPR_Art5_1b, DPDPA_S8"
tenant-a_log_15.json,123456789012,AWS_ACCOUNT_ID,4095,4107,"GDPR_Art5_1b, DPDPA_S8"
tenant-a_log_15.json,123456789012,AWS_ACCOUNT_ID,4957,4969,"GDPR_Art5_1b, DPDPA_S8"
tenant-a_log_15.json,123456789012,AWS_ACCOUNT_ID,5121,5133,"GDPR_Art5_1b, DPDPA_S8"
tenant-a_log_15.json,123456789012,AWS_ACCOUNT_ID,5373,5385,"GDPR_Art5_1b, DPDPA_S8"
tenant-a_log_15.json,123456789012,AWS_ACCOUNT_ID,6242,6254,"GDPR_Art5_1b, DPDPA_S8"
tenant-a_log_15.json,123456789012,AWS_ACCOUNT_ID,6406,6418,"GDPR_Art5_1b, DPDPA_S8"
tenant-a_log_15.json,123456789012,AWS_ACCOUNT_ID,6659,6671,"GDPR_Art5_1b, DPDPA_S8"
tenant-a_log_15.json,123456789012,AWS_ACCOUNT_ID,7523,7535,"GDPR_Art5_1b, DPDPA_S8"
tenant-a_log_15.json,123456789012,AWS_ACCOUNT_ID,7687,7699,"GDPR_Art5_1b, DPDPA_S8"
tenant-a_log_15.json,123456789012,AWS_ACCOUNT_ID,7940,7952,"GDPR_Art5_1b, DPDPA_S8"
tenant-a_log_15.json,123456789012,AWS_ACCOUNT_ID,8806,8818,"GDPR_Art5_1b, DPDPA_S8"
tenant-a_log_15.json,123456789012,AWS_ACCOUNT_ID,8970,8982,"GDPR_Art5_1b, DPDPA_S8"
tenant-a_log_15.json,123456789012,AWS_ACCOUNT_ID,9224,9236,"GDPR_Art5_1b, DPDPA_S8"
tenant-a_log_15.json,123456789012,AWS_ACCOUNT_ID,10088,10100,"GDPR_Art5_1b, DPDPA_S8"
tenant-a_log_15.json,123456789012,AWS_ACCOUNT_ID,10252,10264,"GDPR_Art5_1b, DPDPA_S8"
tenant-a_log_15.json,123456789012,AWS_ACCOUNT_ID,10505,10517,"GDPR_Art5_1b, DPDPA_S8"
tenant-a_log_15.json,123456789012,AWS_ACCOUNT_ID,11370,11382,"GDPR_Art5_1b, DPDPA_S8"
tenant-a_log_15.json,123456789012,AWS_ACCOUNT_ID,11534,11546,"GDPR_Art5_1b, DPDPA_S8"
tenant-a_log_15.json,123456789012,AWS_ACCOUNT_ID,11786,11798,"GDPR_Art5_1b, DPDPA_S8"
tenant-a_log_15.json,123456789012,AWS_ACCOUNT_ID,12650,12662,"GDPR_Art5_1b, DPDPA_S8"
tenant-a_log_15.json,123456789012,AWS_ACCOUNT_ID,12814,12826,"GDPR_Art5_1b, DPDPA_S8"
tenant-a_log_15.json,123456789012,AWS_ACCOUNT_ID,13067,13079,"GDPR_Art5_1b, DPDPA_S8"
tenant-a_log_15.json,123456789012,AWS_ACCOUNT_ID,13935,13947,"GDPR_Art5_1b, DPDPA_S8"
tenant-a_log_15.json,123456789012,AWS_ACCOUNT_ID,14099,14111,"GDPR_Art5_1b, DPDPA_S8"
tenant-a_log_15.json,123456789012,AWS_ACCOUNT_ID,14351,14363,"GDPR_Art5_1b, DPDPA_S8"
tenant-a_log_15.json,123456789012,AWS_ACCOUNT_ID,15217,15229,"GDPR_Art5_1b, DPDPA_S8"
tenant-a_log_15.json,123456789012,AWS_ACCOUNT_ID,15381,15393,"GDPR_Art5_1b, DPDPA_S8"
tenant-a_log_15.json,123456789012,AWS_ACCOUNT_ID,15635,15647,"GDPR_Art5_1b, DPDPA_S8"
tenant-a_log_15.json,123456789012,AWS_ACCOUNT_ID,16498,16510,"GDPR_Art5_1b, DPDPA_S8"
tenant-a_log_15.json,123456789012,AWS_ACCOUNT_ID,16662,16674,"GDPR_Art5_1b, DPDPA_S8"
tenant-a_log_15.json,123456789012,AWS_ACCOUNT_ID,16914,16926,"GDPR_Art5_1b, DPDPA_S8"
tenant-a_log_15.json,123456789012,AWS_ACCOUNT_ID,17782,17794,"GDPR_Art5_1b, DPDPA_S8"
tenant-a_log_15.json,123456789012,AWS_ACCOUNT_ID,17946,17958,"GDPR_Art5_1b, DPDPA_S8"
tenant-a_log_15.json,123456789012,AWS_ACCOUNT_ID,18198,18210,"GDPR_Art5_1b, DPDPA_S8"
tenant-a_log_15.json,123456789012,AWS_ACCOUNT_ID,19065,19077,"GDPR_Art5_1b, DPDPA_S8"
tenant-a_log_15.json,123456789012,AWS_ACCOUNT_ID,19229,19241,"GDPR_Art5_1b, DPDPA_S8"
tenant-a_log_15.json,123456789012,AWS_ACCOUNT_ID,19482,19494,"GDPR_Art5_1b, DPDPA_S8"
tenant-a_log_15.json,123456789012,AWS_ACCOUNT_ID,20350,20362,"GDPR_Art5_1b, DPDPA_S8"
tenant-a_log_15.json,123456789012,AWS_ACCOUNT_ID,20514,20526,"GDPR_Art5_1b, DPDPA_S8"
tenant-a_log_15.json,123456789012,AWS_ACCOUNT_ID,20768,20780,"GDPR_Art5_1b, DPDPA_S8"
tenant-a_log_15.json,123456789012,AWS_ACCOUNT_ID,21633,21645,"GDPR_Art5_1b, DPDPA_S8"
tenant-a_log_15.json,123456789012,AWS_ACCOUNT_ID,21797,21809,"GDPR_Art5_1b, DPDPA_S8"
tenant-a_log_15.json,123456789012,AWS_ACCOUNT_ID,22050,22062,"GDPR_Art5_1b, DPDPA_S8"
tenant-a_log_15.json,123456789012,AWS_ACCOUNT_ID,22911,22923,"GDPR_Art5_1b, DPDPA_S8"
tenant-a_log_15.json,123456789012,AWS_ACCOUNT_ID,23075,23087,"GDPR_Art5_1b, DPDPA_S8"
tenant-a_log_15.json,123456789012,AWS_ACCOUNT_ID,23329,23341,"GDPR_Art5_1b, DPDPA_S8"
tenant-a_log_15.json,123456789012,AWS_ACCOUNT_ID,24195,24207,"GDPR_Art5_1b, DPDPA_S8"
tenant-a_log_15.json,123456789012,AWS_ACCOUNT_ID,24359,24371,"GDPR_Art5_1b, DPDPA_S8"
tenant-a_log_15.json,123456789012,AWS_ACCOUNT_ID,24612,24624,"GDPR_Art5_1b, DPDPA_S8"
tenant-a_log_15.json,123456789012,AWS_ACCOUNT_ID,25476,25488,"GDPR_Art5_1b, DPDPA_S8"
tenant-a_log_15.json,123456789012,AWS_ACCOUNT_ID,25640,25652,"GDPR_Art5_1b, DPDPA_S8"
tenant-a_log_16.json,carol.smith,PERSON,286,297,"GDPR_Art5_1a, DPDPA_S8"
tenant-a_log_16.json,alice.chen,PERSON,1573,1583,"GDPR_Art5_1a, DPDPA_S8"
tenant-a_log_16.json,carol.smith,PERSON,2855,2866,"GDPR_Art5_1a, DPDPA_S8"
tenant-a_log_16.json,bob.kumar,PERSON,4140,4149,"GDPR_Art5_1a, DPDPA_S8"
tenant-a_log_16.json,bob.kumar,PERSON,5421,5430,"GDPR_Art5_1a, DPDPA_S8"
tenant-a_log_16.json,bob.kumar,PERSON,6712,6721,"GDPR_Art5_1a, DPDPA_S8"
tenant-a_log_16.json,carol.smith,PERSON,7998,8009,"GDPR_Art5_1a, DPDPA_S8"
tenant-a_log_16.json,alice.chen,PERSON,9281,9291,"GDPR_Art5_1a, DPDPA_S8"
tenant-a_log_16.json,bob.kumar,PERSON,10559,10568,"GDPR_Art5_1a, DPDPA_S8"
tenant-a_log_16.json,alice.chen,PERSON,11834,11844,"GDPR_Art5_1a, DPDPA_S8"
tenant-a_log_16.json,carol.smith,PERSON,13117,13128,"GDPR_Art5_1a, DPDPA_S8"
tenant-a_log_16.json,alice.chen,PERSON,14402,14412,"GDPR_Art5_1a, DPDPA_S8"
tenant-a_log_16.json,bob.kumar,PERSON,15682,15691,"GDPR_Art5_1a, DPDPA_S8"
tenant-a_log_16.json,alice.chen,PERSON,16970,16980,"GDPR_Art5_1a, DPDPA_S8"
tenant-a_log_16.json,alice.chen,PERSON,18257,18267,"GDPR_Art5_1a, DPDPA_S8"
tenant-a_log_16.json,carol.smith,PERSON,19539,19550,"GDPR_Art5_1a, DPDPA_S8"
tenant-a_log_16.json,alice.chen,PERSON,20824,20834,"GDPR_Art5_1a, DPDPA_S8"
tenant-a_log_16.json,alice.chen,PERSON,22108,22118,"GDPR_Art5_1a, DPDPA_S8"
tenant-a_log_16.json,alice.chen,PERSON,23390,23400,"GDPR_Art5_1a, DPDPA_S8"
tenant-a_log_16.json,alice.chen,PERSON,24673,24683,"GDPR_Art5_1a, DPDPA_S8"
tenant-a_log_16.json,172.20.197.179,IP_ADDRESS,681,695,"GDPR_Art5_1b, DPDPA_S8"
tenant-a_log_16.json,192.168.209.156,IP_ADDRESS,1967,1982,"GDPR_Art5_1b, DPDPA_S8"
tenant-a_log_16.json,10.80.145.105,IP_ADDRESS,3250,3263,"GDPR_Art5_1b, DPDPA_S8"
tenant-a_log_16.json,10.249.15.197,IP_ADDRESS,4533,4546,"GDPR_Art5_1b, DPDPA_S8"
tenant-a_log_16.json,192.168.160.242,IP_ADDRESS,5814,5829,"GDPR_Art5_1b, DPDPA_S8"
tenant-a_log_16.json,192.168.228.122,IP_ADDRESS,7105,7120,"GDPR_Art5_1b, DPDPA_S8"
tenant-a_log_16.json,192.168.97.198,IP_ADDRESS,8393,8407,"GDPR_Art5_1b, DPDPA_S8"
tenant-a_log_16.json,172.18.231.70,IP_ADDRESS,9675,9688,"GDPR_Art5_1b, DPDPA_S8"
tenant-a_log_16.json,10.198.247.62,IP_ADDRESS,10952,10965,"GDPR_Art5_1b, DPDPA_S8"
tenant-a_log_16.json,172.24.126.150,IP_ADDRESS,12228,12242,"GDPR_Art5_1b, DPDPA_S8"
tenant-a_log_16.json,10.40.56.185,IP_ADDRESS,13512,13524,"GDPR_Art5_1b, DPDPA_S8"
tenant-a_log_16.json,172.25.36.84,IP_ADDRESS,14796,14808,"GDPR_Art5_1b, DPDPA_S8"
tenant-a_log_16.json,172.23.223.134,IP_ADDRESS,16075,16089,"GDPR_Art5_1b, DPDPA_S8"
tenant-a_log_16.json,172.26.55.177,IP_ADDRESS,17364,17377,"GDPR_Art5_1b, DPDPA_S8"
tenant-a_log_16.json,192.168.0.157,IP_ADDRESS,18651,18664,"GDPR_Art5_1b, DPDPA_S8"
tenant-a_log_16.json,10.246.38.156,IP_ADDRESS,19934,19947,"GDPR_Art5_1b, DPDPA_S8"
tenant-a_log_16.json,192.168.106.230,IP_ADDRESS,21218,21233,"GDPR_Art5_1b, DPDPA_S8"
tenant-a_log_16.json,10.202.92.95,IP_ADDRESS,22502,22514,"GDPR_Art5_1b, DPDPA_S8"
tenant-a_log_16.json,10.26.229.148,IP_ADDRESS,23784,23797,"GDPR_Art5_1b, DPDPA_S8"
tenant-a_log_16.json,10.156.2.191,IP_ADDRESS,25067,25079,"GDPR_Art5_1b, DPDPA_S8"
tenant-a_log_16.json,arn:aws:iam::123456789012:user/carol.smith,AWS_ARN,183,225,"GDPR_Art5_1b, DPDPA_S8"
tenant-a_log_16.json,arn:aws:s3:::tenant-a-backup,AWS_ARN,1065,1093,"GDPR_Art5_1b, DPDPA_S8"
tenant-a_log_16.json,arn:aws:iam::123456789012:user/alice.chen,AWS_ARN,1471,1512,"GDPR_Art5_1b, DPDPA_S8"
tenant-a_log_16.json,arn:aws:s3:::tenant-a-data,AWS_ARN,2348,2374,"GDPR_Art5_1b, DPDPA_S8"
tenant-a_log_16.json,arn:aws:iam::123456789012:user/carol.smith,AWS_ARN,2752,2794,"GDPR_Art5_1b, DPDPA_S8"
tenant-a_log_16.json,arn:aws:s3:::tenant-a-backup,AWS_ARN,3633,3661,"GDPR_Art5_1b, DPDPA_S8"
tenant-a_log_16.json,arn:aws:iam::123456789012:user/bob.kumar,AWS_ARN,4039,4079,"GDPR_Art5_1b, DPDPA_S8"
tenant-a_log_16.json,arn:aws:s3:::tenant-a-backup,AWS_ARN,4914,4942,"GDPR_Art5_1b, DPDPA_S8"
tenant-a_log_16.json,arn:aws:iam::123456789012:user/bob.kumar,AWS_ARN,5320,5360,"GDPR_Art5_1b, DPDPA_S8"
tenant-a_log_16.json,arn:aws:s3:::tenant-a-backup,AWS_ARN,6205,6233,"GDPR_Art5_1b, DPDPA_S8"
tenant-a_log_16.json,arn:aws:iam::123456789012:user/bob.kumar,AWS_ARN,6611,6651,"GDPR_Art5_1b, DPDPA_S8"
tenant-a_log_16.json,arn:aws:s3:::tenant-a-data,AWS_ARN,7491,7517,"GDPR_Art5_1b, DPDPA_S8"
tenant-a_log_16.json,arn:aws:iam::123456789012:user/carol.smith,AWS_ARN,7895,7937,"GDPR_Art5_1b, DPDPA_S8"
tenant-a_log_16.json,arn:aws:s3:::tenant-a-data,AWS_ARN,8775,8801,"GDPR_Art5_1b, DPDPA_S8"
tenant-a_log_16.json,arn:aws:iam::123456789012:user/alice.chen,AWS_ARN,9179,9220,"GDPR_Art5_1b, DPDPA_S8"
tenant-a_log_16.json,arn:aws:s3:::tenant-a-data,AWS_ARN,10054,10080,"GDPR_Art5_1b, DPDPA_S8"
tenant-a_log_16.json,arn:aws:iam::123456789012:user/bob.kumar,AWS_ARN,10458,10498,"GDPR_Art5_1b, DPDPA_S8"
tenant-a_log_16.json,arn:aws:s3:::tenant-a-data,AWS_ARN,11328,11354,"GDPR_Art5_1b, DPDPA_S8"
tenant-a_log_16.json,arn:aws:iam::123456789012:user/alice.chen,AWS_ARN,11732,11773,"GDPR_Art5_1b, DPDPA_S8"
tenant-a_log_16.json,arn:aws:s3:::tenant-a-data,AWS_ARN,12610,12636,"GDPR_Art5_1b, DPDPA_S8"
tenant-a_log_16.json,arn:aws:iam::123456789012:user/carol.smith,AWS_ARN,13014,13056,"GDPR_Art5_1b, DPDPA_S8"
tenant-a_log_16.json,arn:aws:s3:::tenant-a-data,AWS_ARN,13896,13922,"GDPR_Art5_1b, DPDPA_S8"
tenant-a_log_16.json,arn:aws:iam::123456789012:user/alice.chen,AWS_ARN,14300,14341,"GDPR_Art5_1b, DPDPA_S8"
tenant-a_log_16.json,arn:aws:s3:::tenant-a-data,AWS_ARN,15177,15203,"GDPR_Art5_1b, DPDPA_S8"
tenant-a_log_16.json,arn:aws:iam::123456789012:user/bob.kumar,AWS_ARN,15581,15621,"GDPR_Art5_1b, DPDPA_S8"
tenant-a_log_16.json,arn:aws:s3:::tenant-a-backup,AWS_ARN,16462,16490,"GDPR_Art5_1b, DPDPA_S8"
tenant-a_log_16.json,arn:aws:iam::123456789012:user/alice.chen,AWS_ARN,16868,16909,"GDPR_Art5_1b, DPDPA_S8"
tenant-a_log_16.json,arn:aws:s3:::tenant-a-backup,AWS_ARN,17749,17777,"GDPR_Art5_1b, DPDPA_S8"
tenant-a_log_16.json,arn:aws:iam::123456789012:user/alice.chen,AWS_ARN,18155,18196,"GDPR_Art5_1b, DPDPA_S8"
tenant-a_log_16.json,arn:aws:s3:::tenant-a-data,AWS_ARN,19032,19058,"GDPR_Art5_1b, DPDPA_S8"
tenant-a_log_16.json,arn:aws:iam::123456789012:user/carol.smith,AWS_ARN,19436,19478,"GDPR_Art5_1b, DPDPA_S8"
tenant-a_log_16.json,arn:aws:s3:::tenant-a-backup,AWS_ARN,20316,20344,"GDPR_Art5_1b, DPDPA_S8"
tenant-a_log_16.json,arn:aws:iam::123456789012:user/alice.chen,AWS_ARN,20722,20763,"GDPR_Art5_1b, DPDPA_S8"
tenant-a_log_16.json,arn:aws:s3:::tenant-a-backup,AWS_ARN,21600,21628,"GDPR_Art5_1b, DPDPA_S8"
tenant-a_log_16.json,arn:aws:iam::123456789012:user/alice.chen,AWS_ARN,22006,22047,"GDPR_Art5_1b, DPDPA_S8"
tenant-a_log_16.json,arn:aws:s3:::tenant-a-data,AWS_ARN,22884,22910,"GDPR_Art5_1b, DPDPA_S8"
tenant-a_log_16.json,arn:aws:iam::123456789012:user/alice.chen,AWS_ARN,23288,23329,"GDPR_Art5_1b, DPDPA_S8"
tenant-a_log_16.json,arn:aws:s3:::tenant-a-backup,AWS_ARN,24165,24193,"GDPR_Art5_1b, DPDPA_S8"
tenant-a_log_16.json,arn:aws:iam::123456789012:user/alice.chen,AWS_ARN,24571,24612,"GDPR_Art5_1b, DPDPA_S8"
tenant-a_log_16.json,arn:aws:s3:::tenant-a-backup,AWS_ARN,25447,25475,"GDPR_Art5_1b, DPDPA_S8"
tenant-a_log_16.json,123456789012,AWS_ACCOUNT_ID,250,262,"GDPR_Art5_1b, DPDPA_S8"
tenant-a_log_16.json,123456789012,AWS_ACCOUNT_ID,1120,1132,"GDPR_Art5_1b, DPDPA_S8"
tenant-a_log_16.json,123456789012,AWS_ACCOUNT_ID,1284,1296,"GDPR_Art5_1b, DPDPA_S8"
tenant-a_log_16.json,123456789012,AWS_ACCOUNT_ID,1537,1549,"GDPR_Art5_1b, DPDPA_S8"
tenant-a_log_16.json,123456789012,AWS_ACCOUNT_ID,2401,2413,"GDPR_Art5_1b, DPDPA_S8"
tenant-a_log_16.json,123456789012,AWS_ACCOUNT_ID,2565,2577,"GDPR_Art5_1b, DPDPA_S8"
tenant-a_log_16.json,123456789012,AWS_ACCOUNT_ID,2819,2831,"GDPR_Art5_1b, DPDPA_S8"
tenant-a_log_16.json,123456789012,AWS_ACCOUNT_ID,3688,3700,"GDPR_Art5_1b, DPDPA_S8"
tenant-a_log_16.json,123456789012,AWS_ACCOUNT_ID,3852,3864,"GDPR_Art5_1b, DPDPA_S8"
tenant-a_log_16.json,123456789012,AWS_ACCOUNT_ID,4104,4116,"GDPR_Art5_1b, DPDPA_S8"
tenant-a_log_16.json,123456789012,AWS_ACCOUNT_ID,4969,4981,"GDPR_Art5_1b, DPDPA_S8"
tenant-a_log_16.json,123456789012,AWS_ACCOUNT_ID,5133,5145,"GDPR_Art5_1b, DPDPA_S8"
tenant-a_log_16.json,123456789012,AWS_ACCOUNT_ID,5385,5397,"GDPR_Art5_1b, DPDPA_S8"
tenant-a_log_16.json,123456789012,AWS_ACCOUNT_ID,6260,6272,"GDPR_Art5_1b, DPDPA_S8"
tenant-a_log_16.json,123456789012,AWS_ACCOUNT_ID,6424,6436,"GDPR_Art5_1b, DPDPA_S8"
tenant-a_log_16.json,123456789012,AWS_ACCOUNT_ID,6676,6688,"GDPR_Art5_1b, DPDPA_S8"
tenant-a_log_16.json,123456789012,AWS_ACCOUNT_ID,7544,7556,"GDPR_Art5_1b, DPDPA_S8"
tenant-a_log_16.json,123456789012,AWS_ACCOUNT_ID,7708,7720,"GDPR_Art5_1b, DPDPA_S8"
tenant-a_log_16.json,123456789012,AWS_ACCOUNT_ID,7962,7974,"GDPR_Art5_1b, DPDPA_S8"
tenant-a_log_16.json,123456789012,AWS_ACCOUNT_ID,8828,8840,"GDPR_Art5_1b, DPDPA_S8"
tenant-a_log_16.json,123456789012,AWS_ACCOUNT_ID,8992,9004,"GDPR_Art5_1b, DPDPA_S8"
tenant-a_log_16.json,123456789012,AWS_ACCOUNT_ID,9245,9257,"GDPR_Art5_1b, DPDPA_S8"
tenant-a_log_16.json,123456789012,AWS_ACCOUNT_ID,10107,10119,"GDPR_Art5_1b, DPDPA_S8"
tenant-a_log_16.json,123456789012,AWS_ACCOUNT_ID,10271,10283,"GDPR_Art5_1b, DPDPA_S8"
tenant-a_log_16.json,123456789012,AWS_ACCOUNT_ID,10523,10535,"GDPR_Art5_1b, DPDPA_S8"
tenant-a_log_16.json,123456789012,AWS_ACCOUNT_ID,11381,11393,"GDPR_Art5_1b, DPDPA_S8"
tenant-a_log_16.json,123456789012,AWS_ACCOUNT_ID,11545,11557,"GDPR_Art5_1b, DPDPA_S8"
tenant-a_log_16.json,123456789012,AWS_ACCOUNT_ID,11798,11810,"GDPR_Art5_1b, DPDPA_S8"
tenant-a_log_16.json,123456789012,AWS_ACCOUNT_ID,12663,12675,"GDPR_Art5_1b, DPDPA_S8"
tenant-a_log_16.json,123456789012,AWS_ACCOUNT_ID,12827,12839,"GDPR_Art5_1b, DPDPA_S8"
tenant-a_log_16.json,123456789012,AWS_ACCOUNT_ID,13081,13093,"GDPR_Art5_1b, DPDPA_S8"
tenant-a_log_16.json,123456789012,AWS_ACCOUNT_ID,13949,13961,"GDPR_Art5_1b, DPDPA_S8"
tenant-a_log_16.json,123456789012,AWS_ACCOUNT_ID,14113,14125,"GDPR_Art5_1b, DPDPA_S8"
tenant-a_log_16.json,123456789012,AWS_ACCOUNT_ID,14366,14378,"GDPR_Art5_1b, DPDPA_S8"
tenant-a_log_16.json,123456789012,AWS_ACCOUNT_ID,15230,15242,"GDPR_Art5_1b, DPDPA_S8"
tenant-a_log_16.json,123456789012,AWS_ACCOUNT_ID,15394,15406,"GDPR_Art5_1b, DPDPA_S8"
tenant-a_log_16.json,123456789012,AWS_ACCOUNT_ID,15646,15658,"GDPR_Art5_1b, DPDPA_S8"
tenant-a_log_16.json,123456789012,AWS_ACCOUNT_ID,16517,16529,"GDPR_Art5_1b, DPDPA_S8"
tenant-a_log_16.json,123456789012,AWS_ACCOUNT_ID,16681,16693,"GDPR_Art5_1b, DPDPA_S8"
tenant-a_log_16.json,123456789012,AWS_ACCOUNT_ID,16934,16946,"GDPR_Art5_1b, DPDPA_S8"
tenant-a_log_16.json,123456789012,AWS_ACCOUNT_ID,17804,17816,"GDPR_Art5_1b, DPDPA_S8"
tenant-a_log_16.json,123456789012,AWS_ACCOUNT_ID,17968,17980,"GDPR_Art5_1b, DPDPA_S8"
tenant-a_log_16.json,123456789012,AWS_ACCOUNT_ID,18221,18233,"GDPR_Art5_1b, DPDPA_S8"
tenant-a_log_16.json,123456789012,AWS_ACCOUNT_ID,19085,19097,"GDPR_Art5_1b, DPDPA_S8"
tenant-a_log_16.json,123456789012,AWS_ACCOUNT_ID,19249,19261,"GDPR_Art5_1b, DPDPA_S8"
tenant-a_log_16.json,123456789012,AWS_ACCOUNT_ID,19503,19515,"GDPR_Art5_1b, DPDPA_S8"
tenant-a_log_16.json,123456789012,AWS_ACCOUNT_ID,20371,20383,"GDPR_Art5_1b, DPDPA_S8"
tenant-a_log_16.json,123456789012,AWS_ACCOUNT_ID,20535,20547,"GDPR_Art5_1b, DPDPA_S8"
tenant-a_log_16.json,123456789012,AWS_ACCOUNT_ID,20788,20800,"GDPR_Art5_1b, DPDPA_S8"
tenant-a_log_16.json,123456789012,AWS_ACCOUNT_ID,21655,21667,"GDPR_Art5_1b, DPDPA_S8"
tenant-a_log_16.json,123456789012,AWS_ACCOUNT_ID,21819,21831,"GDPR_Art5_1b, DPDPA_S8"
tenant-a_log_16.json,123456789012,AWS_ACCOUNT_ID,22072,22084,"GDPR_Art5_1b, DPDPA_S8"
tenant-a_log_16.json,123456789012,AWS_ACCOUNT_ID,22937,22949,"GDPR_Art5_1b, DPDPA_S8"
tenant-a_log_16.json,123456789012,AWS_ACCOUNT_ID,23101,23113,"GDPR_Art5_1b, DPDPA_S8"
tenant-a_log_16.json,123456789012,AWS_ACCOUNT_ID,23354,23366,"GDPR_Art5_1b, DPDPA_S8"
tenant-a_log_16.json,123456789012,AWS_ACCOUNT_ID,24220,24232,"GDPR_Art5_1b, DPDPA_S8"
tenant-a_log_16.json,123456789012,AWS_ACCOUNT_ID,24384,24396,"GDPR_Art5_1b, DPDPA_S8"
tenant-a_log_16.json,123456789012,AWS_ACCOUNT_ID,24637,24649,"GDPR_Art5_1b, DPDPA_S8"
tenant-a_log_16.json,123456789012,AWS_ACCOUNT_ID,25502,25514,"GDPR_Art5_1b, DPDPA_S8"
tenant-a_log_16.json,123456789012,AWS_ACCOUNT_ID,25666,25678,"GDPR_Art5_1b, DPDPA_S8"
tenant-b_log_00.json,frank.nair,PERSON,285,295,"GDPR_Art5_1a, DPDPA_S8"
tenant-b_log_00.json,eve.patel,PERSON,1572,1581,"GDPR_Art5_1a, DPDPA_S8"
tenant-b_log_00.json,frank.nair,PERSON,2851,2861,"GDPR_Art5_1a, DPDPA_S8"
tenant-b_log_00.json,david.raj,PERSON,4130,4139,"GDPR_Art5_1a, DPDPA_S8"
tenant-b_log_00.json,frank.nair,PERSON,5418,5428,"GDPR_Art5_1a, DPDPA_S8"
tenant-b_log_00.json,eve.patel,PERSON,6696,6705,"GDPR_Art5_1a, DPDPA_S8"
tenant-b_log_00.json,david.raj,PERSON,7977,7986,"GDPR_Art5_1a, DPDPA_S8"
tenant-b_log_00.json,david.raj,PERSON,9254,9263,"GDPR_Art5_1a, DPDPA_S8"
tenant-b_log_00.json,eve.patel,PERSON,10537,10546,"GDPR_Art5_1a, DPDPA_S8"
tenant-b_log_00.json,david.raj,PERSON,11814,11823,"GDPR_Art5_1a, DPDPA_S8"
tenant-b_log_00.json,frank.nair,PERSON,13101,13111,"GDPR_Art5_1a, DPDPA_S8"
tenant-b_log_00.json,eve.patel,PERSON,14388,14397,"GDPR_Art5_1a, DPDPA_S8"
tenant-b_log_00.json,eve.patel,PERSON,15674,15683,"GDPR_Art5_1a, DPDPA_S8"
tenant-b_log_00.json,eve.patel,PERSON,16948,16957,"GDPR_Art5_1a, DPDPA_S8"
tenant-b_log_00.json,frank.nair,PERSON,18236,18246,"GDPR_Art5_1a, DPDPA_S8"
tenant-b_log_00.json,frank.nair,PERSON,19530,19540,"GDPR_Art5_1a, DPDPA_S8"
tenant-b_log_00.json,eve.patel,PERSON,20804,20813,"GDPR_Art5_1a, DPDPA_S8"
tenant-b_log_00.json,david.raj,PERSON,22092,22101,"GDPR_Art5_1a, DPDPA_S8"
tenant-b_log_00.json,frank.nair,PERSON,23381,23391,"GDPR_Art5_1a, DPDPA_S8"
tenant-b_log_00.json,eve.patel,PERSON,24666,24675,"GDPR_Art5_1a, DPDPA_S8"
tenant-b_log_00.json,frank.nair,PERSON,25940,25950,"GDPR_Art5_1a, DPDPA_S8"
tenant-b_log_00.json,david.raj,PERSON,27215,27224,"GDPR_Art5_1a, DPDPA_S8"
tenant-b_log_00.json,david.raj,PERSON,28489,28498,"GDPR_Art5_1a, DPDPA_S8"
tenant-b_log_00.json,david.raj,PERSON,29771,29780,"GDPR_Art5_1a, DPDPA_S8"
tenant-b_log_00.json,eve.patel,PERSON,31047,31056,"GDPR_Art5_1a, DPDPA_S8"
tenant-b_log_00.json,david.raj,PERSON,32325,32334,"GDPR_Art5_1a, DPDPA_S8"
tenant-b_log_00.json,david.raj,PERSON,33603,33612,"GDPR_Art5_1a, DPDPA_S8"
tenant-b_log_00.json,frank.nair,PERSON,34894,34904,"GDPR_Art5_1a, DPDPA_S8"
tenant-b_log_00.json,eve.patel,PERSON,36173,36182,"GDPR_Art5_1a, DPDPA_S8"
tenant-b_log_00.json,eve.patel,PERSON,37451,37460,"GDPR_Art5_1a, DPDPA_S8"
tenant-b_log_00.json,eve.patel,PERSON,38740,38749,"GDPR_Art5_1a, DPDPA_S8"
tenant-b_log_00.json,david.raj,PERSON,40029,40038,"GDPR_Art5_1a, DPDPA_S8"
tenant-b_log_00.json,david.raj,PERSON,41314,41323,"GDPR_Art5_1a, DPDPA_S8"
tenant-b_log_00.json,david.raj,PERSON,42599,42608,"GDPR_Art5_1a, DPDPA_S8"
tenant-b_log_00.json,david.raj,PERSON,43879,43888,"GDPR_Art5_1a, DPDPA_S8"
tenant-b_log_00.json,frank.nair,PERSON,45167,45177,"GDPR_Art5_1a, DPDPA_S8"
tenant-b_log_00.json,frank.nair,PERSON,46458,46468,"GDPR_Art5_1a, DPDPA_S8"
tenant-b_log_00.json,frank.nair,PERSON,47744,47754,"GDPR_Art5_1a, DPDPA_S8"
tenant-b_log_00.json,frank.nair,PERSON,49020,49030,"GDPR_Art5_1a, DPDPA_S8"
tenant-b_log_00.json,frank.nair,PERSON,50311,50321,"GDPR_Art5_1a, DPDPA_S8"
tenant-b_log_00.json,180.32.184.110,IP_ADDRESS,680,694,"GDPR_Art5_1b, DPDPA_S8"
tenant-b_log_00.json,114.116.148.65,IP_ADDRESS,1966,1980,"GDPR_Art5_1b, DPDPA_S8"
tenant-b_log_00.json,100.241.69.229,IP_ADDRESS,3246,3260,"GDPR_Art5_1b, DPDPA_S8"
tenant-b_log_00.json,148.165.208.7,IP_ADDRESS,4524,4537,"GDPR_Art5_1b, DPDPA_S8"
tenant-b_log_00.json,57.232.61.237,IP_ADDRESS,5813,5826,"GDPR_Art5_1b, DPDPA_S8"
tenant-b_log_00.json,5.7.187.79,IP_ADDRESS,7090,7100,"GDPR_Art5_1b, DPDPA_S8"
tenant-b_log_00.json,55.125.76.246,IP_ADDRESS,8371,8384,"GDPR_Art5_1b, DPDPA_S8"
tenant-b_log_00.json,13.66.76.83,IP_ADDRESS,9648,9659,"GDPR_Art5_1b, DPDPA_S8"
tenant-b_log_00.json,195.214.37.168,IP_ADDRESS,10931,10945,"GDPR_Art5_1b, DPDPA_S8"
tenant-b_log_00.json,1.180.194.194,IP_ADDRESS,12208,12221,"GDPR_Art5_1b, DPDPA_S8"
tenant-b_log_00.json,165.116.25.159,IP_ADDRESS,13496,13510,"GDPR_Art5_1b, DPDPA_S8"
tenant-b_log_00.json,210.90.232.45,IP_ADDRESS,14782,14795,"GDPR_Art5_1b, DPDPA_S8"
tenant-b_log_00.json,196.102.45.20,IP_ADDRESS,16068,16081,"GDPR_Art5_1b, DPDPA_S8"
tenant-b_log_00.json,136.247.254.138,IP_ADDRESS,17342,17357,"GDPR_Art5_1b, DPDPA_S8"
tenant-b_log_00.json,162.54.20.168,IP_ADDRESS,18631,18644,"GDPR_Art5_1b, DPDPA_S8"
tenant-b_log_00.json,103.9.53.10,IP_ADDRESS,19925,19936,"GDPR_Art5_1b, DPDPA_S8"
tenant-b_log_00.json,115.120.111.224,IP_ADDRESS,21198,21213,"GDPR_Art5_1b, DPDPA_S8"
tenant-b_log_00.json,197.86.139.35,IP_ADDRESS,22486,22499,"GDPR_Art5_1b, DPDPA_S8"
tenant-b_log_00.json,91.75.34.150,IP_ADDRESS,23776,23788,"GDPR_Art5_1b, DPDPA_S8"
tenant-b_log_00.json,25.28.87.91,IP_ADDRESS,25060,25071,"GDPR_Art5_1b, DPDPA_S8"
tenant-b_log_00.json,16.44.79.210,IP_ADDRESS,26335,26347,"GDPR_Art5_1b, DPDPA_S8"
tenant-b_log_00.json,82.222.207.7,IP_ADDRESS,27609,27621,"GDPR_Art5_1b, DPDPA_S8"
tenant-b_log_00.json,81.27.76.14,IP_ADDRESS,28883,28894,"GDPR_Art5_1b, DPDPA_S8"
tenant-b_log_00.json,56.114.98.59,IP_ADDRESS,30165,30177,"GDPR_Art5_1b, DPDPA_S8"
tenant-b_log_00.json,177.213.122.120,IP_ADDRESS,31441,31456,"GDPR_Art5_1b, DPDPA_S8"
tenant-b_log_00.json,154.81.144.202,IP_ADDRESS,32720,32734,"GDPR_Art5_1b, DPDPA_S8"
tenant-b_log_00.json,43.188.180.185,IP_ADDRESS,33998,34012,"GDPR_Art5_1b, DPDPA_S8"
tenant-b_log_00.json,158.44.156.90,IP_ADDRESS,35290,35303,"GDPR_Art5_1b, DPDPA_S8"
tenant-b_log_00.json,189.254.75.248,IP_ADDRESS,36568,36582,"GDPR_Art5_1b, DPDPA_S8"
tenant-b_log_00.json,140.138.27.195,IP_ADDRESS,37846,37860,"GDPR_Art5_1b, DPDPA_S8"
tenant-b_log_00.json,124.97.200.204,IP_ADDRESS,39135,39149,"GDPR_Art5_1b, DPDPA_S8"
tenant-b_log_00.json,93.168.88.66,IP_ADDRESS,40424,40436,"GDPR_Art5_1b, DPDPA_S8"
tenant-b_log_00.json,191.54.251.120,IP_ADDRESS,41709,41723,"GDPR_Art5_1b, DPDPA_S8"
tenant-b_log_00.json,190.224.191.184,IP_ADDRESS,42994,43009,"GDPR_Art5_1b, DPDPA_S8"
tenant-b_log_00.json,186.96.69.39,IP_ADDRESS,44274,44286,"GDPR_Art5_1b, DPDPA_S8"
tenant-b_log_00.json,201.132.40.104,IP_ADDRESS,45563,45577,"GDPR_Art5_1b, DPDPA_S8"
tenant-b_log_00.json,185.209.5.170,IP_ADDRESS,46854,46867,"GDPR_Art5_1b, DPDPA_S8"
tenant-b_log_00.json,191.93.91.53,IP_ADDRESS,48140,48152,"GDPR_Art5_1b, DPDPA_S8"
tenant-b_log_00.json,23.196.164.46,IP_ADDRESS,49416,49429,"GDPR_Art5_1b, DPDPA_S8"
tenant-b_log_00.json,141.214.197.148,IP_ADDRESS,50707,50722,"GDPR_Art5_1b, DPDPA_S8"
tenant-b_log_00.json,arn:aws:iam::234567890123:user/frank.nair,AWS_ARN,183,224,"GDPR_Art5_1b, DPDPA_S8"
tenant-b_log_00.json,arn:aws:s3:::tenant-b-finance,AWS_ARN,1064,1093,"GDPR_Art5_1b, DPDPA_S8"
tenant-b_log_00.json,arn:aws:iam::234567890123:user/eve.patel,AWS_ARN,1471,1511,"GDPR_Art5_1b, DPDPA_S8"
tenant-b_log_00.json,arn:aws:s3:::tenant-b-hr,AWS_ARN,2347,2371,"GDPR_Art5_1b, DPDPA_S8"
tenant-b_log_00.json,arn:aws:iam::234567890123:user/frank.nair,AWS_ARN,2749,2790,"GDPR_Art5_1b, DPDPA_S8"
tenant-b_log_00.json,arn:aws:s3:::tenant-b-hr,AWS_ARN,3627,3651,"GDPR_Art5_1b, DPDPA_S8"
tenant-b_log_00.json,arn:aws:iam::234567890123:user/david.raj,AWS_ARN,4029,4069,"GDPR_Art5_1b, DPDPA_S8"
tenant-b_log_00.json,arn:aws:s3:::tenant-b-finance,AWS_ARN,4909,4938,"GDPR_Art5_1b, DPDPA_S8"
tenant-b_log_00.json,arn:aws:iam::234567890123:user/frank.nair,AWS_ARN,5316,5357,"GDPR_Art5_1b, DPDPA_S8"
tenant-b_log_00.json,arn:aws:s3:::tenant-b-hr,AWS_ARN,6193,6217,"GDPR_Art5_1b, DPDPA_S8"
tenant-b_log_00.json,arn:aws:iam::234567890123:user/eve.patel,AWS_ARN,6595,6635,"GDPR_Art5_1b, DPDPA_S8"
tenant-b_log_00.json,arn:aws:s3:::tenant-b-finance,AWS_ARN,7469,7498,"GDPR_Art5_1b, DPDPA_S8"
tenant-b_log_00.json,arn:aws:iam::234567890123:user/david.raj,AWS_ARN,7876,7916,"GDPR_Art5_1b, DPDPA_S8"
tenant-b_log_00.json,arn:aws:s3:::tenant-b-hr,AWS_ARN,8751,8775,"GDPR_Art5_1b, DPDPA_S8"
tenant-b_log_00.json,arn:aws:iam::234567890123:user/david.raj,AWS_ARN,9153,9193,"GDPR_Art5_1b, DPDPA_S8"
tenant-b_log_00.json,arn:aws:s3:::tenant-b-finance,AWS_ARN,10029,10058,"GDPR_Art5_1b, DPDPA_S8"
tenant-b_log_00.json,arn:aws:iam::234567890123:user/eve.patel,AWS_ARN,10436,10476,"GDPR_Art5_1b, DPDPA_S8"
tenant-b_log_00.json,arn:aws:s3:::tenant-b-hr,AWS_ARN,11311,11335,"GDPR_Art5_1b, DPDPA_S8"
tenant-b_log_00.json,arn:aws:iam::234567890123:user/david.raj,AWS_ARN,11713,11753,"GDPR_Art5_1b, DPDPA_S8"
tenant-b_log_00.json,arn:aws:s3:::tenant-b-finance,AWS_ARN,12592,12621,"GDPR_Art5_1b, DPDPA_S8"
tenant-b_log_00.json,arn:aws:iam::234567890123:user/frank.nair,AWS_ARN,12999,13040,"GDPR_Art5_1b, DPDPA_S8"
tenant-b_log_00.json,arn:aws:s3:::tenant-b-finance,AWS_ARN,13880,13909,"GDPR_Art5_1b, DPDPA_S8"
tenant-b_log_00.json,arn:aws:iam::234567890123:user/eve.patel,AWS_ARN,14287,14327,"GDPR_Art5_1b, DPDPA_S8"
tenant-b_log_00.json,arn:aws:s3:::tenant-b-finance,AWS_ARN,15166,15195,"GDPR_Art5_1b, DPDPA_S8"
tenant-b_log_00.json,arn:aws:iam::234567890123:user/eve.patel,AWS_ARN,15573,15613,"GDPR_Art5_1b, DPDPA_S8"
tenant-b_log_00.json,arn:aws:s3:::tenant-b-hr,AWS_ARN,16445,16469,"GDPR_Art5_1b, DPDPA_S8"
tenant-b_log_00.json,arn:aws:iam::234567890123:user/eve.patel,AWS_ARN,16847,16887,"GDPR_Art5_1b, DPDPA_S8"
tenant-b_log_00.json,arn:aws:s3:::tenant-b-finance,AWS_ARN,17727,17756,"GDPR_Art5_1b, DPDPA_S8"
tenant-b_log_00.json,arn:aws:iam::234567890123:user/frank.nair,AWS_ARN,18134,18175,"GDPR_Art5_1b, DPDPA_S8"
tenant-b_log_00.json,arn:aws:s3:::tenant-b-finance,AWS_ARN,19021,19050,"GDPR_Art5_1b, DPDPA_S8"
tenant-b_log_00.json,arn:aws:iam::234567890123:user/frank.nair,AWS_ARN,19428,19469,"GDPR_Art5_1b, DPDPA_S8"
tenant-b_log_00.json,arn:aws:s3:::tenant-b-hr,AWS_ARN,20301,20325,"GDPR_Art5_1b, DPDPA_S8"
tenant-b_log_00.json,arn:aws:iam::234567890123:user/eve.patel,AWS_ARN,20703,20743,"GDPR_Art5_1b, DPDPA_S8"
tenant-b_log_00.json,arn:aws:s3:::tenant-b-finance,AWS_ARN,21584,21613,"GDPR_Art5_1b, DPDPA_S8"
tenant-b_log_00.json,arn:aws:iam::234567890123:user/david.raj,AWS_ARN,21991,22031,"GDPR_Art5_1b, DPDPA_S8"
tenant-b_log_00.json,arn:aws:s3:::tenant-b-finance,AWS_ARN,22872,22901,"GDPR_Art5_1b, DPDPA_S8"
tenant-b_log_00.json,arn:aws:iam::234567890123:user/frank.nair,AWS_ARN,23279,23320,"GDPR_Art5_1b, DPDPA_S8"
tenant-b_log_00.json,arn:aws:s3:::tenant-b-finance,AWS_ARN,24158,24187,"GDPR_Art5_1b, DPDPA_S8"
tenant-b_log_00.json,arn:aws:iam::234567890123:user/eve.patel,AWS_ARN,24565,24605,"GDPR_Art5_1b, DPDPA_S8"
tenant-b_log_00.json,arn:aws:s3:::tenant-b-hr,AWS_ARN,25436,25460,"GDPR_Art5_1b, DPDPA_S8"
tenant-b_log_00.json,arn:aws:iam::234567890123:user/frank.nair,AWS_ARN,25838,25879,"GDPR_Art5_1b, DPDPA_S8"
tenant-b_log_00.json,arn:aws:s3:::tenant-b-hr,AWS_ARN,26712,26736,"GDPR_Art5_1b, DPDPA_S8"
tenant-b_log_00.json,arn:aws:iam::234567890123:user/david.raj,AWS_ARN,27114,27154,"GDPR_Art5_1b, DPDPA_S8"
tenant-b_log_00.json,arn:aws:s3:::tenant-b-hr,AWS_ARN,27986,28010,"GDPR_Art5_1b, DPDPA_S8"
tenant-b_log_00.json,arn:aws:iam::234567890123:user/david.raj,AWS_ARN,28388,28428,"GDPR_Art5_1b, DPDPA_S8"
tenant-b_log_00.json,arn:aws:s3:::tenant-b-finance,AWS_ARN,29263,29292,"GDPR_Art5_1b, DPDPA_S8"
tenant-b_log_00.json,arn:aws:iam::234567890123:user/david.raj,AWS_ARN,29670,29710,"GDPR_Art5_1b, DPDPA_S8"
tenant-b_log_00.json,arn:aws:s3:::tenant-b-hr,AWS_ARN,30544,30568,"GDPR_Art5_1b, DPDPA_S8"
tenant-b_log_00.json,arn:aws:iam::234567890123:user/eve.patel,AWS_ARN,30946,30986,"GDPR_Art5_1b, DPDPA_S8"
tenant-b_log_00.json,arn:aws:s3:::tenant-b-hr,AWS_ARN,31822,31846,"GDPR_Art5_1b, DPDPA_S8"
tenant-b_log_00.json,arn:aws:iam::234567890123:user/david.raj,AWS_ARN,32224,32264,"GDPR_Art5_1b, DPDPA_S8"
tenant-b_log_00.json,arn:aws:s3:::tenant-b-hr,AWS_ARN,33100,33124,"GDPR_Art5_1b, DPDPA_S8"
tenant-b_log_00.json,arn:aws:iam::234567890123:user/david.raj,AWS_ARN,33502,33542,"GDPR_Art5_1b, DPDPA_S8"
tenant-b_log_00.json,arn:aws:s3:::tenant-b-finance,AWS_ARN,34385,34414,"GDPR_Art5_1b, DPDPA_S8"
tenant-b_log_00.json,arn:aws:iam::234567890123:user/frank.nair,AWS_ARN,34792,34833,"GDPR_Art5_1b, DPDPA_S8"
tenant-b_log_00.json,arn:aws:s3:::tenant-b-hr,AWS_ARN,35670,35694,"GDPR_Art5_1b, DPDPA_S8"
tenant-b_log_00.json,arn:aws:iam::234567890123:user/eve.patel,AWS_ARN,36072,36112,"GDPR_Art5_1b, DPDPA_S8"
tenant-b_log_00.json,arn:aws:s3:::tenant-b-hr,AWS_ARN,36948,36972,"GDPR_Art5_1b, DPDPA_S8"
tenant-b_log_00.json,arn:aws:iam::234567890123:user/eve.patel,AWS_ARN,37350,37390,"GDPR_Art5_1b, DPDPA_S8"
tenant-b_log_00.json,arn:aws:s3:::tenant-b-finance,AWS_ARN,38232,38261,"GDPR_Art5_1b, DPDPA_S8"
tenant-b_log_00.json,arn:aws:iam::234567890123:user/eve.patel,AWS_ARN,38639,38679,"GDPR_Art5_1b, DPDPA_S8"
tenant-b_log_00.json,arn:aws:s3:::tenant-b-finance,AWS_ARN,39521,39550,"GDPR_Art5_1b, DPDPA_S8"
tenant-b_log_00.json,arn:aws:iam::234567890123:user/david.raj,AWS_ARN,39928,39968,"GDPR_Art5_1b, DPDPA_S8"
tenant-b_log_00.json,arn:aws:s3:::tenant-b-finance,AWS_ARN,40806,40835,"GDPR_Art5_1b, DPDPA_S8"
tenant-b_log_00.json,arn:aws:iam::234567890123:user/david.raj,AWS_ARN,41213,41253,"GDPR_Art5_1b, DPDPA_S8"
tenant-b_log_00.json,arn:aws:s3:::tenant-b-finance,AWS_ARN,42091,42120,"GDPR_Art5_1b, DPDPA_S8"
tenant-b_log_00.json,arn:aws:iam::234567890123:user/david.raj,AWS_ARN,42498,42538,"GDPR_Art5_1b, DPDPA_S8"
tenant-b_log_00.json,arn:aws:s3:::tenant-b-hr,AWS_ARN,43376,43400,"GDPR_Art5_1b, DPDPA_S8"
tenant-b_log_00.json,arn:aws:iam::234567890123:user/david.raj,AWS_ARN,43778,43818,"GDPR_Art5_1b, DPDPA_S8"
tenant-b_log_00.json,arn:aws:s3:::tenant-b-finance,AWS_ARN,44658,44687,"GDPR_Art5_1b, DPDPA_S8"
tenant-b_log_00.json,arn:aws:iam::234567890123:user/frank.nair,AWS_ARN,45065,45106,"GDPR_Art5_1b, DPDPA_S8"
tenant-b_log_00.json,arn:aws:s3:::tenant-b-finance,AWS_ARN,45949,45978,"GDPR_Art5_1b, DPDPA_S8"
tenant-b_log_00.json,arn:aws:iam::234567890123:user/frank.nair,AWS_ARN,46356,46397,"GDPR_Art5_1b, DPDPA_S8"
tenant-b_log_00.json,arn:aws:s3:::tenant-b-finance,AWS_ARN,47235,47264,"GDPR_Art5_1b, DPDPA_S8"
tenant-b_log_00.json,arn:aws:iam::234567890123:user/frank.nair,AWS_ARN,47642,47683,"GDPR_Art5_1b, DPDPA_S8"
tenant-b_log_00.json,arn:aws:s3:::tenant-b-hr,AWS_ARN,48516,48540,"GDPR_Art5_1b, DPDPA_S8"
tenant-b_log_00.json,arn:aws:iam::234567890123:user/frank.nair,AWS_ARN,48918,48959,"GDPR_Art5_1b, DPDPA_S8"
tenant-b_log_00.json,arn:aws:s3:::tenant-b-finance,AWS_ARN,49802,49831,"GDPR_Art5_1b, DPDPA_S8"
tenant-b_log_00.json,arn:aws:iam::234567890123:user/frank.nair,AWS_ARN,50209,50250,"GDPR_Art5_1b, DPDPA_S8"
tenant-b_log_00.json,arn:aws:s3:::tenant-b-hr,AWS_ARN,51090,51114,"GDPR_Art5_1b, DPDPA_S8"
tenant-b_log_00.json,234567890123,AWS_ACCOUNT_ID,249,261,"GDPR_Art5_1b, DPDPA_S8"
tenant-b_log_00.json,234567890123,AWS_ACCOUNT_ID,1120,1132,"GDPR_Art5_1b, DPDPA_S8"
tenant-b_log_00.json,234567890123,AWS_ACCOUNT_ID,1284,1296,"GDPR_Art5_1b, DPDPA_S8"
tenant-b_log_00.json,234567890123,AWS_ACCOUNT_ID,1536,1548,"GDPR_Art5_1b, DPDPA_S8"
tenant-b_log_00.json,234567890123,AWS_ACCOUNT_ID,2398,2410,"GDPR_Art5_1b, DPDPA_S8"
tenant-b_log_00.json,234567890123,AWS_ACCOUNT_ID,2562,2574,"GDPR_Art5_1b, DPDPA_S8"
tenant-b_log_00.json,234567890123,AWS_ACCOUNT_ID,2815,2827,"GDPR_Art5_1b, DPDPA_S8"
tenant-b_log_00.json,234567890123,AWS_ACCOUNT_ID,3678,3690,"GDPR_Art5_1b, DPDPA_S8"
tenant-b_log_00.json,234567890123,AWS_ACCOUNT_ID,3842,3854,"GDPR_Art5_1b, DPDPA_S8"
tenant-b_log_00.json,234567890123,AWS_ACCOUNT_ID,4094,4106,"GDPR_Art5_1b, DPDPA_S8"
tenant-b_log_00.json,234567890123,AWS_ACCOUNT_ID,4965,4977,"GDPR_Art5_1b, DPDPA_S8"
tenant-b_log_00.json,234567890123,AWS_ACCOUNT_ID,5129,5141,"GDPR_Art5_1b, DPDPA_S8"
tenant-b_log_00.json,234567890123,AWS_ACCOUNT_ID,5382,5394,"GDPR_Art5_1b, DPDPA_S8"
tenant-b_log_00.json,234567890123,AWS_ACCOUNT_ID,6244,6256,"GDPR_Art5_1b, DPDPA_S8"
tenant-b_log_00.json,234567890123,AWS_ACCOUNT_ID,6408,6420,"GDPR_Art5_1b, DPDPA_S8"
tenant-b_log_00.json,234567890123,AWS_ACCOUNT_ID,6660,6672,"GDPR_Art5_1b, DPDPA_S8"
tenant-b_log_00.json,234567890123,AWS_ACCOUNT_ID,7525,7537,"GDPR_Art5_1b, DPDPA_S8"
tenant-b_log_00.json,234567890123,AWS_ACCOUNT_ID,7689,7701,"GDPR_Art5_1b, DPDPA_S8"
tenant-b_log_00.json,234567890123,AWS_ACCOUNT_ID,7941,7953,"GDPR_Art5_1b, DPDPA_S8"
tenant-b_log_00.json,234567890123,AWS_ACCOUNT_ID,8802,8814,"GDPR_Art5_1b, DPDPA_S8"
tenant-b_log_00.json,234567890123,AWS_ACCOUNT_ID,8966,8978,"GDPR_Art5_1b, DPDPA_S8"
tenant-b_log_00.json,234567890123,AWS_ACCOUNT_ID,9218,9230,"GDPR_Art5_1b, DPDPA_S8"
tenant-b_log_00.json,234567890123,AWS_ACCOUNT_ID,10085,10097,"GDPR_Art5_1b, DPDPA_S8"
tenant-b_log_00.json,234567890123,AWS_ACCOUNT_ID,10249,10261,"GDPR_Art5_1b, DPDPA_S8"
tenant-b_log_00.json,234567890123,AWS_ACCOUNT_ID,10501,10513,"GDPR_Art5_1b, DPDPA_S8"
tenant-b_log_00.json,234567890123,AWS_ACCOUNT_ID,11362,11374,"GDPR_Art5_1b, DPDPA_S8"
tenant-b_log_00.json,234567890123,AWS_ACCOUNT_ID,11526,11538,"GDPR_Art5_1b, DPDPA_S8"
tenant-b_log_00.json,234567890123,AWS_ACCOUNT_ID,11778,11790,"GDPR_Art5_1b, DPDPA_S8"
tenant-b_log_00.json,234567890123,AWS_ACCOUNT_ID,12648,12660,"GDPR_Art5_1b, DPDPA_S8"
tenant-b_log_00.json,234567890123,AWS_ACCOUNT_ID,12812,12824,"GDPR_Art5_1b, DPDPA_S8"
tenant-b_log_00.json,234567890123,AWS_ACCOUNT_ID,13065,13077,"GDPR_Art5_1b, DPDPA_S8"
tenant-b_log_00.json,234567890123,AWS_ACCOUNT_ID,13936,13948,"GDPR_Art5_1b, DPDPA_S8"
tenant-b_log_00.json,234567890123,AWS_ACCOUNT_ID,14100,14112,"GDPR_Art5_1b, DPDPA_S8"
tenant-b_log_00.json,234567890123,AWS_ACCOUNT_ID,14352,14364,"GDPR_Art5_1b, DPDPA_S8"
tenant-b_log_00.json,234567890123,AWS_ACCOUNT_ID,15222,15234,"GDPR_Art5_1b, DPDPA_S8"
tenant-b_log_00.json,234567890123,AWS_ACCOUNT_ID,15386,15398,"GDPR_Art5_1b, DPDPA_S8"
tenant-b_log_00.json,234567890123,AWS_ACCOUNT_ID,15638,15650,"GDPR_Art5_1b, DPDPA_S8"
tenant-b_log_00.json,234567890123,AWS_ACCOUNT_ID,16496,16508,"GDPR_Art5_1b, DPDPA_S8"
tenant-b_log_00.json,234567890123,AWS_ACCOUNT_ID,16660,16672,"GDPR_Art5_1b, DPDPA_S8"
tenant-b_log_00.json,234567890123,AWS_ACCOUNT_ID,16912,16924,"GDPR_Art5_1b, DPDPA_S8"
tenant-b_log_00.json,234567890123,AWS_ACCOUNT_ID,17783,17795,"GDPR_Art5_1b, DPDPA_S8"
tenant-b_log_00.json,234567890123,AWS_ACCOUNT_ID,17947,17959,"GDPR_Art5_1b, DPDPA_S8"
tenant-b_log_00.json,234567890123,AWS_ACCOUNT_ID,18200,18212,"GDPR_Art5_1b, DPDPA_S8"
tenant-b_log_00.json,234567890123,AWS_ACCOUNT_ID,19077,19089,"GDPR_Art5_1b, DPDPA_S8"
tenant-b_log_00.json,234567890123,AWS_ACCOUNT_ID,19241,19253,"GDPR_Art5_1b, DPDPA_S8"
tenant-b_log_00.json,234567890123,AWS_ACCOUNT_ID,19494,19506,"GDPR_Art5_1b, DPDPA_S8"
tenant-b_log_00.json,234567890123,AWS_ACCOUNT_ID,20352,20364,"GDPR_Art5_1b, DPDPA_S8"
tenant-b_log_00.json,234567890123,AWS_ACCOUNT_ID,20516,20528,"GDPR_Art5_1b, DPDPA_S8"
tenant-b_log_00.json,234567890123,AWS_ACCOUNT_ID,20768,20780,"GDPR_Art5_1b, DPDPA_S8"
tenant-b_log_00.json,234567890123,AWS_ACCOUNT_ID,21640,21652,"GDPR_Art5_1b, DPDPA_S8"
tenant-b_log_00.json,234567890123,AWS_ACCOUNT_ID,21804,21816,"GDPR_Art5_1b, DPDPA_S8"
tenant-b_log_00.json,234567890123,AWS_ACCOUNT_ID,22056,22068,"GDPR_Art5_1b, DPDPA_S8"
tenant-b_log_00.json,234567890123,AWS_ACCOUNT_ID,22928,22940,"GDPR_Art5_1b, DPDPA_S8"
tenant-b_log_00.json,234567890123,AWS_ACCOUNT_ID,23092,23104,"GDPR_Art5_1b, DPDPA_S8"
tenant-b_log_00.json,234567890123,AWS_ACCOUNT_ID,23345,23357,"GDPR_Art5_1b, DPDPA_S8"
tenant-b_log_00.json,234567890123,AWS_ACCOUNT_ID,24214,24226,"GDPR_Art5_1b, DPDPA_S8"
tenant-b_log_00.json,234567890123,AWS_ACCOUNT_ID,24378,24390,"GDPR_Art5_1b, DPDPA_S8"
tenant-b_log_00.json,234567890123,AWS_ACCOUNT_ID,24630,24642,"GDPR_Art5_1b, DPDPA_S8"
tenant-b_log_00.json,234567890123,AWS_ACCOUNT_ID,25487,25499,"GDPR_Art5_1b, DPDPA_S8"
tenant-b_log_00.json,234567890123,AWS_ACCOUNT_ID,25651,25663,"GDPR_Art5_1b, DPDPA_S8"
tenant-b_log_00.json,234567890123,AWS_ACCOUNT_ID,25904,25916,"GDPR_Art5_1b, DPDPA_S8"
tenant-b_log_00.json,234567890123,AWS_ACCOUNT_ID,26763,26775,"GDPR_Art5_1b, DPDPA_S8"
tenant-b_log_00.json,234567890123,AWS_ACCOUNT_ID,26927,26939,"GDPR_Art5_1b, DPDPA_S8"
tenant-b_log_00.json,234567890123,AWS_ACCOUNT_ID,27179,27191,"GDPR_Art5_1b, DPDPA_S8"
tenant-b_log_00.json,234567890123,AWS_ACCOUNT_ID,28037,28049,"GDPR_Art5_1b, DPDPA_S8"
tenant-b_log_00.json,234567890123,AWS_ACCOUNT_ID,28201,28213,"GDPR_Art5_1b, DPDPA_S8"
tenant-b_log_00.json,234567890123,AWS_ACCOUNT_ID,28453,28465,"GDPR_Art5_1b, DPDPA_S8"
tenant-b_log_00.json,234567890123,AWS_ACCOUNT_ID,29319,29331,"GDPR_Art5_1b, DPDPA_S8"
tenant-b_log_00.json,234567890123,AWS_ACCOUNT_ID,29483,29495,"GDPR_Art5_1b, DPDPA_S8"
tenant-b_log_00.json,234567890123,AWS_ACCOUNT_ID,29735,29747,"GDPR_Art5_1b, DPDPA_S8"
tenant-b_log_00.json,234567890123,AWS_ACCOUNT_ID,30595,30607,"GDPR_Art5_1b, DPDPA_S8"
tenant-b_log_00.json,234567890123,AWS_ACCOUNT_ID,30759,30771,"GDPR_Art5_1b, DPDPA_S8"
tenant-b_log_00.json,234567890123,AWS_ACCOUNT_ID,31011,31023,"GDPR_Art5_1b, DPDPA_S8"
tenant-b_log_00.json,234567890123,AWS_ACCOUNT_ID,31873,31885,"GDPR_Art5_1b, DPDPA_S8"
tenant-b_log_00.json,234567890123,AWS_ACCOUNT_ID,32037,32049,"GDPR_Art5_1b, DPDPA_S8"
tenant-b_log_00.json,234567890123,AWS_ACCOUNT_ID,32289,32301,"GDPR_Art5_1b, DPDPA_S8"
tenant-b_log_00.json,234567890123,AWS_ACCOUNT_ID,33151,33163,"GDPR_Art5_1b, DPDPA_S8"
tenant-b_log_00.json,234567890123,AWS_ACCOUNT_ID,33315,33327,"GDPR_Art5_1b, DPDPA_S8"
tenant-b_log_00.json,234567890123,AWS_ACCOUNT_ID,33567,33579,"GDPR_Art5_1b, DPDPA_S8"
tenant-b_log_00.json,234567890123,AWS_ACCOUNT_ID,34441,34453,"GDPR_Art5_1b, DPDPA_S8"
tenant-b_log_00.json,234567890123,AWS_ACCOUNT_ID,34605,34617,"GDPR_Art5_1b, DPDPA_S8"
tenant-b_log_00.json,234567890123,AWS_ACCOUNT_ID,34858,34870,"GDPR_Art5_1b, DPDPA_S8"
tenant-b_log_00.json,234567890123,AWS_ACCOUNT_ID,35721,35733,"GDPR_Art5_1b, DPDPA_S8"
tenant-b_log_00.json,234567890123,AWS_ACCOUNT_ID,35885,35897,"GDPR_Art5_1b, DPDPA_S8"
tenant-b_log_00.json,234567890123,AWS_ACCOUNT_ID,36137,36149,"GDPR_Art5_1b, DPDPA_S8"
tenant-b_log_00.json,234567890123,AWS_ACCOUNT_ID,36999,37011,"GDPR_Art5_1b, DPDPA_S8"
tenant-b_log_00.json,234567890123,AWS_ACCOUNT_ID,37163,37175,"GDPR_Art5_1b, DPDPA_S8"
tenant-b_log_00.json,234567890123,AWS_ACCOUNT_ID,37415,37427,"GDPR_Art5_1b, DPDPA_S8"
tenant-b_log_00.json,234567890123,AWS_ACCOUNT_ID,38288,38300,"GDPR_Art5_1b, DPDPA_S8"
tenant-b_log_00.json,234567890123,AWS_ACCOUNT_ID,38452,38464,"GDPR_Art5_1b, DPDPA_S8"
tenant-b_log_00.json,234567890123,AWS_ACCOUNT_ID,38704,38716,"GDPR_Art5_1b, DPDPA_S8"
tenant-b_log_00.json,234567890123,AWS_ACCOUNT_ID,39577,39589,"GDPR_Art5_1b, DPDPA_S8"
tenant-b_log_00.json,234567890123,AWS_ACCOUNT_ID,39741,39753,"GDPR_Art5_1b, DPDPA_S8"
tenant-b_log_00.json,234567890123,AWS_ACCOUNT_ID,39993,40005,"GDPR_Art5_1b, DPDPA_S8"
tenant-b_log_00.json,234567890123,AWS_ACCOUNT_ID,40862,40874,"GDPR_Art5_1b, DPDPA_S8"
tenant-b_log_00.json,234567890123,AWS_ACCOUNT_ID,41026,41038,"GDPR_Art5_1b, DPDPA_S8"
tenant-b_log_00.json,234567890123,AWS_ACCOUNT_ID,41278,41290,"GDPR_Art5_1b, DPDPA_S8"
tenant-b_log_00.json,234567890123,AWS_ACCOUNT_ID,42147,42159,"GDPR_Art5_1b, DPDPA_S8"
tenant-b_log_00.json,234567890123,AWS_ACCOUNT_ID,42311,42323,"GDPR_Art5_1b, DPDPA_S8"
tenant-b_log_00.json,234567890123,AWS_ACCOUNT_ID,42563,42575,"GDPR_Art5_1b, DPDPA_S8"
tenant-b_log_00.json,234567890123,AWS_ACCOUNT_ID,43427,43439,"GDPR_Art5_1b, DPDPA_S8"
tenant-b_log_00.json,234567890123,AWS_ACCOUNT_ID,43591,43603,"GDPR_Art5_1b, DPDPA_S8"
tenant-b_log_00.json,234567890123,AWS_ACCOUNT_ID,43843,43855,"GDPR_Art5_1b, DPDPA_S8"
tenant-b_log_00.json,234567890123,AWS_ACCOUNT_ID,44714,44726,"GDPR_Art5_1b, DPDPA_S8"
tenant-b_log_00.json,234567890123,AWS_ACCOUNT_ID,44878,44890,"GDPR_Art5_1b, DPDPA_S8"
tenant-b_log_00.json,234567890123,AWS_ACCOUNT_ID,45131,45143,"GDPR_Art5_1b, DPDPA_S8"
tenant-b_log_00.json,234567890123,AWS_ACCOUNT_ID,46005,46017,"GDPR_Art5_1b, DPDPA_S8"
tenant-b_log_00.json,234567890123,AWS_ACCOUNT_ID,46169,46181,"GDPR_Art5_1b, DPDPA_S8"
tenant-b_log_00.json,234567890123,AWS_ACCOUNT_ID,46422,46434,"GDPR_Art5_1b, DPDPA_S8"
tenant-b_log_00.json,234567890123,AWS_ACCOUNT_ID,47291,47303,"GDPR_Art5_1b, DPDPA_S8"
tenant-b_log_00.json,234567890123,AWS_ACCOUNT_ID,47455,47467,"GDPR_Art5_1b, DPDPA_S8"
tenant-b_log_00.json,234567890123,AWS_ACCOUNT_ID,47708,47720,"GDPR_Art5_1b, DPDPA_S8"
tenant-b_log_00.json,234567890123,AWS_ACCOUNT_ID,48567,48579,"GDPR_Art5_1b, DPDPA_S8"
tenant-b_log_00.json,234567890123,AWS_ACCOUNT_ID,48731,48743,"GDPR_Art5_1b, DPDPA_S8"
tenant-b_log_00.json,234567890123,AWS_ACCOUNT_ID,48984,48996,"GDPR_Art5_1b, DPDPA_S8"
tenant-b_log_00.json,234567890123,AWS_ACCOUNT_ID,49858,49870,"GDPR_Art5_1b, DPDPA_S8"
tenant-b_log_00.json,234567890123,AWS_ACCOUNT_ID,50022,50034,"GDPR_Art5_1b, DPDPA_S8"
tenant-b_log_00.json,234567890123,AWS_ACCOUNT_ID,50275,50287,"GDPR_Art5_1b, DPDPA_S8"
tenant-b_log_00.json,234567890123,AWS_ACCOUNT_ID,51141,51153,"GDPR_Art5_1b, DPDPA_S8"
tenant-b_log_00.json,234567890123,AWS_ACCOUNT_ID,51305,51317,"GDPR_Art5_1b, DPDPA_S8"
tenant-b_log_01.json,frank.nair,PERSON,285,295,"GDPR_Art5_1a, DPDPA_S8"
tenant-b_log_01.json,david.raj,PERSON,1572,1581,"GDPR_Art5_1a, DPDPA_S8"
tenant-b_log_01.json,frank.nair,PERSON,2858,2868,"GDPR_Art5_1a, DPDPA_S8"
tenant-b_log_01.json,david.raj,PERSON,4137,4146,"GDPR_Art5_1a, DPDPA_S8"
tenant-b_log_01.json,david.raj,PERSON,5420,5429,"GDPR_Art5_1a, DPDPA_S8"
tenant-b_log_01.json,frank.nair,PERSON,6694,6704,"GDPR_Art5_1a, DPDPA_S8"
tenant-b_log_01.json,eve.patel,PERSON,7981,7990,"GDPR_Art5_1a, DPDPA_S8"
tenant-b_log_01.json,frank.nair,PERSON,9268,9278,"GDPR_Art5_1a, DPDPA_S8"
tenant-b_log_01.json,david.raj,PERSON,10556,10565,"GDPR_Art5_1a, DPDPA_S8"
tenant-b_log_01.json,david.raj,PERSON,11835,11844,"GDPR_Art5_1a, DPDPA_S8"
tenant-b_log_01.json,frank.nair,PERSON,13114,13124,"GDPR_Art5_1a, DPDPA_S8"
tenant-b_log_01.json,frank.nair,PERSON,14400,14410,"GDPR_Art5_1a, DPDPA_S8"
tenant-b_log_01.json,frank.nair,PERSON,15688,15698,"GDPR_Art5_1a, DPDPA_S8"
tenant-b_log_01.json,eve.patel,PERSON,16964,16973,"GDPR_Art5_1a, DPDPA_S8"
tenant-b_log_01.json,david.raj,PERSON,18248,18257,"GDPR_Art5_1a, DPDPA_S8"
tenant-b_log_01.json,eve.patel,PERSON,19525,19534,"GDPR_Art5_1a, DPDPA_S8"
tenant-b_log_01.json,david.raj,PERSON,20801,20810,"GDPR_Art5_1a, DPDPA_S8"
tenant-b_log_01.json,frank.nair,PERSON,22076,22086,"GDPR_Art5_1a, DPDPA_S8"
tenant-b_log_01.json,eve.patel,PERSON,23353,23362,"GDPR_Art5_1a, DPDPA_S8"
tenant-b_log_01.json,david.raj,PERSON,24629,24638,"GDPR_Art5_1a, DPDPA_S8"
tenant-b_log_01.json,eve.patel,PERSON,25908,25917,"GDPR_Art5_1a, DPDPA_S8"
tenant-b_log_01.json,eve.patel,PERSON,27180,27189,"GDPR_Art5_1a, DPDPA_S8"
tenant-b_log_01.json,david.raj,PERSON,28452,28461,"GDPR_Art5_1a, DPDPA_S8"
tenant-b_log_01.json,david.raj,PERSON,29736,29745,"GDPR_Art5_1a, DPDPA_S8"
tenant-b_log_01.json,frank.nair,PERSON,31008,31018,"GDPR_Art5_1a, DPDPA_S8"
tenant-b_log_01.json,frank.nair,PERSON,32296,32306,"GDPR_Art5_1a, DPDPA_S8"
tenant-b_log_01.json,frank.nair,PERSON,33573,33583,"GDPR_Art5_1a, DPDPA_S8"
tenant-b_log_01.json,david.raj,PERSON,34851,34860,"GDPR_Art5_1a, DPDPA_S8"
tenant-b_log_01.json,david.raj,PERSON,36134,36143,"GDPR_Art5_1a, DPDPA_S8"
tenant-b_log_01.json,eve.patel,PERSON,37412,37421,"GDPR_Art5_1a, DPDPA_S8"
tenant-b_log_01.json,frank.nair,PERSON,38702,38712,"GDPR_Art5_1a, DPDPA_S8"
tenant-b_log_01.json,frank.nair,PERSON,39981,39991,"GDPR_Art5_1a, DPDPA_S8"
tenant-b_log_01.json,david.raj,PERSON,41269,41278,"GDPR_Art5_1a, DPDPA_S8"
tenant-b_log_01.json,eve.patel,PERSON,42546,42555,"GDPR_Art5_1a, DPDPA_S8"
tenant-b_log_01.json,frank.nair,PERSON,43838,43848,"GDPR_Art5_1a, DPDPA_S8"
tenant-b_log_01.json,frank.nair,PERSON,45126,45136,"GDPR_Art5_1a, DPDPA_S8"
tenant-b_log_01.json,frank.nair,PERSON,46405,46415,"GDPR_Art5_1a, DPDPA_S8"
tenant-b_log_01.json,frank.nair,PERSON,47695,47705,"GDPR_Art5_1a, DPDPA_S8"
tenant-b_log_01.json,frank.nair,PERSON,48974,48984,"GDPR_Art5_1a, DPDPA_S8"
tenant-b_log_01.json,eve.patel,PERSON,50262,50271,"GDPR_Art5_1a, DPDPA_S8"
tenant-b_log_01.json,74.122.155.238,IP_ADDRESS,680,694,"GDPR_Art5_1b, DPDPA_S8"
tenant-b_log_01.json,75.10.34.84,IP_ADDRESS,1966,1977,"GDPR_Art5_1b, DPDPA_S8"
tenant-b_log_01.json,108.206.242.31,IP_ADDRESS,3253,3267,"GDPR_Art5_1b, DPDPA_S8"
tenant-b_log_01.json,48.98.63.105,IP_ADDRESS,4531,4543,"GDPR_Art5_1b, DPDPA_S8"
tenant-b_log_01.json,54.55.17.156,IP_ADDRESS,5814,5826,"GDPR_Art5_1b, DPDPA_S8"
tenant-b_log_01.json,16.253.239.168,IP_ADDRESS,7089,7103,"GDPR_Art5_1b, DPDPA_S8"
tenant-b_log_01.json,162.199.40.167,IP_ADDRESS,8375,8389,"GDPR_Art5_1b, DPDPA_S8"
tenant-b_log_01.json,94.35.1.34,IP_ADDRESS,9663,9673,"GDPR_Art5_1b, DPDPA_S8"
tenant-b_log_01.json,200.200.80.56,IP_ADDRESS,10950,10963,"GDPR_Art5_1b, DPDPA_S8"
tenant-b_log_01.json,158.73.20.160,IP_ADDRESS,12229,12242,"GDPR_Art5_1b, DPDPA_S8"
tenant-b_log_01.json,90.197.214.118,IP_ADDRESS,13509,13523,"GDPR_Art5_1b, DPDPA_S8"
tenant-b_log_01.json,25.160.238.114,IP_ADDRESS,14795,14809,"GDPR_Art5_1b, DPDPA_S8"
tenant-b_log_01.json,54.193.242.243,IP_ADDRESS,16083,16097,"GDPR_Art5_1b, DPDPA_S8"
tenant-b_log_01.json,137.15.86.149,IP_ADDRESS,17358,17371,"GDPR_Art5_1b, DPDPA_S8"
tenant-b_log_01.json,180.205.33.98,IP_ADDRESS,18642,18655,"GDPR_Art5_1b, DPDPA_S8"
tenant-b_log_01.json,158.185.175.245,IP_ADDRESS,19919,19934,"GDPR_Art5_1b, DPDPA_S8"
tenant-b_log_01.json,172.174.239.79,IP_ADDRESS,21195,21209,"GDPR_Art5_1b, DPDPA_S8"
tenant-b_log_01.json,7.156.211.62,IP_ADDRESS,22471,22483,"GDPR_Art5_1b, DPDPA_S8"
tenant-b_log_01.json,79.155.122.200,IP_ADDRESS,23747,23761,"GDPR_Art5_1b, DPDPA_S8"
tenant-b_log_01.json,128.162.58.136,IP_ADDRESS,25023,25037,"GDPR_Art5_1b, DPDPA_S8"
tenant-b_log_01.json,9.153.85.130,IP_ADDRESS,26302,26314,"GDPR_Art5_1b, DPDPA_S8"
tenant-b_log_01.json,61.70.43.90,IP_ADDRESS,27574,27585,"GDPR_Art5_1b, DPDPA_S8"
tenant-b_log_01.json,208.252.138.96,IP_ADDRESS,28846,28860,"GDPR_Art5_1b, DPDPA_S8"
tenant-b_log_01.json,41.73.52.206,IP_ADDRESS,30130,30142,"GDPR_Art5_1b, DPDPA_S8"
tenant-b_log_01.json,102.217.83.104,IP_ADDRESS,31403,31417,"GDPR_Art5_1b, DPDPA_S8"
tenant-b_log_01.json,140.242.254.17,IP_ADDRESS,32692,32706,"GDPR_Art5_1b, DPDPA_S8"
tenant-b_log_01.json,144.152.222.237,IP_ADDRESS,33969,33984,"GDPR_Art5_1b, DPDPA_S8"
tenant-b_log_01.json,42.49.190.39,IP_ADDRESS,35246,35258,"GDPR_Art5_1b, DPDPA_S8"
tenant-b_log_01.json,109.5.45.24,IP_ADDRESS,36529,36540,"GDPR_Art5_1b, DPDPA_S8"
tenant-b_log_01.json,61.239.55.13,IP_ADDRESS,37807,37819,"GDPR_Art5_1b, DPDPA_S8"
tenant-b_log_01.json,25.140.2.90,IP_ADDRESS,39098,39109,"GDPR_Art5_1b, DPDPA_S8"
tenant-b_log_01.json,215.31.175.183,IP_ADDRESS,40377,40391,"GDPR_Art5_1b, DPDPA_S8"
tenant-b_log_01.json,129.140.27.127,IP_ADDRESS,41664,41678,"GDPR_Art5_1b, DPDPA_S8"
tenant-b_log_01.json,202.130.148.105,IP_ADDRESS,42941,42956,"GDPR_Art5_1b, DPDPA_S8"
tenant-b_log_01.json,195.132.189.180,IP_ADDRESS,44234,44249,"GDPR_Art5_1b, DPDPA_S8"
tenant-b_log_01.json,207.179.214.74,IP_ADDRESS,45522,45536,"GDPR_Art5_1b, DPDPA_S8"
tenant-b_log_01.json,137.37.246.45,IP_ADDRESS,46801,46814,"GDPR_Art5_1b, DPDPA_S8"
tenant-b_log_01.json,134.10.156.44,IP_ADDRESS,48091,48104,"GDPR_Art5_1b, DPDPA_S8"
tenant-b_log_01.json,94.243.232.50,IP_ADDRESS,49370,49383,"GDPR_Art5_1b, DPDPA_S8"
tenant-b_log_01.json,192.133.134.129,IP_ADDRESS,50657,50672,"GDPR_Art5_1b, DPDPA_S8"
tenant-b_log_01.json,arn:aws:iam::234567890123:user/frank.nair,AWS_ARN,183,224,"GDPR_Art5_1b, DPDPA_S8"
tenant-b_log_01.json,arn:aws:s3:::tenant-b-finance,AWS_ARN,1064,1093,"GDPR_Art5_1b, DPDPA_S8"
tenant-b_log_01.json,arn:aws:iam::234567890123:user/david.raj,AWS_ARN,1471,1511,"GDPR_Art5_1b, DPDPA_S8"
tenant-b_log_01.json,arn:aws:s3:::tenant-b-finance,AWS_ARN,2349,2378,"GDPR_Art5_1b, DPDPA_S8"
tenant-b_log_01.json,arn:aws:iam::234567890123:user/frank.nair,AWS_ARN,2756,2797,"GDPR_Art5_1b, DPDPA_S8"
tenant-b_log_01.json,arn:aws:s3:::tenant-b-hr,AWS_ARN,3634,3658,"GDPR_Art5_1b, DPDPA_S8"
tenant-b_log_01.json,arn:aws:iam::234567890123:user/david.raj,AWS_ARN,4036,4076,"GDPR_Art5_1b, DPDPA_S8"
tenant-b_log_01.json,arn:aws:s3:::tenant-b-finance,AWS_ARN,4912,4941,"GDPR_Art5_1b, DPDPA_S8"
tenant-b_log_01.json,arn:aws:iam::234567890123:user/david.raj,AWS_ARN,5319,5359,"GDPR_Art5_1b, DPDPA_S8"
tenant-b_log_01.json,arn:aws:s3:::tenant-b-hr,AWS_ARN,6190,6214,"GDPR_Art5_1b, DPDPA_S8"
tenant-b_log_01.json,arn:aws:iam::234567890123:user/frank.nair,AWS_ARN,6592,6633,"GDPR_Art5_1b, DPDPA_S8"
tenant-b_log_01.json,arn:aws:s3:::tenant-b-finance,AWS_ARN,7473,7502,"GDPR_Art5_1b, DPDPA_S8"
tenant-b_log_01.json,arn:aws:iam::234567890123:user/eve.patel,AWS_ARN,7880,7920,"GDPR_Art5_1b, DPDPA_S8"
tenant-b_log_01.json,arn:aws:s3:::tenant-b-finance,AWS_ARN,8759,8788,"GDPR_Art5_1b, DPDPA_S8"
tenant-b_log_01.json,arn:aws:iam::234567890123:user/frank.nair,AWS_ARN,9166,9207,"GDPR_Art5_1b, DPDPA_S8"
tenant-b_log_01.json,arn:aws:s3:::tenant-b-finance,AWS_ARN,10048,10077,"GDPR_Art5_1b, DPDPA_S8"
tenant-b_log_01.json,arn:aws:iam::234567890123:user/david.raj,AWS_ARN,10455,10495,"GDPR_Art5_1b, DPDPA_S8"
tenant-b_log_01.json,arn:aws:s3:::tenant-b-hr,AWS_ARN,11332,11356,"GDPR_Art5_1b, DPDPA_S8"
tenant-b_log_01.json,arn:aws:iam::234567890123:user/david.raj,AWS_ARN,11734,11774,"GDPR_Art5_1b, DPDPA_S8"
tenant-b_log_01.json,arn:aws:s3:::tenant-b-hr,AWS_ARN,12610,12634,"GDPR_Art5_1b, DPDPA_S8"
tenant-b_log_01.json,arn:aws:iam::234567890123:user/frank.nair,AWS_ARN,13012,13053,"GDPR_Art5_1b, DPDPA_S8"
tenant-b_log_01.json,arn:aws:s3:::tenant-b-finance,AWS_ARN,13891,13920,"GDPR_Art5_1b, DPDPA_S8"
tenant-b_log_01.json,arn:aws:iam::234567890123:user/frank.nair,AWS_ARN,14298,14339,"GDPR_Art5_1b, DPDPA_S8"
tenant-b_log_01.json,arn:aws:s3:::tenant-b-finance,AWS_ARN,15179,15208,"GDPR_Art5_1b, DPDPA_S8"
tenant-b_log_01.json,arn:aws:iam::234567890123:user/frank.nair,AWS_ARN,15586,15627,"GDPR_Art5_1b, DPDPA_S8"
tenant-b_log_01.json,arn:aws:s3:::tenant-b-hr,AWS_ARN,16461,16485,"GDPR_Art5_1b, DPDPA_S8"
tenant-b_log_01.json,arn:aws:iam::234567890123:user/eve.patel,AWS_ARN,16863,16903,"GDPR_Art5_1b, DPDPA_S8"
tenant-b_log_01.json,arn:aws:s3:::tenant-b-finance,AWS_ARN,17740,17769,"GDPR_Art5_1b, DPDPA_S8"
tenant-b_log_01.json,arn:aws:iam::234567890123:user/david.raj,AWS_ARN,18147,18187,"GDPR_Art5_1b, DPDPA_S8"
tenant-b_log_01.json,arn:aws:s3:::tenant-b-hr,AWS_ARN,19022,19046,"GDPR_Art5_1b, DPDPA_S8"
tenant-b_log_01.json,arn:aws:iam::234567890123:user/eve.patel,AWS_ARN,19424,19464,"GDPR_Art5_1b, DPDPA_S8"
tenant-b_log_01.json,arn:aws:s3:::tenant-b-hr,AWS_ARN,20298,20322,"GDPR_Art5_1b, DPDPA_S8"
tenant-b_log_01.json,arn:aws:iam::234567890123:user/david.raj,AWS_ARN,20700,20740,"GDPR_Art5_1b, DPDPA_S8"
tenant-b_log_01.json,arn:aws:s3:::tenant-b-hr,AWS_ARN,21572,21596,"GDPR_Art5_1b, DPDPA_S8"
tenant-b_log_01.json,arn:aws:iam::234567890123:user/frank.nair,AWS_ARN,21974,22015,"GDPR_Art5_1b, DPDPA_S8"
tenant-b_log_01.json,arn:aws:s3:::tenant-b-hr,AWS_ARN,22850,22874,"GDPR_Art5_1b, DPDPA_S8"
tenant-b_log_01.json,arn:aws:iam::234567890123:user/eve.patel,AWS_ARN,23252,23292,"GDPR_Art5_1b, DPDPA_S8"
tenant-b_log_01.json,arn:aws:s3:::tenant-b-hr,AWS_ARN,24126,24150,"GDPR_Art5_1b, DPDPA_S8"
tenant-b_log_01.json,arn:aws:iam::234567890123:user/david.raj,AWS_ARN,24528,24568,"GDPR_Art5_1b, DPDPA_S8"
tenant-b_log_01.json,arn:aws:s3:::tenant-b-hr,AWS_ARN,25405,25429,"GDPR_Art5_1b, DPDPA_S8"
tenant-b_log_01.json,arn:aws:iam::234567890123:user/eve.patel,AWS_ARN,25807,25847,"GDPR_Art5_1b, DPDPA_S8"
tenant-b_log_01.json,arn:aws:s3:::tenant-b-hr,AWS_ARN,26677,26701,"GDPR_Art5_1b, DPDPA_S8"
tenant-b_log_01.json,arn:aws:iam::234567890123:user/eve.patel,AWS_ARN,27079,27119,"GDPR_Art5_1b, DPDPA_S8"
tenant-b_log_01.json,arn:aws:s3:::tenant-b-hr,AWS_ARN,27949,27973,"GDPR_Art5_1b, DPDPA_S8"
tenant-b_log_01.json,arn:aws:iam::234567890123:user/david.raj,AWS_ARN,28351,28391,"GDPR_Art5_1b, DPDPA_S8"
tenant-b_log_01.json,arn:aws:s3:::tenant-b-finance,AWS_ARN,29228,29257,"GDPR_Art5_1b, DPDPA_S8"
tenant-b_log_01.json,arn:aws:iam::234567890123:user/david.raj,AWS_ARN,29635,29675,"GDPR_Art5_1b, DPDPA_S8"
tenant-b_log_01.json,arn:aws:s3:::tenant-b-hr,AWS_ARN,30504,30528,"GDPR_Art5_1b, DPDPA_S8"
tenant-b_log_01.json,arn:aws:iam::234567890123:user/frank.nair,AWS_ARN,30906,30947,"GDPR_Art5_1b, DPDPA_S8"
tenant-b_log_01.json,arn:aws:s3:::tenant-b-finance,AWS_ARN,31787,31816,"GDPR_Art5_1b, DPDPA_S8"
tenant-b_log_01.json,arn:aws:iam::234567890123:user/frank.nair,AWS_ARN,32194,32235,"GDPR_Art5_1b, DPDPA_S8"
tenant-b_log_01.json,arn:aws:s3:::tenant-b-hr,AWS_ARN,33069,33093,"GDPR_Art5_1b, DPDPA_S8"
tenant-b_log_01.json,arn:aws:iam::234567890123:user/frank.nair,AWS_ARN,33471,33512,"GDPR_Art5_1b, DPDPA_S8"
tenant-b_log_01.json,arn:aws:s3:::tenant-b-hr,AWS_ARN,34348,34372,"GDPR_Art5_1b, DPDPA_S8"
tenant-b_log_01.json,arn:aws:iam::234567890123:user/david.raj,AWS_ARN,34750,34790,"GDPR_Art5_1b, DPDPA_S8"
tenant-b_log_01.json,arn:aws:s3:::tenant-b-finance,AWS_ARN,35626,35655,"GDPR_Art5_1b, DPDPA_S8"
tenant-b_log_01.json,arn:aws:iam::234567890123:user/david.raj,AWS_ARN,36033,36073,"GDPR_Art5_1b, DPDPA_S8"
tenant-b_log_01.json,arn:aws:s3:::tenant-b-hr,AWS_ARN,36909,36933,"GDPR_Art5_1b, DPDPA_S8"
tenant-b_log_01.json,arn:aws:iam::234567890123:user/eve.patel,AWS_ARN,37311,37351,"GDPR_Art5_1b, DPDPA_S8"
tenant-b_log_01.json,arn:aws:s3:::tenant-b-finance,AWS_ARN,38193,38222,"GDPR_Art5_1b, DPDPA_S8"
tenant-b_log_01.json,arn:aws:iam::234567890123:user/frank.nair,AWS_ARN,38600,38641,"GDPR_Art5_1b, DPDPA_S8"
tenant-b_log_01.json,arn:aws:s3:::tenant-b-hr,AWS_ARN,39477,39501,"GDPR_Art5_1b, DPDPA_S8"
tenant-b_log_01.json,arn:aws:iam::234567890123:user/frank.nair,AWS_ARN,39879,39920,"GDPR_Art5_1b, DPDPA_S8"
tenant-b_log_01.json,arn:aws:s3:::tenant-b-finance,AWS_ARN,40761,40790,"GDPR_Art5_1b, DPDPA_S8"
tenant-b_log_01.json,arn:aws:iam::234567890123:user/david.raj,AWS_ARN,41168,41208,"GDPR_Art5_1b, DPDPA_S8"
tenant-b_log_01.json,arn:aws:s3:::tenant-b-hr,AWS_ARN,42043,42067,"GDPR_Art5_1b, DPDPA_S8"
tenant-b_log_01.json,arn:aws:iam::234567890123:user/eve.patel,AWS_ARN,42445,42485,"GDPR_Art5_1b, DPDPA_S8"
tenant-b_log_01.json,arn:aws:s3:::tenant-b-finance,AWS_ARN,43329,43358,"GDPR_Art5_1b, DPDPA_S8"
tenant-b_log_01.json,arn:aws:iam::234567890123:user/frank.nair,AWS_ARN,43736,43777,"GDPR_Art5_1b, DPDPA_S8"
tenant-b_log_01.json,arn:aws:s3:::tenant-b-finance,AWS_ARN,44617,44646,"GDPR_Art5_1b, DPDPA_S8"
tenant-b_log_01.json,arn:aws:iam::234567890123:user/frank.nair,AWS_ARN,45024,45065,"GDPR_Art5_1b, DPDPA_S8"
tenant-b_log_01.json,arn:aws:s3:::tenant-b-hr,AWS_ARN,45901,45925,"GDPR_Art5_1b, DPDPA_S8"
tenant-b_log_01.json,arn:aws:iam::234567890123:user/frank.nair,AWS_ARN,46303,46344,"GDPR_Art5_1b, DPDPA_S8"
tenant-b_log_01.json,arn:aws:s3:::tenant-b-finance,AWS_ARN,47186,47215,"GDPR_Art5_1b, DPDPA_S8"
tenant-b_log_01.json,arn:aws:iam::234567890123:user/frank.nair,AWS_ARN,47593,47634,"GDPR_Art5_1b, DPDPA_S8"
tenant-b_log_01.json,arn:aws:s3:::tenant-b-hr,AWS_ARN,48470,48494,"GDPR_Art5_1b, DPDPA_S8"
tenant-b_log_01.json,arn:aws:iam::234567890123:user/frank.nair,AWS_ARN,48872,48913,"GDPR_Art5_1b, DPDPA_S8"
tenant-b_log_01.json,arn:aws:s3:::tenant-b-finance,AWS_ARN,49754,49783,"GDPR_Art5_1b, DPDPA_S8"
tenant-b_log_01.json,arn:aws:iam::234567890123:user/eve.patel,AWS_ARN,50161,50201,"GDPR_Art5_1b, DPDPA_S8"
tenant-b_log_01.json,arn:aws:s3:::tenant-b-hr,AWS_ARN,51037,51061,"GDPR_Art5_1b, DPDPA_S8"
tenant-b_log_01.json,234567890123,AWS_ACCOUNT_ID,249,261,"GDPR_Art5_1b, DPDPA_S8"
tenant-b_log_01.json,234567890123,AWS_ACCOUNT_ID,1120,1132,"GDPR_Art5_1b, DPDPA_S8"
tenant-b_log_01.json,234567890123,AWS_ACCOUNT_ID,1284,1296,"GDPR_Art5_1b, DPDPA_S8"
tenant-b_log_01.json,234567890123,AWS_ACCOUNT_ID,1536,1548,"GDPR_Art5_1b, DPDPA_S8"
tenant-b_log_01.json,234567890123,AWS_ACCOUNT_ID,2405,2417,"GDPR_Art5_1b, DPDPA_S8"
tenant-b_log_01.json,234567890123,AWS_ACCOUNT_ID,2569,2581,"GDPR_Art5_1b, DPDPA_S8"
tenant-b_log_01.json,234567890123,AWS_ACCOUNT_ID,2822,2834,"GDPR_Art5_1b, DPDPA_S8"
tenant-b_log_01.json,234567890123,AWS_ACCOUNT_ID,3685,3697,"GDPR_Art5_1b, DPDPA_S8"
tenant-b_log_01.json,234567890123,AWS_ACCOUNT_ID,3849,3861,"GDPR_Art5_1b, DPDPA_S8"
tenant-b_log_01.json,234567890123,AWS_ACCOUNT_ID,4101,4113,"GDPR_Art5_1b, DPDPA_S8"
tenant-b_log_01.json,234567890123,AWS_ACCOUNT_ID,4968,4980,"GDPR_Art5_1b, DPDPA_S8"
tenant-b_log_01.json,234567890123,AWS_ACCOUNT_ID,5132,5144,"GDPR_Art5_1b, DPDPA_S8"
tenant-b_log_01.json,234567890123,AWS_ACCOUNT_ID,5384,5396,"GDPR_Art5_1b, DPDPA_S8"
tenant-b_log_01.json,234567890123,AWS_ACCOUNT_ID,6241,6253,"GDPR_Art5_1b, DPDPA_S8"
tenant-b_log_01.json,234567890123,AWS_ACCOUNT_ID,6405,6417,"GDPR_Art5_1b, DPDPA_S8"
tenant-b_log_01.json,234567890123,AWS_ACCOUNT_ID,6658,6670,"GDPR_Art5_1b, DPDPA_S8"
tenant-b_log_01.json,234567890123,AWS_ACCOUNT_ID,7529,7541,"GDPR_Art5_1b, DPDPA_S8"
tenant-b_log_01.json,234567890123,AWS_ACCOUNT_ID,7693,7705,"GDPR_Art5_1b, DPDPA_S8"
tenant-b_log_01.json,234567890123,AWS_ACCOUNT_ID,7945,7957,"GDPR_Art5_1b, DPDPA_S8"
tenant-b_log_01.json,234567890123,AWS_ACCOUNT_ID,8815,8827,"GDPR_Art5_1b, DPDPA_S8"
tenant-b_log_01.json,234567890123,AWS_ACCOUNT_ID,8979,8991,"GDPR_Art5_1b, DPDPA_S8"
tenant-b_log_01.json,234567890123,AWS_ACCOUNT_ID,9232,9244,"GDPR_Art5_1b, DPDPA_S8"
tenant-b_log_01.json,234567890123,AWS_ACCOUNT_ID,10104,10116,"GDPR_Art5_1b, DPDPA_S8"
tenant-b_log_01.json,234567890123,AWS_ACCOUNT_ID,10268,10280,"GDPR_Art5_1b, DPDPA_S8"
tenant-b_log_01.json,234567890123,AWS_ACCOUNT_ID,10520,10532,"GDPR_Art5_1b, DPDPA_S8"
tenant-b_log_01.json,234567890123,AWS_ACCOUNT_ID,11383,11395,"GDPR_Art5_1b, DPDPA_S8"
tenant-b_log_01.json,234567890123,AWS_ACCOUNT_ID,11547,11559,"GDPR_Art5_1b, DPDPA_S8"
tenant-b_log_01.json,234567890123,AWS_ACCOUNT_ID,11799,11811,"GDPR_Art5_1b, DPDPA_S8"
tenant-b_log_01.json,234567890123,AWS_ACCOUNT_ID,12661,12673,"GDPR_Art5_1b, DPDPA_S8"
tenant-b_log_01.json,234567890123,AWS_ACCOUNT_ID,12825,12837,"GDPR_Art5_1b, DPDPA_S8"
tenant-b_log_01.json,234567890123,AWS_ACCOUNT_ID,13078,13090,"GDPR_Art5_1b, DPDPA_S8"
tenant-b_log_01.json,234567890123,AWS_ACCOUNT_ID,13947,13959,"GDPR_Art5_1b, DPDPA_S8"
tenant-b_log_01.json,234567890123,AWS_ACCOUNT_ID,14111,14123,"GDPR_Art5_1b, DPDPA_S8"
tenant-b_log_01.json,234567890123,AWS_ACCOUNT_ID,14364,14376,"GDPR_Art5_1b, DPDPA_S8"
tenant-b_log_01.json,234567890123,AWS_ACCOUNT_ID,15235,15247,"GDPR_Art5_1b, DPDPA_S8"
tenant-b_log_01.json,234567890123,AWS_ACCOUNT_ID,15399,15411,"GDPR_Art5_1b, DPDPA_S8"
tenant-b_log_01.json,234567890123,AWS_ACCOUNT_ID,15652,15664,"GDPR_Art5_1b, DPDPA_S8"
tenant-b_log_01.json,234567890123,AWS_ACCOUNT_ID,16512,16524,"GDPR_Art5_1b, DPDPA_S8"
tenant-b_log_01.json,234567890123,AWS_ACCOUNT_ID,16676,16688,"GDPR_Art5_1b, DPDPA_S8"
tenant-b_log_01.json,234567890123,AWS_ACCOUNT_ID,16928,16940,"GDPR_Art5_1b, DPDPA_S8"
tenant-b_log_01.json,234567890123,AWS_ACCOUNT_ID,17796,17808,"GDPR_Art5_1b, DPDPA_S8"
tenant-b_log_01.json,234567890123,AWS_ACCOUNT_ID,17960,17972,"GDPR_Art5_1b, DPDPA_S8"
tenant-b_log_01.json,234567890123,AWS_ACCOUNT_ID,18212,18224,"GDPR_Art5_1b, DPDPA_S8"
tenant-b_log_01.json,234567890123,AWS_ACCOUNT_ID,19073,19085,"GDPR_Art5_1b, DPDPA_S8"
tenant-b_log_01.json,234567890123,AWS_ACCOUNT_ID,19237,19249,"GDPR_Art5_1b, DPDPA_S8"
tenant-b_log_01.json,234567890123,AWS_ACCOUNT_ID,19489,19501,"GDPR_Art5_1b, DPDPA_S8"
tenant-b_log_01.json,234567890123,AWS_ACCOUNT_ID,20349,20361,"GDPR_Art5_1b, DPDPA_S8"
tenant-b_log_01.json,234567890123,AWS_ACCOUNT_ID,20513,20525,"GDPR_Art5_1b, DPDPA_S8"
tenant-b_log_01.json,234567890123,AWS_ACCOUNT_ID,20765,20777,"GDPR_Art5_1b, DPDPA_S8"
tenant-b_log_01.json,234567890123,AWS_ACCOUNT_ID,21623,21635,"GDPR_Art5_1b, DPDPA_S8"
tenant-b_log_01.json,234567890123,AWS_ACCOUNT_ID,21787,21799,"GDPR_Art5_1b, DPDPA_S8"
tenant-b_log_01.json,234567890123,AWS_ACCOUNT_ID,22040,22052,"GDPR_Art5_1b, DPDPA_S8"
tenant-b_log_01.json,234567890123,AWS_ACCOUNT_ID,22901,22913,"GDPR_Art5_1b, DPDPA_S8"
tenant-b_log_01.json,234567890123,AWS_ACCOUNT_ID,23065,23077,"GDPR_Art5_1b, DPDPA_S8"
tenant-b_log_01.json,234567890123,AWS_ACCOUNT_ID,23317,23329,"GDPR_Art5_1b, DPDPA_S8"
tenant-b_log_01.json,234567890123,AWS_ACCOUNT_ID,24177,24189,"GDPR_Art5_1b, DPDPA_S8"
tenant-b_log_01.json,234567890123,AWS_ACCOUNT_ID,24341,24353,"GDPR_Art5_1b, DPDPA_S8"
tenant-b_log_01.json,234567890123,AWS_ACCOUNT_ID,24593,24605,"GDPR_Art5_1b, DPDPA_S8"
tenant-b_log_01.json,234567890123,AWS_ACCOUNT_ID,25456,25468,"GDPR_Art5_1b, DPDPA_S8"
tenant-b_log_01.json,234567890123,AWS_ACCOUNT_ID,25620,25632,"GDPR_Art5_1b, DPDPA_S8"
tenant-b_log_01.json,234567890123,AWS_ACCOUNT_ID,25872,25884,"GDPR_Art5_1b, DPDPA_S8"
tenant-b_log_01.json,234567890123,AWS_ACCOUNT_ID,26728,26740,"GDPR_Art5_1b, DPDPA_S8"
tenant-b_log_01.json,234567890123,AWS_ACCOUNT_ID,26892,26904,"GDPR_Art5_1b, DPDPA_S8"
tenant-b_log_01.json,234567890123,AWS_ACCOUNT_ID,27144,27156,"GDPR_Art5_1b, DPDPA_S8"
tenant-b_log_01.json,234567890123,AWS_ACCOUNT_ID,28000,28012,"GDPR_Art5_1b, DPDPA_S8"
tenant-b_log_01.json,234567890123,AWS_ACCOUNT_ID,28164,28176,"GDPR_Art5_1b, DPDPA_S8"
tenant-b_log_01.json,234567890123,AWS_ACCOUNT_ID,28416,28428,"GDPR_Art5_1b, DPDPA_S8"
tenant-b_log_01.json,234567890123,AWS_ACCOUNT_ID,29284,29296,"GDPR_Art5_1b, DPDPA_S8"
tenant-b_log_01.json,234567890123,AWS_ACCOUNT_ID,29448,29460,"GDPR_Art5_1b, DPDPA_S8"
tenant-b_log_01.json,234567890123,AWS_ACCOUNT_ID,29700,29712,"GDPR_Art5_1b, DPDPA_S8"
tenant-b_log_01.json,234567890123,AWS_ACCOUNT_ID,30555,30567,"GDPR_Art5_1b, DPDPA_S8"
tenant-b_log_01.json,234567890123,AWS_ACCOUNT_ID,30719,30731,"GDPR_Art5_1b, DPDPA_S8"
tenant-b_log_01.json,234567890123,AWS_ACCOUNT_ID,30972,30984,"GDPR_Art5_1b, DPDPA_S8"
tenant-b_log_01.json,234567890123,AWS_ACCOUNT_ID,31843,31855,"GDPR_Art5_1b, DPDPA_S8"
tenant-b_log_01.json,234567890123,AWS_ACCOUNT_ID,32007,32019,"GDPR_Art5_1b, DPDPA_S8"
tenant-b_log_01.json,234567890123,AWS_ACCOUNT_ID,32260,32272,"GDPR_Art5_1b, DPDPA_S8"
tenant-b_log_01.json,234567890123,AWS_ACCOUNT_ID,33120,33132,"GDPR_Art5_1b, DPDPA_S8"
tenant-b_log_01.json,234567890123,AWS_ACCOUNT_ID,33284,33296,"GDPR_Art5_1b, DPDPA_S8"
tenant-b_log_01.json,234567890123,AWS_ACCOUNT_ID,33537,33549,"GDPR_Art5_1b, DPDPA_S8"
tenant-b_log_01.json,234567890123,AWS_ACCOUNT_ID,34399,34411,"GDPR_Art5_1b, DPDPA_S8"
tenant-b_log_01.json,234567890123,AWS_ACCOUNT_ID,34563,34575,"GDPR_Art5_1b, DPDPA_S8"
tenant-b_log_01.json,234567890123,AWS_ACCOUNT_ID,34815,34827,"GDPR_Art5_1b, DPDPA_S8"
tenant-b_log_01.json,234567890123,AWS_ACCOUNT_ID,35682,35694,"GDPR_Art5_1b, DPDPA_S8"
tenant-b_log_01.json,234567890123,AWS_ACCOUNT_ID,35846,35858,"GDPR_Art5_1b, DPDPA_S8"
tenant-b_log_01.json,234567890123,AWS_ACCOUNT_ID,36098,36110,"GDPR_Art5_1b, DPDPA_S8"
tenant-b_log_01.json,234567890123,AWS_ACCOUNT_ID,36960,36972,"GDPR_Art5_1b, DPDPA_S8"
tenant-b_log_01.json,234567890123,AWS_ACCOUNT_ID,37124,37136,"GDPR_Art5_1b, DPDPA_S8"
tenant-b_log_01.json,234567890123,AWS_ACCOUNT_ID,37376,37388,"GDPR_Art5_1b, DPDPA_S8"
tenant-b_log_01.json,234567890123,AWS_ACCOUNT_ID,38249,38261,"GDPR_Art5_1b, DPDPA_S8"
tenant-b_log_01.json,234567890123,AWS_ACCOUNT_ID,38413,38425,"GDPR_Art5_1b, DPDPA_S8"
tenant-b_log_01.json,234567890123,AWS_ACCOUNT_ID,38666,38678,"GDPR_Art5_1b, DPDPA_S8"
tenant-b_log_01.json,234567890123,AWS_ACCOUNT_ID,39528,39540,"GDPR_Art5_1b, DPDPA_S8"
tenant-b_log_01.json,234567890123,AWS_ACCOUNT_ID,39692,39704,"GDPR_Art5_1b, DPDPA_S8"
tenant-b_log_01.json,234567890123,AWS_ACCOUNT_ID,39945,39957,"GDPR_Art5_1b, DPDPA_S8"
tenant-b_log_01.json,234567890123,AWS_ACCOUNT_ID,40817,40829,"GDPR_Art5_1b, DPDPA_S8"
tenant-b_log_01.json,234567890123,AWS_ACCOUNT_ID,40981,40993,"GDPR_Art5_1b, DPDPA_S8"
tenant-b_log_01.json,234567890123,AWS_ACCOUNT_ID,41233,41245,"GDPR_Art5_1b, DPDPA_S8"
tenant-b_log_01.json,234567890123,AWS_ACCOUNT_ID,42094,42106,"GDPR_Art5_1b, DPDPA_S8"
tenant-b_log_01.json,234567890123,AWS_ACCOUNT_ID,42258,42270,"GDPR_Art5_1b, DPDPA_S8"
tenant-b_log_01.json,234567890123,AWS_ACCOUNT_ID,42510,42522,"GDPR_Art5_1b, DPDPA_S8"
tenant-b_log_01.json,234567890123,AWS_ACCOUNT_ID,43385,43397,"GDPR_Art5_1b, DPDPA_S8"
tenant-b_log_01.json,234567890123,AWS_ACCOUNT_ID,43549,43561,"GDPR_Art5_1b, DPDPA_S8"
tenant-b_log_01.json,234567890123,AWS_ACCOUNT_ID,43802,43814,"GDPR_Art5_1b, DPDPA_S8"
tenant-b_log_01.json,234567890123,AWS_ACCOUNT_ID,44673,44685,"GDPR_Art5_1b, DPDPA_S8"
tenant-b_log_01.json,234567890123,AWS_ACCOUNT_ID,44837,44849,"GDPR_Art5_1b, DPDPA_S8"
tenant-b_log_01.json,234567890123,AWS_ACCOUNT_ID,45090,45102,"GDPR_Art5_1b, DPDPA_S8"
tenant-b_log_01.json,234567890123,AWS_ACCOUNT_ID,45952,45964,"GDPR_Art5_1b, DPDPA_S8"
tenant-b_log_01.json,234567890123,AWS_ACCOUNT_ID,46116,46128,"GDPR_Art5_1b, DPDPA_S8"
tenant-b_log_01.json,234567890123,AWS_ACCOUNT_ID,46369,46381,"GDPR_Art5_1b, DPDPA_S8"
tenant-b_log_01.json,234567890123,AWS_ACCOUNT_ID,47242,47254,"GDPR_Art5_1b, DPDPA_S8"
tenant-b_log_01.json,234567890123,AWS_ACCOUNT_ID,47406,47418,"GDPR_Art5_1b, DPDPA_S8"
tenant-b_log_01.json,234567890123,AWS_ACCOUNT_ID,47659,47671,"GDPR_Art5_1b, DPDPA_S8"
tenant-b_log_01.json,234567890123,AWS_ACCOUNT_ID,48521,48533,"GDPR_Art5_1b, DPDPA_S8"
tenant-b_log_01.json,234567890123,AWS_ACCOUNT_ID,48685,48697,"GDPR_Art5_1b, DPDPA_S8"
tenant-b_log_01.json,234567890123,AWS_ACCOUNT_ID,48938,48950,"GDPR_Art5_1b, DPDPA_S8"
tenant-b_log_01.json,234567890123,AWS_ACCOUNT_ID,49810,49822,"GDPR_Art5_1b, DPDPA_S8"
tenant-b_log_01.json,234567890123,AWS_ACCOUNT_ID,49974,49986,"GDPR_Art5_1b, DPDPA_S8"
tenant-b_log_01.json,234567890123,AWS_ACCOUNT_ID,50226,50238,"GDPR_Art5_1b, DPDPA_S8"
tenant-b_log_01.json,234567890123,AWS_ACCOUNT_ID,51088,51100,"GDPR_Art5_1b, DPDPA_S8"
tenant-b_log_01.json,234567890123,AWS_ACCOUNT_ID,51252,51264,"GDPR_Art5_1b, DPDPA_S8"
tenant-b_log_02.json,david.raj,PERSON,284,293,"GDPR_Art5_1a, DPDPA_S8"
tenant-b_log_02.json,frank.nair,PERSON,1571,1581,"GDPR_Art5_1a, DPDPA_S8"
tenant-b_log_02.json,david.raj,PERSON,2859,2868,"GDPR_Art5_1a, DPDPA_S8"
tenant-b_log_02.json,david.raj,PERSON,4146,4155,"GDPR_Art5_1a, DPDPA_S8"
tenant-b_log_02.json,eve.patel,PERSON,5421,5430,"GDPR_Art5_1a, DPDPA_S8"
tenant-b_log_02.json,frank.nair,PERSON,6710,6720,"GDPR_Art5_1a, DPDPA_S8"
tenant-b_log_02.json,frank.nair,PERSON,7993,8003,"GDPR_Art5_1a, DPDPA_S8"
tenant-b_log_02.json,eve.patel,PERSON,9268,9277,"GDPR_Art5_1a, DPDPA_S8"
tenant-b_log_02.json,frank.nair,PERSON,10555,10565,"GDPR_Art5_1a, DPDPA_S8"
tenant-b_log_02.json,frank.nair,PERSON,11838,11848,"GDPR_Art5_1a, DPDPA_S8"
tenant-b_log_02.json,eve.patel,PERSON,13126,13135,"GDPR_Art5_1a, DPDPA_S8"
tenant-b_log_02.json,david.raj,PERSON,14401,14410,"GDPR_Art5_1a, DPDPA_S8"
tenant-b_log_02.json,frank.nair,PERSON,15689,15699,"GDPR_Art5_1a, DPDPA_S8"
tenant-b_log_02.json,frank.nair,PERSON,16974,16984,"GDPR_Art5_1a, DPDPA_S8"
tenant-b_log_02.json,david.raj,PERSON,18249,18258,"GDPR_Art5_1a, DPDPA_S8"
tenant-b_log_02.json,eve.patel,PERSON,19522,19531,"GDPR_Art5_1a, DPDPA_S8"
tenant-b_log_02.json,david.raj,PERSON,20804,20813,"GDPR_Art5_1a, DPDPA_S8"
tenant-b_log_02.json,david.raj,PERSON,22088,22097,"GDPR_Art5_1a, DPDPA_S8"
tenant-b_log_02.json,eve.patel,PERSON,23371,23380,"GDPR_Art5_1a, DPDPA_S8"
tenant-b_log_02.json,david.raj,PERSON,24656,24665,"GDPR_Art5_1a, DPDPA_S8"
tenant-b_log_02.json,eve.patel,PERSON,25931,25940,"GDPR_Art5_1a, DPDPA_S8"
tenant-b_log_02.json,david.raj,PERSON,27216,27225,"GDPR_Art5_1a, DPDPA_S8"
tenant-b_log_02.json,eve.patel,PERSON,28491,28500,"GDPR_Art5_1a, DPDPA_S8"
tenant-b_log_02.json,frank.nair,PERSON,29766,29776,"GDPR_Art5_1a, DPDPA_S8"
tenant-b_log_02.json,eve.patel,PERSON,31057,31066,"GDPR_Art5_1a, DPDPA_S8"
tenant-b_log_02.json,frank.nair,PERSON,32334,32344,"GDPR_Art5_1a, DPDPA_S8"
tenant-b_log_02.json,david.raj,PERSON,33611,33620,"GDPR_Art5_1a, DPDPA_S8"
tenant-b_log_02.json,frank.nair,PERSON,34898,34908,"GDPR_Art5_1a, DPDPA_S8"
tenant-b_log_02.json,frank.nair,PERSON,36175,36185,"GDPR_Art5_1a, DPDPA_S8"
tenant-b_log_02.json,david.raj,PERSON,37463,37472,"GDPR_Art5_1a, DPDPA_S8"
tenant-b_log_02.json,frank.nair,PERSON,38748,38758,"GDPR_Art5_1a, DPDPA_S8"
tenant-b_log_02.json,eve.patel,PERSON,40022,40031,"GDPR_Art5_1a, DPDPA_S8"
tenant-b_log_02.json,frank.nair,PERSON,41311,41321,"GDPR_Art5_1a, DPDPA_S8"
tenant-b_log_02.json,david.raj,PERSON,42596,42605,"GDPR_Art5_1a, DPDPA_S8"
tenant-b_log_02.json,david.raj,PERSON,43873,43882,"GDPR_Art5_1a, DPDPA_S8"
tenant-b_log_02.json,frank.nair,PERSON,45154,45164,"GDPR_Art5_1a, DPDPA_S8"
tenant-b_log_02.json,david.raj,PERSON,46432,46441,"GDPR_Art5_1a, DPDPA_S8"
tenant-b_log_02.json,frank.nair,PERSON,47717,47727,"GDPR_Art5_1a, DPDPA_S8"
tenant-b_log_02.json,eve.patel,PERSON,48996,49005,"GDPR_Art5_1a, DPDPA_S8"
tenant-b_log_02.json,david.raj,PERSON,50282,50291,"GDPR_Art5_1a, DPDPA_S8"
tenant-b_log_02.json,132.49.146.138,IP_ADDRESS,678,692,"GDPR_Art5_1b, DPDPA_S8"
tenant-b_log_02.json,32.45.210.166,IP_ADDRESS,1966,1979,"GDPR_Art5_1b, DPDPA_S8"
tenant-b_log_02.json,71.188.139.102,IP_ADDRESS,3253,3267,"GDPR_Art5_1b, DPDPA_S8"
tenant-b_log_02.json,130.76.212.35,IP_ADDRESS,4540,4553,"GDPR_Art5_1b, DPDPA_S8"
tenant-b_log_02.json,194.248.156.59,IP_ADDRESS,5815,5829,"GDPR_Art5_1b, DPDPA_S8"
tenant-b_log_02.json,74.54.77.4,IP_ADDRESS,7105,7115,"GDPR_Art5_1b, DPDPA_S8"
tenant-b_log_02.json,172.43.57.120,IP_ADDRESS,8388,8401,"GDPR_Art5_1b, DPDPA_S8"
tenant-b_log_02.json,179.127.91.94,IP_ADDRESS,9662,9675,"GDPR_Art5_1b, DPDPA_S8"
tenant-b_log_02.json,157.180.216.152,IP_ADDRESS,10950,10965,"GDPR_Art5_1b, DPDPA_S8"
tenant-b_log_02.json,24.157.217.246,IP_ADDRESS,12233,12247,"GDPR_Art5_1b, DPDPA_S8"
tenant-b_log_02.json,222.170.217.93,IP_ADDRESS,13520,13534,"GDPR_Art5_1b, DPDPA_S8"
tenant-b_log_02.json,139.164.50.161,IP_ADDRESS,14795,14809,"GDPR_Art5_1b, DPDPA_S8"
tenant-b_log_02.json,102.5.183.67,IP_ADDRESS,16084,16096,"GDPR_Art5_1b, DPDPA_S8"
tenant-b_log_02.json,10.5.228.109,IP_ADDRESS,17369,17381,"GDPR_Art5_1b, DPDPA_S8"
tenant-b_log_02.json,42.73.92.136,IP_ADDRESS,18643,18655,"GDPR_Art5_1b, DPDPA_S8"
tenant-b_log_02.json,89.209.27.149,IP_ADDRESS,19916,19929,"GDPR_Art5_1b, DPDPA_S8"
tenant-b_log_02.json,74.94.33.244,IP_ADDRESS,21198,21210,"GDPR_Art5_1b, DPDPA_S8"
tenant-b_log_02.json,48.142.56.35,IP_ADDRESS,22482,22494,"GDPR_Art5_1b, DPDPA_S8"
tenant-b_log_02.json,63.165.250.48,IP_ADDRESS,23765,23778,"GDPR_Art5_1b, DPDPA_S8"
tenant-b_log_02.json,91.48.135.181,IP_ADDRESS,25050,25063,"GDPR_Art5_1b, DPDPA_S8"
tenant-b_log_02.json,121.61.234.79,IP_ADDRESS,26325,26338,"GDPR_Art5_1b, DPDPA_S8"
tenant-b_log_02.json,83.130.121.165,IP_ADDRESS,27610,27624,"GDPR_Art5_1b, DPDPA_S8"
tenant-b_log_02.json,50.73.171.173,IP_ADDRESS,28885,28898,"GDPR_Art5_1b, DPDPA_S8"
tenant-b_log_02.json,218.114.103.96,IP_ADDRESS,30161,30175,"GDPR_Art5_1b, DPDPA_S8"
tenant-b_log_02.json,113.122.125.10,IP_ADDRESS,31451,31465,"GDPR_Art5_1b, DPDPA_S8"
tenant-b_log_02.json,37.138.151.247,IP_ADDRESS,32730,32744,"GDPR_Art5_1b, DPDPA_S8"
tenant-b_log_02.json,51.18.168.237,IP_ADDRESS,34006,34019,"GDPR_Art5_1b, DPDPA_S8"
tenant-b_log_02.json,148.49.117.35,IP_ADDRESS,35294,35307,"GDPR_Art5_1b, DPDPA_S8"
tenant-b_log_02.json,178.156.25.253,IP_ADDRESS,36571,36585,"GDPR_Art5_1b, DPDPA_S8"
tenant-b_log_02.json,39.221.94.129,IP_ADDRESS,37858,37871,"GDPR_Art5_1b, DPDPA_S8"
tenant-b_log_02.json,75.21.7.14,IP_ADDRESS,39144,39154,"GDPR_Art5_1b, DPDPA_S8"
tenant-b_log_02.json,91.56.230.238,IP_ADDRESS,40417,40430,"GDPR_Art5_1b, DPDPA_S8"
tenant-b_log_02.json,88.75.11.15,IP_ADDRESS,41707,41718,"GDPR_Art5_1b, DPDPA_S8"
tenant-b_log_02.json,113.0.130.8,IP_ADDRESS,42991,43002,"GDPR_Art5_1b, DPDPA_S8"
tenant-b_log_02.json,53.228.120.229,IP_ADDRESS,44268,44282,"GDPR_Art5_1b, DPDPA_S8"
tenant-b_log_02.json,210.184.180.248,IP_ADDRESS,45550,45565,"GDPR_Art5_1b, DPDPA_S8"
tenant-b_log_02.json,91.237.16.121,IP_ADDRESS,46827,46840,"GDPR_Art5_1b, DPDPA_S8"
tenant-b_log_02.json,223.196.5.170,IP_ADDRESS,48113,48126,"GDPR_Art5_1b, DPDPA_S8"
tenant-b_log_02.json,8.100.178.234,IP_ADDRESS,49391,49404,"GDPR_Art5_1b, DPDPA_S8"
tenant-b_log_02.json,19.189.141.144,IP_ADDRESS,50677,50691,"GDPR_Art5_1b, DPDPA_S8"
tenant-b_log_02.json,arn:aws:iam::234567890123:user/david.raj,AWS_ARN,183,223,"GDPR_Art5_1b, DPDPA_S8"
tenant-b_log_02.json,arn:aws:s3:::tenant-b-finance,AWS_ARN,1062,1091,"GDPR_Art5_1b, DPDPA_S8"
tenant-b_log_02.json,arn:aws:iam::234567890123:user/frank.nair,AWS_ARN,1469,1510,"GDPR_Art5_1b, DPDPA_S8"
tenant-b_log_02.json,arn:aws:s3:::tenant-b-finance,AWS_ARN,2351,2380,"GDPR_Art5_1b, DPDPA_S8"
tenant-b_log_02.json,arn:aws:iam::234567890123:user/david.raj,AWS_ARN,2758,2798,"GDPR_Art5_1b, DPDPA_S8"
tenant-b_log_02.json,arn:aws:s3:::tenant-b-finance,AWS_ARN,3638,3667,"GDPR_Art5_1b, DPDPA_S8"
tenant-b_log_02.json,arn:aws:iam::234567890123:user/david.raj,AWS_ARN,4045,4085,"GDPR_Art5_1b, DPDPA_S8"
tenant-b_log_02.json,arn:aws:s3:::tenant-b-hr,AWS_ARN,4918,4942,"GDPR_Art5_1b, DPDPA_S8"
tenant-b_log_02.json,arn:aws:iam::234567890123:user/eve.patel,AWS_ARN,5320,5360,"GDPR_Art5_1b, DPDPA_S8"
tenant-b_log_02.json,arn:aws:s3:::tenant-b-finance,AWS_ARN,6201,6230,"GDPR_Art5_1b, DPDPA_S8"
tenant-b_log_02.json,arn:aws:iam::234567890123:user/frank.nair,AWS_ARN,6608,6649,"GDPR_Art5_1b, DPDPA_S8"
tenant-b_log_02.json,arn:aws:s3:::tenant-b-finance,AWS_ARN,7484,7513,"GDPR_Art5_1b, DPDPA_S8"
tenant-b_log_02.json,arn:aws:iam::234567890123:user/frank.nair,AWS_ARN,7891,7932,"GDPR_Art5_1b, DPDPA_S8"
tenant-b_log_02.json,arn:aws:s3:::tenant-b-hr,AWS_ARN,8765,8789,"GDPR_Art5_1b, DPDPA_S8"
tenant-b_log_02.json,arn:aws:iam::234567890123:user/eve.patel,AWS_ARN,9167,9207,"GDPR_Art5_1b, DPDPA_S8"
tenant-b_log_02.json,arn:aws:s3:::tenant-b-finance,AWS_ARN,10046,10075,"GDPR_Art5_1b, DPDPA_S8"
tenant-b_log_02.json,arn:aws:iam::234567890123:user/frank.nair,AWS_ARN,10453,10494,"GDPR_Art5_1b, DPDPA_S8"
tenant-b_log_02.json,arn:aws:s3:::tenant-b-hr,AWS_ARN,11334,11358,"GDPR_Art5_1b, DPDPA_S8"
tenant-b_log_02.json,arn:aws:iam::234567890123:user/frank.nair,AWS_ARN,11736,11777,"GDPR_Art5_1b, DPDPA_S8"
tenant-b_log_02.json,arn:aws:s3:::tenant-b-finance,AWS_ARN,12618,12647,"GDPR_Art5_1b, DPDPA_S8"
tenant-b_log_02.json,arn:aws:iam::234567890123:user/eve.patel,AWS_ARN,13025,13065,"GDPR_Art5_1b, DPDPA_S8"
tenant-b_log_02.json,arn:aws:s3:::tenant-b-hr,AWS_ARN,13898,13922,"GDPR_Art5_1b, DPDPA_S8"
tenant-b_log_02.json,arn:aws:iam::234567890123:user/david.raj,AWS_ARN,14300,14340,"GDPR_Art5_1b, DPDPA_S8"
tenant-b_log_02.json,arn:aws:s3:::tenant-b-finance,AWS_ARN,15180,15209,"GDPR_Art5_1b, DPDPA_S8"
tenant-b_log_02.json,arn:aws:iam::234567890123:user/frank.nair,AWS_ARN,15587,15628,"GDPR_Art5_1b, DPDPA_S8"
tenant-b_log_02.json,arn:aws:s3:::tenant-b-finance,AWS_ARN,16465,16494,"GDPR_Art5_1b, DPDPA_S8"
tenant-b_log_02.json,arn:aws:iam::234567890123:user/frank.nair,AWS_ARN,16872,16913,"GDPR_Art5_1b, DPDPA_S8"
tenant-b_log_02.json,arn:aws:s3:::tenant-b-hr,AWS_ARN,17746,17770,"GDPR_Art5_1b, DPDPA_S8"
tenant-b_log_02.json,arn:aws:iam::234567890123:user/david.raj,AWS_ARN,18148,18188,"GDPR_Art5_1b, DPDPA_S8"
tenant-b_log_02.json,arn:aws:s3:::tenant-b-hr,AWS_ARN,19019,19043,"GDPR_Art5_1b, DPDPA_S8"
tenant-b_log_02.json,arn:aws:iam::234567890123:user/eve.patel,AWS_ARN,19421,19461,"GDPR_Art5_1b, DPDPA_S8"
tenant-b_log_02.json,arn:aws:s3:::tenant-b-hr,AWS_ARN,20301,20325,"GDPR_Art5_1b, DPDPA_S8"
tenant-b_log_02.json,arn:aws:iam::234567890123:user/david.raj,AWS_ARN,20703,20743,"GDPR_Art5_1b, DPDPA_S8"
tenant-b_log_02.json,arn:aws:s3:::tenant-b-finance,AWS_ARN,21580,21609,"GDPR_Art5_1b, DPDPA_S8"
tenant-b_log_02.json,arn:aws:iam::234567890123:user/david.raj,AWS_ARN,21987,22027,"GDPR_Art5_1b, DPDPA_S8"
tenant-b_log_02.json,arn:aws:s3:::tenant-b-finance,AWS_ARN,22863,22892,"GDPR_Art5_1b, DPDPA_S8"
tenant-b_log_02.json,arn:aws:iam::234567890123:user/eve.patel,AWS_ARN,23270,23310,"GDPR_Art5_1b, DPDPA_S8"
tenant-b_log_02.json,arn:aws:s3:::tenant-b-finance,AWS_ARN,24148,24177,"GDPR_Art5_1b, DPDPA_S8"
tenant-b_log_02.json,arn:aws:iam::234567890123:user/david.raj,AWS_ARN,24555,24595,"GDPR_Art5_1b, DPDPA_S8"
tenant-b_log_02.json,arn:aws:s3:::tenant-b-hr,AWS_ARN,25428,25452,"GDPR_Art5_1b, DPDPA_S8"
tenant-b_log_02.json,arn:aws:iam::234567890123:user/eve.patel,AWS_ARN,25830,25870,"GDPR_Art5_1b, DPDPA_S8"
tenant-b_log_02.json,arn:aws:s3:::tenant-b-finance,AWS_ARN,26708,26737,"GDPR_Art5_1b, DPDPA_S8"
tenant-b_log_02.json,arn:aws:iam::234567890123:user/david.raj,AWS_ARN,27115,27155,"GDPR_Art5_1b, DPDPA_S8"
tenant-b_log_02.json,arn:aws:s3:::tenant-b-hr,AWS_ARN,27988,28012,"GDPR_Art5_1b, DPDPA_S8"
tenant-b_log_02.json,arn:aws:iam::234567890123:user/eve.patel,AWS_ARN,28390,28430,"GDPR_Art5_1b, DPDPA_S8"
tenant-b_log_02.json,arn:aws:s3:::tenant-b-hr,AWS_ARN,29262,29286,"GDPR_Art5_1b, DPDPA_S8"
tenant-b_log_02.json,arn:aws:iam::234567890123:user/frank.nair,AWS_ARN,29664,29705,"GDPR_Art5_1b, DPDPA_S8"
tenant-b_log_02.json,arn:aws:s3:::tenant-b-finance,AWS_ARN,30549,30578,"GDPR_Art5_1b, DPDPA_S8"
tenant-b_log_02.json,arn:aws:iam::234567890123:user/eve.patel,AWS_ARN,30956,30996,"GDPR_Art5_1b, DPDPA_S8"
tenant-b_log_02.json,arn:aws:s3:::tenant-b-hr,AWS_ARN,31830,31854,"GDPR_Art5_1b, DPDPA_S8"
tenant-b_log_02.json,arn:aws:iam::234567890123:user/frank.nair,AWS_ARN,32232,32273,"GDPR_Art5_1b, DPDPA_S8"
tenant-b_log_02.json,arn:aws:s3:::tenant-b-hr,AWS_ARN,33108,33132,"GDPR_Art5_1b, DPDPA_S8"
tenant-b_log_02.json,arn:aws:iam::234567890123:user/david.raj,AWS_ARN,33510,33550,"GDPR_Art5_1b, DPDPA_S8"
tenant-b_log_02.json,arn:aws:s3:::tenant-b-finance,AWS_ARN,34389,34418,"GDPR_Art5_1b, DPDPA_S8"
tenant-b_log_02.json,arn:aws:iam::234567890123:user/frank.nair,AWS_ARN,34796,34837,"GDPR_Art5_1b, DPDPA_S8"
tenant-b_log_02.json,arn:aws:s3:::tenant-b-hr,AWS_ARN,35671,35695,"GDPR_Art5_1b, DPDPA_S8"
tenant-b_log_02.json,arn:aws:iam::234567890123:user/frank.nair,AWS_ARN,36073,36114,"GDPR_Art5_1b, DPDPA_S8"
tenant-b_log_02.json,arn:aws:s3:::tenant-b-finance,AWS_ARN,36955,36984,"GDPR_Art5_1b, DPDPA_S8"
tenant-b_log_02.json,arn:aws:iam::234567890123:user/david.raj,AWS_ARN,37362,37402,"GDPR_Art5_1b, DPDPA_S8"
tenant-b_log_02.json,arn:aws:s3:::tenant-b-finance,AWS_ARN,38239,38268,"GDPR_Art5_1b, DPDPA_S8"
tenant-b_log_02.json,arn:aws:iam::234567890123:user/frank.nair,AWS_ARN,38646,38687,"GDPR_Art5_1b, DPDPA_S8"
tenant-b_log_02.json,arn:aws:s3:::tenant-b-hr,AWS_ARN,39519,39543,"GDPR_Art5_1b, DPDPA_S8"
tenant-b_log_02.json,arn:aws:iam::234567890123:user/eve.patel,AWS_ARN,39921,39961,"GDPR_Art5_1b, DPDPA_S8"
tenant-b_log_02.json,arn:aws:s3:::tenant-b-finance,AWS_ARN,40802,40831,"GDPR_Art5_1b, DPDPA_S8"
tenant-b_log_02.json,arn:aws:iam::234567890123:user/frank.nair,AWS_ARN,41209,41250,"GDPR_Art5_1b, DPDPA_S8"
tenant-b_log_02.json,arn:aws:s3:::tenant-b-finance,AWS_ARN,42088,42117,"GDPR_Art5_1b, DPDPA_S8"
tenant-b_log_02.json,arn:aws:iam::234567890123:user/david.raj,AWS_ARN,42495,42535,"GDPR_Art5_1b, DPDPA_S8"
tenant-b_log_02.json,arn:aws:s3:::tenant-b-hr,AWS_ARN,43370,43394,"GDPR_Art5_1b, DPDPA_S8"
tenant-b_log_02.json,arn:aws:iam::234567890123:user/david.raj,AWS_ARN,43772,43812,"GDPR_Art5_1b, DPDPA_S8"
tenant-b_log_02.json,arn:aws:s3:::tenant-b-hr,AWS_ARN,44650,44674,"GDPR_Art5_1b, DPDPA_S8"
tenant-b_log_02.json,arn:aws:iam::234567890123:user/frank.nair,AWS_ARN,45052,45093,"GDPR_Art5_1b, DPDPA_S8"
tenant-b_log_02.json,arn:aws:s3:::tenant-b-hr,AWS_ARN,45929,45953,"GDPR_Art5_1b, DPDPA_S8"
tenant-b_log_02.json,arn:aws:iam::234567890123:user/david.raj,AWS_ARN,46331,46371,"GDPR_Art5_1b, DPDPA_S8"
tenant-b_log_02.json,arn:aws:s3:::tenant-b-finance,AWS_ARN,47208,47237,"GDPR_Art5_1b, DPDPA_S8"
tenant-b_log_02.json,arn:aws:iam::234567890123:user/frank.nair,AWS_ARN,47615,47656,"GDPR_Art5_1b, DPDPA_S8"
tenant-b_log_02.json,arn:aws:s3:::tenant-b-hr,AWS_ARN,48493,48517,"GDPR_Art5_1b, DPDPA_S8"
tenant-b_log_02.json,arn:aws:iam::234567890123:user/eve.patel,AWS_ARN,48895,48935,"GDPR_Art5_1b, DPDPA_S8"
tenant-b_log_02.json,arn:aws:s3:::tenant-b-finance,AWS_ARN,49774,49803,"GDPR_Art5_1b, DPDPA_S8"
tenant-b_log_02.json,arn:aws:iam::234567890123:user/david.raj,AWS_ARN,50181,50221,"GDPR_Art5_1b, DPDPA_S8"
tenant-b_log_02.json,arn:aws:s3:::tenant-b-hr,AWS_ARN,51058,51082,"GDPR_Art5_1b, DPDPA_S8"
tenant-b_log_02.json,234567890123,AWS_ACCOUNT_ID,248,260,"GDPR_Art5_1b, DPDPA_S8"
tenant-b_log_02.json,234567890123,AWS_ACCOUNT_ID,1118,1130,"GDPR_Art5_1b, DPDPA_S8"
tenant-b_log_02.json,234567890123,AWS_ACCOUNT_ID,1282,1294,"GDPR_Art5_1b, DPDPA_S8"
tenant-b_log_02.json,234567890123,AWS_ACCOUNT_ID,1535,1547,"GDPR_Art5_1b, DPDPA_S8"
tenant-b_log_02.json,234567890123,AWS_ACCOUNT_ID,2407,2419,"GDPR_Art5_1b, DPDPA_S8"
tenant-b_log_02.json,234567890123,AWS_ACCOUNT_ID,2571,2583,"GDPR_Art5_1b, DPDPA_S8"
tenant-b_log_02.json,234567890123,AWS_ACCOUNT_ID,2823,2835,"GDPR_Art5_1b, DPDPA_S8"
tenant-b_log_02.json,234567890123,AWS_ACCOUNT_ID,3694,3706,"GDPR_Art5_1b, DPDPA_S8"
tenant-b_log_02.json,234567890123,AWS_ACCOUNT_ID,3858,3870,"GDPR_Art5_1b, DPDPA_S8"
tenant-b_log_02.json,234567890123,AWS_ACCOUNT_ID,4110,4122,"GDPR_Art5_1b, DPDPA_S8"
tenant-b_log_02.json,234567890123,AWS_ACCOUNT_ID,4969,4981,"GDPR_Art5_1b, DPDPA_S8"
tenant-b_log_02.json,234567890123,AWS_ACCOUNT_ID,5133,5145,"GDPR_Art5_1b, DPDPA_S8"
tenant-b_log_02.json,234567890123,AWS_ACCOUNT_ID,5385,5397,"GDPR_Art5_1b, DPDPA_S8"
tenant-b_log_02.json,234567890123,AWS_ACCOUNT_ID,6257,6269,"GDPR_Art5_1b, DPDPA_S8"
tenant-b_log_02.json,234567890123,AWS_ACCOUNT_ID,6421,6433,"GDPR_Art5_1b, DPDPA_S8"
tenant-b_log_02.json,234567890123,AWS_ACCOUNT_ID,6674,6686,"GDPR_Art5_1b, DPDPA_S8"
tenant-b_log_02.json,234567890123,AWS_ACCOUNT_ID,7540,7552,"GDPR_Art5_1b, DPDPA_S8"
tenant-b_log_02.json,234567890123,AWS_ACCOUNT_ID,7704,7716,"GDPR_Art5_1b, DPDPA_S8"
tenant-b_log_02.json,234567890123,AWS_ACCOUNT_ID,7957,7969,"GDPR_Art5_1b, DPDPA_S8"
tenant-b_log_02.json,234567890123,AWS_ACCOUNT_ID,8816,8828,"GDPR_Art5_1b, DPDPA_S8"
tenant-b_log_02.json,234567890123,AWS_ACCOUNT_ID,8980,8992,"GDPR_Art5_1b, DPDPA_S8"
tenant-b_log_02.json,234567890123,AWS_ACCOUNT_ID,9232,9244,"GDPR_Art5_1b, DPDPA_S8"
tenant-b_log_02.json,234567890123,AWS_ACCOUNT_ID,10102,10114,"GDPR_Art5_1b, DPDPA_S8"
tenant-b_log_02.json,234567890123,AWS_ACCOUNT_ID,10266,10278,"GDPR_Art5_1b, DPDPA_S8"
tenant-b_log_02.json,234567890123,AWS_ACCOUNT_ID,10519,10531,"GDPR_Art5_1b, DPDPA_S8"
tenant-b_log_02.json,234567890123,AWS_ACCOUNT_ID,11385,11397,"GDPR_Art5_1b, DPDPA_S8"
tenant-b_log_02.json,234567890123,AWS_ACCOUNT_ID,11549,11561,"GDPR_Art5_1b, DPDPA_S8"
tenant-b_log_02.json,234567890123,AWS_ACCOUNT_ID,11802,11814,"GDPR_Art5_1b, DPDPA_S8"
tenant-b_log_02.json,234567890123,AWS_ACCOUNT_ID,12674,12686,"GDPR_Art5_1b, DPDPA_S8"
tenant-b_log_02.json,234567890123,AWS_ACCOUNT_ID,12838,12850,"GDPR_Art5_1b, DPDPA_S8"
tenant-b_log_02.json,234567890123,AWS_ACCOUNT_ID,13090,13102,"GDPR_Art5_1b, DPDPA_S8"
tenant-b_log_02.json,234567890123,AWS_ACCOUNT_ID,13949,13961,"GDPR_Art5_1b, DPDPA_S8"
tenant-b_log_02.json,234567890123,AWS_ACCOUNT_ID,14113,14125,"GDPR_Art5_1b, DPDPA_S8"
tenant-b_log_02.json,234567890123,AWS_ACCOUNT_ID,14365,14377,"GDPR_Art5_1b, DPDPA_S8"
tenant-b_log_02.json,234567890123,AWS_ACCOUNT_ID,15236,15248,"GDPR_Art5_1b, DPDPA_S8"
tenant-b_log_02.json,234567890123,AWS_ACCOUNT_ID,15400,15412,"GDPR_Art5_1b, DPDPA_S8"
tenant-b_log_02.json,234567890123,AWS_ACCOUNT_ID,15653,15665,"GDPR_Art5_1b, DPDPA_S8"
tenant-b_log_02.json,234567890123,AWS_ACCOUNT_ID,16521,16533,"GDPR_Art5_1b, DPDPA_S8"
tenant-b_log_02.json,234567890123,AWS_ACCOUNT_ID,16685,16697,"GDPR_Art5_1b, DPDPA_S8"
tenant-b_log_02.json,234567890123,AWS_ACCOUNT_ID,16938,16950,"GDPR_Art5_1b, DPDPA_S8"
tenant-b_log_02.json,234567890123,AWS_ACCOUNT_ID,17797,17809,"GDPR_Art5_1b, DPDPA_S8"
tenant-b_log_02.json,234567890123,AWS_ACCOUNT_ID,17961,17973,"GDPR_Art5_1b, DPDPA_S8"
tenant-b_log_02.json,234567890123,AWS_ACCOUNT_ID,18213,18225,"GDPR_Art5_1b, DPDPA_S8"
tenant-b_log_02.json,234567890123,AWS_ACCOUNT_ID,19070,19082,"GDPR_Art5_1b, DPDPA_S8"
tenant-b_log_02.json,234567890123,AWS_ACCOUNT_ID,19234,19246,"GDPR_Art5_1b, DPDPA_S8"
tenant-b_log_02.json,234567890123,AWS_ACCOUNT_ID,19486,19498,"GDPR_Art5_1b, DPDPA_S8"
tenant-b_log_02.json,234567890123,AWS_ACCOUNT_ID,20352,20364,"GDPR_Art5_1b, DPDPA_S8"
tenant-b_log_02.json,234567890123,AWS_ACCOUNT_ID,20516,20528,"GDPR_Art5_1b, DPDPA_S8"
tenant-b_log_02.json,234567890123,AWS_ACCOUNT_ID,20768,20780,"GDPR_Art5_1b, DPDPA_S8"
tenant-b_log_02.json,234567890123,AWS_ACCOUNT_ID,21636,21648,"GDPR_Art5_1b, DPDPA_S8"
tenant-b_log_02.json,234567890123,AWS_ACCOUNT_ID,21800,21812,"GDPR_Art5_1b, DPDPA_S8"
tenant-b_log_02.json,234567890123,AWS_ACCOUNT_ID,22052,22064,"GDPR_Art5_1b, DPDPA_S8"
tenant-b_log_02.json,234567890123,AWS_ACCOUNT_ID,22919,22931,"GDPR_Art5_1b, DPDPA_S8"
tenant-b_log_02.json,234567890123,AWS_ACCOUNT_ID,23083,23095,"GDPR_Art5_1b, DPDPA_S8"
tenant-b_log_02.json,234567890123,AWS_ACCOUNT_ID,23335,23347,"GDPR_Art5_1b, DPDPA_S8"
tenant-b_log_02.json,234567890123,AWS_ACCOUNT_ID,24204,24216,"GDPR_Art5_1b, DPDPA_S8"
tenant-b_log_02.json,234567890123,AWS_ACCOUNT_ID,24368,24380,"GDPR_Art5_1b, DPDPA_S8"
tenant-b_log_02.json,234567890123,AWS_ACCOUNT_ID,24620,24632,"GDPR_Art5_1b, DPDPA_S8"
tenant-b_log_02.json,234567890123,AWS_ACCOUNT_ID,25479,25491,"GDPR_Art5_1b, DPDPA_S8"
tenant-b_log_02.json,234567890123,AWS_ACCOUNT_ID,25643,25655,"GDPR_Art5_1b, DPDPA_S8"
tenant-b_log_02.json,234567890123,AWS_ACCOUNT_ID,25895,25907,"GDPR_Art5_1b, DPDPA_S8"
tenant-b_log_02.json,234567890123,AWS_ACCOUNT_ID,26764,26776,"GDPR_Art5_1b, DPDPA_S8"
tenant-b_log_02.json,234567890123,AWS_ACCOUNT_ID,26928,26940,"GDPR_Art5_1b, DPDPA_S8"
tenant-b_log_02.json,234567890123,AWS_ACCOUNT_ID,27180,27192,"GDPR_Art5_1b, DPDPA_S8"
tenant-b_log_02.json,234567890123,AWS_ACCOUNT_ID,28039,28051,"GDPR_Art5_1b, DPDPA_S8"
tenant-b_log_02.json,234567890123,AWS_ACCOUNT_ID,28203,28215,"GDPR_Art5_1b, DPDPA_S8"
tenant-b_log_02.json,234567890123,AWS_ACCOUNT_ID,28455,28467,"GDPR_Art5_1b, DPDPA_S8"
tenant-b_log_02.json,234567890123,AWS_ACCOUNT_ID,29313,29325,"GDPR_Art5_1b, DPDPA_S8"
tenant-b_log_02.json,234567890123,AWS_ACCOUNT_ID,29477,29489,"GDPR_Art5_1b, DPDPA_S8"
tenant-b_log_02.json,234567890123,AWS_ACCOUNT_ID,29730,29742,"GDPR_Art5_1b, DPDPA_S8"
tenant-b_log_02.json,234567890123,AWS_ACCOUNT_ID,30605,30617,"GDPR_Art5_1b, DPDPA_S8"
tenant-b_log_02.json,234567890123,AWS_ACCOUNT_ID,30769,30781,"GDPR_Art5_1b, DPDPA_S8"
tenant-b_log_02.json,234567890123,AWS_ACCOUNT_ID,31021,31033,"GDPR_Art5_1b, DPDPA_S8"
tenant-b_log_02.json,234567890123,AWS_ACCOUNT_ID,31881,31893,"GDPR_Art5_1b, DPDPA_S8"
tenant-b_log_02.json,234567890123,AWS_ACCOUNT_ID,32045,32057,"GDPR_Art5_1b, DPDPA_S8"
tenant-b_log_02.json,234567890123,AWS_ACCOUNT_ID,32298,32310,"GDPR_Art5_1b, DPDPA_S8"
tenant-b_log_02.json,234567890123,AWS_ACCOUNT_ID,33159,33171,"GDPR_Art5_1b, DPDPA_S8"
tenant-b_log_02.json,234567890123,AWS_ACCOUNT_ID,33323,33335,"GDPR_Art5_1b, DPDPA_S8"
tenant-b_log_02.json,234567890123,AWS_ACCOUNT_ID,33575,33587,"GDPR_Art5_1b, DPDPA_S8"
tenant-b_log_02.json,234567890123,AWS_ACCOUNT_ID,34445,34457,"GDPR_Art5_1b, DPDPA_S8"
tenant-b_log_02.json,234567890123,AWS_ACCOUNT_ID,34609,34621,"GDPR_Art5_1b, DPDPA_S8"
tenant-b_log_02.json,234567890123,AWS_ACCOUNT_ID,34862,34874,"GDPR_Art5_1b, DPDPA_S8"
tenant-b_log_02.json,234567890123,AWS_ACCOUNT_ID,35722,35734,"GDPR_Art5_1b, DPDPA_S8"
tenant-b_log_02.json,234567890123,AWS_ACCOUNT_ID,35886,35898,"GDPR_Art5_1b, DPDPA_S8"
tenant-b_log_02.json,234567890123,AWS_ACCOUNT_ID,36139,36151,"GDPR_Art5_1b, DPDPA_S8"
tenant-b_log_02.json,234567890123,AWS_ACCOUNT_ID,37011,37023,"GDPR_Art5_1b, DPDPA_S8"
tenant-b_log_02.json,234567890123,AWS_ACCOUNT_ID,37175,37187,"GDPR_Art5_1b, DPDPA_S8"
tenant-b_log_02.json,234567890123,AWS_ACCOUNT_ID,37427,37439,"GDPR_Art5_1b, DPDPA_S8"
tenant-b_log_02.json,234567890123,AWS_ACCOUNT_ID,38295,38307,"GDPR_Art5_1b, DPDPA_S8"
tenant-b_log_02.json,234567890123,AWS_ACCOUNT_ID,38459,38471,"GDPR_Art5_1b, DPDPA_S8"
tenant-b_log_02.json,234567890123,AWS_ACCOUNT_ID,38712,38724,"GDPR_Art5_1b, DPDPA_S8"
tenant-b_log_02.json,234567890123,AWS_ACCOUNT_ID,39570,39582,"GDPR_Art5_1b, DPDPA_S8"
tenant-b_log_02.json,234567890123,AWS_ACCOUNT_ID,39734,39746,"GDPR_Art5_1b, DPDPA_S8"
tenant-b_log_02.json,234567890123,AWS_ACCOUNT_ID,39986,39998,"GDPR_Art5_1b, DPDPA_S8"
tenant-b_log_02.json,234567890123,AWS_ACCOUNT_ID,40858,40870,"GDPR_Art5_1b, DPDPA_S8"
tenant-b_log_02.json,234567890123,AWS_ACCOUNT_ID,41022,41034,"GDPR_Art5_1b, DPDPA_S8"
tenant-b_log_02.json,234567890123,AWS_ACCOUNT_ID,41275,41287,"GDPR_Art5_1b, DPDPA_S8"
tenant-b_log_02.json,234567890123,AWS_ACCOUNT_ID,42144,42156,"GDPR_Art5_1b, DPDPA_S8"
tenant-b_log_02.json,234567890123,AWS_ACCOUNT_ID,42308,42320,"GDPR_Art5_1b, DPDPA_S8"
tenant-b_log_02.json,234567890123,AWS_ACCOUNT_ID,42560,42572,"GDPR_Art5_1b, DPDPA_S8"
tenant-b_log_02.json,234567890123,AWS_ACCOUNT_ID,43421,43433,"GDPR_Art5_1b, DPDPA_S8"
tenant-b_log_02.json,234567890123,AWS_ACCOUNT_ID,43585,43597,"GDPR_Art5_1b, DPDPA_S8"
tenant-b_log_02.json,234567890123,AWS_ACCOUNT_ID,43837,43849,"GDPR_Art5_1b, DPDPA_S8"
tenant-b_log_02.json,234567890123,AWS_ACCOUNT_ID,44701,44713,"GDPR_Art5_1b, DPDPA_S8"
tenant-b_log_02.json,234567890123,AWS_ACCOUNT_ID,44865,44877,"GDPR_Art5_1b, DPDPA_S8"
tenant-b_log_02.json,234567890123,AWS_ACCOUNT_ID,45118,45130,"GDPR_Art5_1b, DPDPA_S8"
tenant-b_log_02.json,234567890123,AWS_ACCOUNT_ID,45980,45992,"GDPR_Art5_1b, DPDPA_S8"
tenant-b_log_02.json,234567890123,AWS_ACCOUNT_ID,46144,46156,"GDPR_Art5_1b, DPDPA_S8"
tenant-b_log_02.json,234567890123,AWS_ACCOUNT_ID,46396,46408,"GDPR_Art5_1b, DPDPA_S8"
tenant-b_log_02.json,234567890123,AWS_ACCOUNT_ID,47264,47276,"GDPR_Art5_1b, DPDPA_S8"
tenant-b_log_02.json,234567890123,AWS_ACCOUNT_ID,47428,47440,"GDPR_Art5_1b, DPDPA_S8"
tenant-b_log_02.json,234567890123,AWS_ACCOUNT_ID,47681,47693,"GDPR_Art5_1b, DPDPA_S8"
tenant-b_log_02.json,234567890123,AWS_ACCOUNT_ID,48544,48556,"GDPR_Art5_1b, DPDPA_S8"
tenant-b_log_02.json,234567890123,AWS_ACCOUNT_ID,48708,48720,"GDPR_Art5_1b, DPDPA_S8"
tenant-b_log_02.json,234567890123,AWS_ACCOUNT_ID,48960,48972,"GDPR_Art5_1b, DPDPA_S8"
tenant-b_log_02.json,234567890123,AWS_ACCOUNT_ID,49830,49842,"GDPR_Art5_1b, DPDPA_S8"
tenant-b_log_02.json,234567890123,AWS_ACCOUNT_ID,49994,50006,"GDPR_Art5_1b, DPDPA_S8"
tenant-b_log_02.json,234567890123,AWS_ACCOUNT_ID,50246,50258,"GDPR_Art5_1b, DPDPA_S8"
tenant-b_log_02.json,234567890123,AWS_ACCOUNT_ID,51109,51121,"GDPR_Art5_1b, DPDPA_S8"
tenant-b_log_02.json,234567890123,AWS_ACCOUNT_ID,51273,51285,"GDPR_Art5_1b, DPDPA_S8"
tenant-b_log_03.json,frank.nair,PERSON,285,295,"GDPR_Art5_1a, DPDPA_S8"
tenant-b_log_03.json,eve.patel,PERSON,1560,1569,"GDPR_Art5_1a, DPDPA_S8"
tenant-b_log_03.json,david.raj,PERSON,2848,2857,"GDPR_Art5_1a, DPDPA_S8"
tenant-b_log_03.json,eve.patel,PERSON,4132,4141,"GDPR_Art5_1a, DPDPA_S8"
tenant-b_log_03.json,eve.patel,PERSON,5406,5415,"GDPR_Art5_1a, DPDPA_S8"
tenant-b_log_03.json,eve.patel,PERSON,6682,6691,"GDPR_Art5_1a, DPDPA_S8"
tenant-b_log_03.json,eve.patel,PERSON,7969,7978,"GDPR_Art5_1a, DPDPA_S8"
tenant-b_log_03.json,frank.nair,PERSON,9248,9258,"GDPR_Art5_1a, DPDPA_S8"
tenant-b_log_03.json,eve.patel,PERSON,10526,10535,"GDPR_Art5_1a, DPDPA_S8"
tenant-b_log_03.json,eve.patel,PERSON,11812,11821,"GDPR_Art5_1a, DPDPA_S8"
tenant-b_log_03.json,frank.nair,PERSON,13101,13111,"GDPR_Art5_1a, DPDPA_S8"
tenant-b_log_03.json,eve.patel,PERSON,14379,14388,"GDPR_Art5_1a, DPDPA_S8"
tenant-b_log_03.json,frank.nair,PERSON,15657,15667,"GDPR_Art5_1a, DPDPA_S8"
tenant-b_log_03.json,david.raj,PERSON,16938,16947,"GDPR_Art5_1a, DPDPA_S8"
tenant-b_log_03.json,david.raj,PERSON,18224,18233,"GDPR_Art5_1a, DPDPA_S8"
tenant-b_log_03.json,eve.patel,PERSON,19501,19510,"GDPR_Art5_1a, DPDPA_S8"
tenant-b_log_03.json,david.raj,PERSON,20792,20801,"GDPR_Art5_1a, DPDPA_S8"
tenant-b_log_03.json,eve.patel,PERSON,22066,22075,"GDPR_Art5_1a, DPDPA_S8"
tenant-b_log_03.json,eve.patel,PERSON,23350,23359,"GDPR_Art5_1a, DPDPA_S8"
tenant-b_log_03.json,eve.patel,PERSON,24634,24643,"GDPR_Art5_1a, DPDPA_S8"
tenant-b_log_03.json,frank.nair,PERSON,25918,25928,"GDPR_Art5_1a, DPDPA_S8"
tenant-b_log_03.json,david.raj,PERSON,27195,27204,"GDPR_Art5_1a, DPDPA_S8"
tenant-b_log_03.json,david.raj,PERSON,28485,28494,"GDPR_Art5_1a, DPDPA_S8"
tenant-b_log_03.json,eve.patel,PERSON,29772,29781,"GDPR_Art5_1a, DPDPA_S8"
tenant-b_log_03.json,eve.patel,PERSON,31049,31058,"GDPR_Art5_1a, DPDPA_S8"
tenant-b_log_03.json,david.raj,PERSON,32324,32333,"GDPR_Art5_1a, DPDPA_S8"
tenant-b_log_03.json,david.raj,PERSON,33598,33607,"GDPR_Art5_1a, DPDPA_S8"
tenant-b_log_03.json,frank.nair,PERSON,34879,34889,"GDPR_Art5_1a, DPDPA_S8"
tenant-b_log_03.json,eve.patel,PERSON,36155,36164,"GDPR_Art5_1a, DPDPA_S8"
tenant-b_log_03.json,david.raj,PERSON,37434,37443,"GDPR_Art5_1a, DPDPA_S8"
tenant-b_log_03.json,eve.patel,PERSON,38723,38732,"GDPR_Art5_1a, DPDPA_S8"
tenant-b_log_03.json,david.raj,PERSON,39999,40008,"GDPR_Art5_1a, DPDPA_S8"
tenant-b_log_03.json,frank.nair,PERSON,41287,41297,"GDPR_Art5_1a, DPDPA_S8"
tenant-b_log_03.json,frank.nair,PERSON,42564,42574,"GDPR_Art5_1a, DPDPA_S8"
tenant-b_log_03.json,frank.nair,PERSON,43842,43852,"GDPR_Art5_1a, DPDPA_S8"
tenant-b_log_03.json,frank.nair,PERSON,45129,45139,"GDPR_Art5_1a, DPDPA_S8"
tenant-b_log_03.json,frank.nair,PERSON,46423,46433,"GDPR_Art5_1a, DPDPA_S8"
tenant-b_log_03.json,eve.patel,PERSON,47703,47712,"GDPR_Art5_1a, DPDPA_S8"
tenant-b_log_03.json,frank.nair,PERSON,48989,48999,"GDPR_Art5_1a, DPDPA_S8"
tenant-b_log_03.json,eve.patel,PERSON,50273,50282,"GDPR_Art5_1a, DPDPA_S8"
tenant-b_log_03.json,199.81.90.106,IP_ADDRESS,680,693,"GDPR_Art5_1b, DPDPA_S8"
tenant-b_log_03.json,160.92.190.181,IP_ADDRESS,1954,1968,"GDPR_Art5_1b, DPDPA_S8"
tenant-b_log_03.json,71.150.212.157,IP_ADDRESS,3242,3256,"GDPR_Art5_1b, DPDPA_S8"
tenant-b_log_03.json,89.247.56.35,IP_ADDRESS,4526,4538,"GDPR_Art5_1b, DPDPA_S8"
tenant-b_log_03.json,101.104.236.107,IP_ADDRESS,5800,5815,"GDPR_Art5_1b, DPDPA_S8"
tenant-b_log_03.json,21.228.226.70,IP_ADDRESS,7076,7089,"GDPR_Art5_1b, DPDPA_S8"
tenant-b_log_03.json,197.2.217.162,IP_ADDRESS,8363,8376,"GDPR_Art5_1b, DPDPA_S8"
tenant-b_log_03.json,165.153.18.230,IP_ADDRESS,9643,9657,"GDPR_Art5_1b, DPDPA_S8"
tenant-b_log_03.json,115.60.143.25,IP_ADDRESS,10920,10933,"GDPR_Art5_1b, DPDPA_S8"
tenant-b_log_03.json,6.202.226.125,IP_ADDRESS,12206,12219,"GDPR_Art5_1b, DPDPA_S8"
tenant-b_log_03.json,1.99.108.82,IP_ADDRESS,13496,13507,"GDPR_Art5_1b, DPDPA_S8"
tenant-b_log_03.json,133.18.141.101,IP_ADDRESS,14773,14787,"GDPR_Art5_1b, DPDPA_S8"
tenant-b_log_03.json,191.161.221.62,IP_ADDRESS,16052,16066,"GDPR_Art5_1b, DPDPA_S8"
tenant-b_log_03.json,10.127.230.59,IP_ADDRESS,17332,17345,"GDPR_Art5_1b, DPDPA_S8"
tenant-b_log_03.json,156.174.13.240,IP_ADDRESS,18618,18632,"GDPR_Art5_1b, DPDPA_S8"
tenant-b_log_03.json,220.236.140.14,IP_ADDRESS,19895,19909,"GDPR_Art5_1b, DPDPA_S8"
tenant-b_log_03.json,105.127.32.97,IP_ADDRESS,21186,21199,"GDPR_Art5_1b, DPDPA_S8"
tenant-b_log_03.json,218.249.5.202,IP_ADDRESS,22460,22473,"GDPR_Art5_1b, DPDPA_S8"
tenant-b_log_03.json,66.85.61.191,IP_ADDRESS,23744,23756,"GDPR_Art5_1b, DPDPA_S8"
tenant-b_log_03.json,125.236.41.127,IP_ADDRESS,25028,25042,"GDPR_Art5_1b, DPDPA_S8"
tenant-b_log_03.json,27.48.182.67,IP_ADDRESS,26313,26325,"GDPR_Art5_1b, DPDPA_S8"
tenant-b_log_03.json,117.133.170.162,IP_ADDRESS,27589,27604,"GDPR_Art5_1b, DPDPA_S8"
tenant-b_log_03.json,220.95.251.207,IP_ADDRESS,28879,28893,"GDPR_Art5_1b, DPDPA_S8"
tenant-b_log_03.json,213.219.142.100,IP_ADDRESS,30166,30181,"GDPR_Art5_1b, DPDPA_S8"
tenant-b_log_03.json,78.54.144.119,IP_ADDRESS,31443,31456,"GDPR_Art5_1b, DPDPA_S8"
tenant-b_log_03.json,120.53.71.41,IP_ADDRESS,32719,32731,"GDPR_Art5_1b, DPDPA_S8"
tenant-b_log_03.json,160.89.217.1,IP_ADDRESS,33993,34005,"GDPR_Art5_1b, DPDPA_S8"
tenant-b_log_03.json,54.104.189.82,IP_ADDRESS,35275,35288,"GDPR_Art5_1b, DPDPA_S8"
tenant-b_log_03.json,39.102.126.94,IP_ADDRESS,36550,36563,"GDPR_Art5_1b, DPDPA_S8"
tenant-b_log_03.json,217.241.218.180,IP_ADDRESS,37829,37844,"GDPR_Art5_1b, DPDPA_S8"
tenant-b_log_03.json,115.246.22.200,IP_ADDRESS,39118,39132,"GDPR_Art5_1b, DPDPA_S8"
tenant-b_log_03.json,119.158.82.96,IP_ADDRESS,40394,40407,"GDPR_Art5_1b, DPDPA_S8"
tenant-b_log_03.json,216.24.240.75,IP_ADDRESS,41683,41696,"GDPR_Art5_1b, DPDPA_S8"
tenant-b_log_03.json,176.165.43.203,IP_ADDRESS,42960,42974,"GDPR_Art5_1b, DPDPA_S8"
tenant-b_log_03.json,162.83.64.49,IP_ADDRESS,44238,44250,"GDPR_Art5_1b, DPDPA_S8"
tenant-b_log_03.json,145.230.105.140,IP_ADDRESS,45525,45540,"GDPR_Art5_1b, DPDPA_S8"
tenant-b_log_03.json,206.138.247.15,IP_ADDRESS,46819,46833,"GDPR_Art5_1b, DPDPA_S8"
tenant-b_log_03.json,128.63.104.165,IP_ADDRESS,48098,48112,"GDPR_Art5_1b, DPDPA_S8"
tenant-b_log_03.json,7.7.235.80,IP_ADDRESS,49385,49395,"GDPR_Art5_1b, DPDPA_S8"
tenant-b_log_03.json,32.112.45.153,IP_ADDRESS,50668,50681,"GDPR_Art5_1b, DPDPA_S8"
tenant-b_log_03.json,arn:aws:iam::234567890123:user/frank.nair,AWS_ARN,183,224,"GDPR_Art5_1b, DPDPA_S8"
tenant-b_log_03.json,arn:aws:s3:::tenant-b-hr,AWS_ARN,1057,1081,"GDPR_Art5_1b, DPDPA_S8"
tenant-b_log_03.json,arn:aws:iam::234567890123:user/eve.patel,AWS_ARN,1459,1499,"GDPR_Art5_1b, DPDPA_S8"
tenant-b_log_03.json,arn:aws:s3:::tenant-b-finance,AWS_ARN,2340,2369,"GDPR_Art5_1b, DPDPA_S8"
tenant-b_log_03.json,arn:aws:iam::234567890123:user/david.raj,AWS_ARN,2747,2787,"GDPR_Art5_1b, DPDPA_S8"
tenant-b_log_03.json,arn:aws:s3:::tenant-b-finance,AWS_ARN,3624,3653,"GDPR_Art5_1b, DPDPA_S8"
tenant-b_log_03.json,arn:aws:iam::234567890123:user/eve.patel,AWS_ARN,4031,4071,"GDPR_Art5_1b, DPDPA_S8"
tenant-b_log_03.json,arn:aws:s3:::tenant-b-hr,AWS_ARN,4903,4927,"GDPR_Art5_1b, DPDPA_S8"
tenant-b_log_03.json,arn:aws:iam::234567890123:user/eve.patel,AWS_ARN,5305,5345,"GDPR_Art5_1b, DPDPA_S8"
tenant-b_log_03.json,arn:aws:s3:::tenant-b-hr,AWS_ARN,6179,6203,"GDPR_Art5_1b, DPDPA_S8"
tenant-b_log_03.json,arn:aws:iam::234567890123:user/eve.patel,AWS_ARN,6581,6621,"GDPR_Art5_1b, DPDPA_S8"
tenant-b_log_03.json,arn:aws:s3:::tenant-b-finance,AWS_ARN,7461,7490,"GDPR_Art5_1b, DPDPA_S8"
tenant-b_log_03.json,arn:aws:iam::234567890123:user/eve.patel,AWS_ARN,7868,7908,"GDPR_Art5_1b, DPDPA_S8"
tenant-b_log_03.json,arn:aws:s3:::tenant-b-hr,AWS_ARN,8744,8768,"GDPR_Art5_1b, DPDPA_S8"
tenant-b_log_03.json,arn:aws:iam::234567890123:user/frank.nair,AWS_ARN,9146,9187,"GDPR_Art5_1b, DPDPA_S8"
tenant-b_log_03.json,arn:aws:s3:::tenant-b-hr,AWS_ARN,10023,10047,"GDPR_Art5_1b, DPDPA_S8"
tenant-b_log_03.json,arn:aws:iam::234567890123:user/eve.patel,AWS_ARN,10425,10465,"GDPR_Art5_1b, DPDPA_S8"
tenant-b_log_03.json,arn:aws:s3:::tenant-b-finance,AWS_ARN,11304,11333,"GDPR_Art5_1b, DPDPA_S8"
tenant-b_log_03.json,arn:aws:iam::234567890123:user/eve.patel,AWS_ARN,11711,11751,"GDPR_Art5_1b, DPDPA_S8"
tenant-b_log_03.json,arn:aws:s3:::tenant-b-finance,AWS_ARN,12592,12621,"GDPR_Art5_1b, DPDPA_S8"
tenant-b_log_03.json,arn:aws:iam::234567890123:user/frank.nair,AWS_ARN,12999,13040,"GDPR_Art5_1b, DPDPA_S8"
tenant-b_log_03.json,arn:aws:s3:::tenant-b-hr,AWS_ARN,13876,13900,"GDPR_Art5_1b, DPDPA_S8"
tenant-b_log_03.json,arn:aws:iam::234567890123:user/eve.patel,AWS_ARN,14278,14318,"GDPR_Art5_1b, DPDPA_S8"
tenant-b_log_03.json,arn:aws:s3:::tenant-b-hr,AWS_ARN,15153,15177,"GDPR_Art5_1b, DPDPA_S8"
tenant-b_log_03.json,arn:aws:iam::234567890123:user/frank.nair,AWS_ARN,15555,15596,"GDPR_Art5_1b, DPDPA_S8"
tenant-b_log_03.json,arn:aws:s3:::tenant-b-hr,AWS_ARN,16435,16459,"GDPR_Art5_1b, DPDPA_S8"
tenant-b_log_03.json,arn:aws:iam::234567890123:user/david.raj,AWS_ARN,16837,16877,"GDPR_Art5_1b, DPDPA_S8"
tenant-b_log_03.json,arn:aws:s3:::tenant-b-finance,AWS_ARN,17716,17745,"GDPR_Art5_1b, DPDPA_S8"
tenant-b_log_03.json,arn:aws:iam::234567890123:user/david.raj,AWS_ARN,18123,18163,"GDPR_Art5_1b, DPDPA_S8"
tenant-b_log_03.json,arn:aws:s3:::tenant-b-hr,AWS_ARN,18998,19022,"GDPR_Art5_1b, DPDPA_S8"
tenant-b_log_03.json,arn:aws:iam::234567890123:user/eve.patel,AWS_ARN,19400,19440,"GDPR_Art5_1b, DPDPA_S8"
tenant-b_log_03.json,arn:aws:s3:::tenant-b-finance,AWS_ARN,20284,20313,"GDPR_Art5_1b, DPDPA_S8"
tenant-b_log_03.json,arn:aws:iam::234567890123:user/david.raj,AWS_ARN,20691,20731,"GDPR_Art5_1b, DPDPA_S8"
tenant-b_log_03.json,arn:aws:s3:::tenant-b-hr,AWS_ARN,21563,21587,"GDPR_Art5_1b, DPDPA_S8"
tenant-b_log_03.json,arn:aws:iam::234567890123:user/eve.patel,AWS_ARN,21965,22005,"GDPR_Art5_1b, DPDPA_S8"
tenant-b_log_03.json,arn:aws:s3:::tenant-b-finance,AWS_ARN,22842,22871,"GDPR_Art5_1b, DPDPA_S8"
tenant-b_log_03.json,arn:aws:iam::234567890123:user/eve.patel,AWS_ARN,23249,23289,"GDPR_Art5_1b, DPDPA_S8"
tenant-b_log_03.json,arn:aws:s3:::tenant-b-finance,AWS_ARN,24126,24155,"GDPR_Art5_1b, DPDPA_S8"
tenant-b_log_03.json,arn:aws:iam::234567890123:user/eve.patel,AWS_ARN,24533,24573,"GDPR_Art5_1b, DPDPA_S8"
tenant-b_log_03.json,arn:aws:s3:::tenant-b-finance,AWS_ARN,25409,25438,"GDPR_Art5_1b, DPDPA_S8"
tenant-b_log_03.json,arn:aws:iam::234567890123:user/frank.nair,AWS_ARN,25816,25857,"GDPR_Art5_1b, DPDPA_S8"
tenant-b_log_03.json,arn:aws:s3:::tenant-b-hr,AWS_ARN,26692,26716,"GDPR_Art5_1b, DPDPA_S8"
tenant-b_log_03.json,arn:aws:iam::234567890123:user/david.raj,AWS_ARN,27094,27134,"GDPR_Art5_1b, DPDPA_S8"
tenant-b_log_03.json,arn:aws:s3:::tenant-b-finance,AWS_ARN,27977,28006,"GDPR_Art5_1b, DPDPA_S8"
tenant-b_log_03.json,arn:aws:iam::234567890123:user/david.raj,AWS_ARN,28384,28424,"GDPR_Art5_1b, DPDPA_S8"
tenant-b_log_03.json,arn:aws:s3:::tenant-b-finance,AWS_ARN,29264,29293,"GDPR_Art5_1b, DPDPA_S8"
tenant-b_log_03.json,arn:aws:iam::234567890123:user/eve.patel,AWS_ARN,29671,29711,"GDPR_Art5_1b, DPDPA_S8"
tenant-b_log_03.json,arn:aws:s3:::tenant-b-hr,AWS_ARN,30546,30570,"GDPR_Art5_1b, DPDPA_S8"
tenant-b_log_03.json,arn:aws:iam::234567890123:user/eve.patel,AWS_ARN,30948,30988,"GDPR_Art5_1b, DPDPA_S8"
tenant-b_log_03.json,arn:aws:s3:::tenant-b-hr,AWS_ARN,31821,31845,"GDPR_Art5_1b, DPDPA_S8"
tenant-b_log_03.json,arn:aws:iam::234567890123:user/david.raj,AWS_ARN,32223,32263,"GDPR_Art5_1b, DPDPA_S8"
tenant-b_log_03.json,arn:aws:s3:::tenant-b-hr,AWS_ARN,33095,33119,"GDPR_Art5_1b, DPDPA_S8"
tenant-b_log_03.json,arn:aws:iam::234567890123:user/david.raj,AWS_ARN,33497,33537,"GDPR_Art5_1b, DPDPA_S8"
tenant-b_log_03.json,arn:aws:s3:::tenant-b-hr,AWS_ARN,34375,34399,"GDPR_Art5_1b, DPDPA_S8"
tenant-b_log_03.json,arn:aws:iam::234567890123:user/frank.nair,AWS_ARN,34777,34818,"GDPR_Art5_1b, DPDPA_S8"
tenant-b_log_03.json,arn:aws:s3:::tenant-b-hr,AWS_ARN,35652,35676,"GDPR_Art5_1b, DPDPA_S8"
tenant-b_log_03.json,arn:aws:iam::234567890123:user/eve.patel,AWS_ARN,36054,36094,"GDPR_Art5_1b, DPDPA_S8"
tenant-b_log_03.json,arn:aws:s3:::tenant-b-hr,AWS_ARN,36931,36955,"GDPR_Art5_1b, DPDPA_S8"
tenant-b_log_03.json,arn:aws:iam::234567890123:user/david.raj,AWS_ARN,37333,37373,"GDPR_Art5_1b, DPDPA_S8"
tenant-b_log_03.json,arn:aws:s3:::tenant-b-finance,AWS_ARN,38215,38244,"GDPR_Art5_1b, DPDPA_S8"
tenant-b_log_03.json,arn:aws:iam::234567890123:user/eve.patel,AWS_ARN,38622,38662,"GDPR_Art5_1b, DPDPA_S8"
tenant-b_log_03.json,arn:aws:s3:::tenant-b-hr,AWS_ARN,39496,39520,"GDPR_Art5_1b, DPDPA_S8"
tenant-b_log_03.json,arn:aws:iam::234567890123:user/david.raj,AWS_ARN,39898,39938,"GDPR_Art5_1b, DPDPA_S8"
tenant-b_log_03.json,arn:aws:s3:::tenant-b-finance,AWS_ARN,40778,40807,"GDPR_Art5_1b, DPDPA_S8"
tenant-b_log_03.json,arn:aws:iam::234567890123:user/frank.nair,AWS_ARN,41185,41226,"GDPR_Art5_1b, DPDPA_S8"
tenant-b_log_03.json,arn:aws:s3:::tenant-b-hr,AWS_ARN,42060,42084,"GDPR_Art5_1b, DPDPA_S8"
tenant-b_log_03.json,arn:aws:iam::234567890123:user/frank.nair,AWS_ARN,42462,42503,"GDPR_Art5_1b, DPDPA_S8"
tenant-b_log_03.json,arn:aws:s3:::tenant-b-hr,AWS_ARN,43338,43362,"GDPR_Art5_1b, DPDPA_S8"
tenant-b_log_03.json,arn:aws:iam::234567890123:user/frank.nair,AWS_ARN,43740,43781,"GDPR_Art5_1b, DPDPA_S8"
tenant-b_log_03.json,arn:aws:s3:::tenant-b-finance,AWS_ARN,44620,44649,"GDPR_Art5_1b, DPDPA_S8"
tenant-b_log_03.json,arn:aws:iam::234567890123:user/frank.nair,AWS_ARN,45027,45068,"GDPR_Art5_1b, DPDPA_S8"
tenant-b_log_03.json,arn:aws:s3:::tenant-b-finance,AWS_ARN,45914,45943,"GDPR_Art5_1b, DPDPA_S8"
tenant-b_log_03.json,arn:aws:iam::234567890123:user/frank.nair,AWS_ARN,46321,46362,"GDPR_Art5_1b, DPDPA_S8"
tenant-b_log_03.json,arn:aws:s3:::tenant-b-hr,AWS_ARN,47200,47224,"GDPR_Art5_1b, DPDPA_S8"
tenant-b_log_03.json,arn:aws:iam::234567890123:user/eve.patel,AWS_ARN,47602,47642,"GDPR_Art5_1b, DPDPA_S8"
tenant-b_log_03.json,arn:aws:s3:::tenant-b-finance,AWS_ARN,48480,48509,"GDPR_Art5_1b, DPDPA_S8"
tenant-b_log_03.json,arn:aws:iam::234567890123:user/frank.nair,AWS_ARN,48887,48928,"GDPR_Art5_1b, DPDPA_S8"
tenant-b_log_03.json,arn:aws:s3:::tenant-b-finance,AWS_ARN,49765,49794,"GDPR_Art5_1b, DPDPA_S8"
tenant-b_log_03.json,arn:aws:iam::234567890123:user/eve.patel,AWS_ARN,50172,50212,"GDPR_Art5_1b, DPDPA_S8"
tenant-b_log_03.json,arn:aws:s3:::tenant-b-finance,AWS_ARN,51052,51081,"GDPR_Art5_1b, DPDPA_S8"
tenant-b_log_03.json,234567890123,AWS_ACCOUNT_ID,249,261,"GDPR_Art5_1b, DPDPA_S8"
tenant-b_log_03.json,234567890123,AWS_ACCOUNT_ID,1108,1120,"GDPR_Art5_1b, DPDPA_S8"
tenant-b_log_03.json,234567890123,AWS_ACCOUNT_ID,1272,1284,"GDPR_Art5_1b, DPDPA_S8"
tenant-b_log_03.json,234567890123,AWS_ACCOUNT_ID,1524,1536,"GDPR_Art5_1b, DPDPA_S8"
tenant-b_log_03.json,234567890123,AWS_ACCOUNT_ID,2396,2408,"GDPR_Art5_1b, DPDPA_S8"
tenant-b_log_03.json,234567890123,AWS_ACCOUNT_ID,2560,2572,"GDPR_Art5_1b, DPDPA_S8"
tenant-b_log_03.json,234567890123,AWS_ACCOUNT_ID,2812,2824,"GDPR_Art5_1b, DPDPA_S8"
tenant-b_log_03.json,234567890123,AWS_ACCOUNT_ID,3680,3692,"GDPR_Art5_1b, DPDPA_S8"
tenant-b_log_03.json,234567890123,AWS_ACCOUNT_ID,3844,3856,"GDPR_Art5_1b, DPDPA_S8"
tenant-b_log_03.json,234567890123,AWS_ACCOUNT_ID,4096,4108,"GDPR_Art5_1b, DPDPA_S8"
tenant-b_log_03.json,234567890123,AWS_ACCOUNT_ID,4954,4966,"GDPR_Art5_1b, DPDPA_S8"
tenant-b_log_03.json,234567890123,AWS_ACCOUNT_ID,5118,5130,"GDPR_Art5_1b, DPDPA_S8"
tenant-b_log_03.json,234567890123,AWS_ACCOUNT_ID,5370,5382,"GDPR_Art5_1b, DPDPA_S8"
tenant-b_log_03.json,234567890123,AWS_ACCOUNT_ID,6230,6242,"GDPR_Art5_1b, DPDPA_S8"
tenant-b_log_03.json,234567890123,AWS_ACCOUNT_ID,6394,6406,"GDPR_Art5_1b, DPDPA_S8"
tenant-b_log_03.json,234567890123,AWS_ACCOUNT_ID,6646,6658,"GDPR_Art5_1b, DPDPA_S8"
tenant-b_log_03.json,234567890123,AWS_ACCOUNT_ID,7517,7529,"GDPR_Art5_1b, DPDPA_S8"
tenant-b_log_03.json,234567890123,AWS_ACCOUNT_ID,7681,7693,"GDPR_Art5_1b, DPDPA_S8"
tenant-b_log_03.json,234567890123,AWS_ACCOUNT_ID,7933,7945,"GDPR_Art5_1b, DPDPA_S8"
tenant-b_log_03.json,234567890123,AWS_ACCOUNT_ID,8795,8807,"GDPR_Art5_1b, DPDPA_S8"
tenant-b_log_03.json,234567890123,AWS_ACCOUNT_ID,8959,8971,"GDPR_Art5_1b, DPDPA_S8"
tenant-b_log_03.json,234567890123,AWS_ACCOUNT_ID,9212,9224,"GDPR_Art5_1b, DPDPA_S8"
tenant-b_log_03.json,234567890123,AWS_ACCOUNT_ID,10074,10086,"GDPR_Art5_1b, DPDPA_S8"
tenant-b_log_03.json,234567890123,AWS_ACCOUNT_ID,10238,10250,"GDPR_Art5_1b, DPDPA_S8"
tenant-b_log_03.json,234567890123,AWS_ACCOUNT_ID,10490,10502,"GDPR_Art5_1b, DPDPA_S8"
tenant-b_log_03.json,234567890123,AWS_ACCOUNT_ID,11360,11372,"GDPR_Art5_1b, DPDPA_S8"
tenant-b_log_03.json,234567890123,AWS_ACCOUNT_ID,11524,11536,"GDPR_Art5_1b, DPDPA_S8"
tenant-b_log_03.json,234567890123,AWS_ACCOUNT_ID,11776,11788,"GDPR_Art5_1b, DPDPA_S8"
tenant-b_log_03.json,234567890123,AWS_ACCOUNT_ID,12648,12660,"GDPR_Art5_1b, DPDPA_S8"
tenant-b_log_03.json,234567890123,AWS_ACCOUNT_ID,12812,12824,"GDPR_Art5_1b, DPDPA_S8"
tenant-b_log_03.json,234567890123,AWS_ACCOUNT_ID,13065,13077,"GDPR_Art5_1b, DPDPA_S8"
tenant-b_log_03.json,234567890123,AWS_ACCOUNT_ID,13927,13939,"GDPR_Art5_1b, DPDPA_S8"
tenant-b_log_03.json,234567890123,AWS_ACCOUNT_ID,14091,14103,"GDPR_Art5_1b, DPDPA_S8"
tenant-b_log_03.json,234567890123,AWS_ACCOUNT_ID,14343,14355,"GDPR_Art5_1b, DPDPA_S8"
tenant-b_log_03.json,234567890123,AWS_ACCOUNT_ID,15204,15216,"GDPR_Art5_1b, DPDPA_S8"
tenant-b_log_03.json,234567890123,AWS_ACCOUNT_ID,15368,15380,"GDPR_Art5_1b, DPDPA_S8"
tenant-b_log_03.json,234567890123,AWS_ACCOUNT_ID,15621,15633,"GDPR_Art5_1b, DPDPA_S8"
tenant-b_log_03.json,234567890123,AWS_ACCOUNT_ID,16486,16498,"GDPR_Art5_1b, DPDPA_S8"
tenant-b_log_03.json,234567890123,AWS_ACCOUNT_ID,16650,16662,"GDPR_Art5_1b, DPDPA_S8"
tenant-b_log_03.json,234567890123,AWS_ACCOUNT_ID,16902,16914,"GDPR_Art5_1b, DPDPA_S8"
tenant-b_log_03.json,234567890123,AWS_ACCOUNT_ID,17772,17784,"GDPR_Art5_1b, DPDPA_S8"
tenant-b_log_03.json,234567890123,AWS_ACCOUNT_ID,17936,17948,"GDPR_Art5_1b, DPDPA_S8"
tenant-b_log_03.json,234567890123,AWS_ACCOUNT_ID,18188,18200,"GDPR_Art5_1b, DPDPA_S8"
tenant-b_log_03.json,234567890123,AWS_ACCOUNT_ID,19049,19061,"GDPR_Art5_1b, DPDPA_S8"
tenant-b_log_03.json,234567890123,AWS_ACCOUNT_ID,19213,19225,"GDPR_Art5_1b, DPDPA_S8"
tenant-b_log_03.json,234567890123,AWS_ACCOUNT_ID,19465,19477,"GDPR_Art5_1b, DPDPA_S8"
tenant-b_log_03.json,234567890123,AWS_ACCOUNT_ID,20340,20352,"GDPR_Art5_1b, DPDPA_S8"
tenant-b_log_03.json,234567890123,AWS_ACCOUNT_ID,20504,20516,"GDPR_Art5_1b, DPDPA_S8"
tenant-b_log_03.json,234567890123,AWS_ACCOUNT_ID,20756,20768,"GDPR_Art5_1b, DPDPA_S8"
tenant-b_log_03.json,234567890123,AWS_ACCOUNT_ID,21614,21626,"GDPR_Art5_1b, DPDPA_S8"
tenant-b_log_03.json,234567890123,AWS_ACCOUNT_ID,21778,21790,"GDPR_Art5_1b, DPDPA_S8"
tenant-b_log_03.json,234567890123,AWS_ACCOUNT_ID,22030,22042,"GDPR_Art5_1b, DPDPA_S8"
tenant-b_log_03.json,234567890123,AWS_ACCOUNT_ID,22898,22910,"GDPR_Art5_1b, DPDPA_S8"
tenant-b_log_03.json,234567890123,AWS_ACCOUNT_ID,23062,23074,"GDPR_Art5_1b, DPDPA_S8"
tenant-b_log_03.json,234567890123,AWS_ACCOUNT_ID,23314,23326,"GDPR_Art5_1b, DPDPA_S8"
tenant-b_log_03.json,234567890123,AWS_ACCOUNT_ID,24182,24194,"GDPR_Art5_1b, DPDPA_S8"
tenant-b_log_03.json,234567890123,AWS_ACCOUNT_ID,24346,24358,"GDPR_Art5_1b, DPDPA_S8"
tenant-b_log_03.json,234567890123,AWS_ACCOUNT_ID,24598,24610,"GDPR_Art5_1b, DPDPA_S8"
tenant-b_log_03.json,234567890123,AWS_ACCOUNT_ID,25465,25477,"GDPR_Art5_1b, DPDPA_S8"
tenant-b_log_03.json,234567890123,AWS_ACCOUNT_ID,25629,25641,"GDPR_Art5_1b, DPDPA_S8"
tenant-b_log_03.json,234567890123,AWS_ACCOUNT_ID,25882,25894,"GDPR_Art5_1b, DPDPA_S8"
tenant-b_log_03.json,234567890123,AWS_ACCOUNT_ID,26743,26755,"GDPR_Art5_1b, DPDPA_S8"
tenant-b_log_03.json,234567890123,AWS_ACCOUNT_ID,26907,26919,"GDPR_Art5_1b, DPDPA_S8"
tenant-b_log_03.json,234567890123,AWS_ACCOUNT_ID,27159,27171,"GDPR_Art5_1b, DPDPA_S8"
tenant-b_log_03.json,234567890123,AWS_ACCOUNT_ID,28033,28045,"GDPR_Art5_1b, DPDPA_S8"
tenant-b_log_03.json,234567890123,AWS_ACCOUNT_ID,28197,28209,"GDPR_Art5_1b, DPDPA_S8"
tenant-b_log_03.json,234567890123,AWS_ACCOUNT_ID,28449,28461,"GDPR_Art5_1b, DPDPA_S8"
tenant-b_log_03.json,234567890123,AWS_ACCOUNT_ID,29320,29332,"GDPR_Art5_1b, DPDPA_S8"
tenant-b_log_03.json,234567890123,AWS_ACCOUNT_ID,29484,29496,"GDPR_Art5_1b, DPDPA_S8"
tenant-b_log_03.json,234567890123,AWS_ACCOUNT_ID,29736,29748,"GDPR_Art5_1b, DPDPA_S8"
tenant-b_log_03.json,234567890123,AWS_ACCOUNT_ID,30597,30609,"GDPR_Art5_1b, DPDPA_S8"
tenant-b_log_03.json,234567890123,AWS_ACCOUNT_ID,30761,30773,"GDPR_Art5_1b, DPDPA_S8"
tenant-b_log_03.json,234567890123,AWS_ACCOUNT_ID,31013,31025,"GDPR_Art5_1b, DPDPA_S8"
tenant-b_log_03.json,234567890123,AWS_ACCOUNT_ID,31872,31884,"GDPR_Art5_1b, DPDPA_S8"
tenant-b_log_03.json,234567890123,AWS_ACCOUNT_ID,32036,32048,"GDPR_Art5_1b, DPDPA_S8"
tenant-b_log_03.json,234567890123,AWS_ACCOUNT_ID,32288,32300,"GDPR_Art5_1b, DPDPA_S8"
tenant-b_log_03.json,234567890123,AWS_ACCOUNT_ID,33146,33158,"GDPR_Art5_1b, DPDPA_S8"
tenant-b_log_03.json,234567890123,AWS_ACCOUNT_ID,33310,33322,"GDPR_Art5_1b, DPDPA_S8"
tenant-b_log_03.json,234567890123,AWS_ACCOUNT_ID,33562,33574,"GDPR_Art5_1b, DPDPA_S8"
tenant-b_log_03.json,234567890123,AWS_ACCOUNT_ID,34426,34438,"GDPR_Art5_1b, DPDPA_S8"
tenant-b_log_03.json,234567890123,AWS_ACCOUNT_ID,34590,34602,"GDPR_Art5_1b, DPDPA_S8"
tenant-b_log_03.json,234567890123,AWS_ACCOUNT_ID,34843,34855,"GDPR_Art5_1b, DPDPA_S8"
tenant-b_log_03.json,234567890123,AWS_ACCOUNT_ID,35703,35715,"GDPR_Art5_1b, DPDPA_S8"
tenant-b_log_03.json,234567890123,AWS_ACCOUNT_ID,35867,35879,"GDPR_Art5_1b, DPDPA_S8"
tenant-b_log_03.json,234567890123,AWS_ACCOUNT_ID,36119,36131,"GDPR_Art5_1b, DPDPA_S8"
tenant-b_log_03.json,234567890123,AWS_ACCOUNT_ID,36982,36994,"GDPR_Art5_1b, DPDPA_S8"
tenant-b_log_03.json,234567890123,AWS_ACCOUNT_ID,37146,37158,"GDPR_Art5_1b, DPDPA_S8"
tenant-b_log_03.json,234567890123,AWS_ACCOUNT_ID,37398,37410,"GDPR_Art5_1b, DPDPA_S8"
tenant-b_log_03.json,234567890123,AWS_ACCOUNT_ID,38271,38283,"GDPR_Art5_1b, DPDPA_S8"
tenant-b_log_03.json,234567890123,AWS_ACCOUNT_ID,38435,38447,"GDPR_Art5_1b, DPDPA_S8"
tenant-b_log_03.json,234567890123,AWS_ACCOUNT_ID,38687,38699,"GDPR_Art5_1b, DPDPA_S8"
tenant-b_log_03.json,234567890123,AWS_ACCOUNT_ID,39547,39559,"GDPR_Art5_1b, DPDPA_S8"
tenant-b_log_03.json,234567890123,AWS_ACCOUNT_ID,39711,39723,"GDPR_Art5_1b, DPDPA_S8"
tenant-b_log_03.json,234567890123,AWS_ACCOUNT_ID,39963,39975,"GDPR_Art5_1b, DPDPA_S8"
tenant-b_log_03.json,234567890123,AWS_ACCOUNT_ID,40834,40846,"GDPR_Art5_1b, DPDPA_S8"
tenant-b_log_03.json,234567890123,AWS_ACCOUNT_ID,40998,41010,"GDPR_Art5_1b, DPDPA_S8"
tenant-b_log_03.json,234567890123,AWS_ACCOUNT_ID,41251,41263,"GDPR_Art5_1b, DPDPA_S8"
tenant-b_log_03.json,234567890123,AWS_ACCOUNT_ID,42111,42123,"GDPR_Art5_1b, DPDPA_S8"
tenant-b_log_03.json,234567890123,AWS_ACCOUNT_ID,42275,42287,"GDPR_Art5_1b, DPDPA_S8"
tenant-b_log_03.json,234567890123,AWS_ACCOUNT_ID,42528,42540,"GDPR_Art5_1b, DPDPA_S8"
tenant-b_log_03.json,234567890123,AWS_ACCOUNT_ID,43389,43401,"GDPR_Art5_1b, DPDPA_S8"
tenant-b_log_03.json,234567890123,AWS_ACCOUNT_ID,43553,43565,"GDPR_Art5_1b, DPDPA_S8"
tenant-b_log_03.json,234567890123,AWS_ACCOUNT_ID,43806,43818,"GDPR_Art5_1b, DPDPA_S8"
tenant-b_log_03.json,234567890123,AWS_ACCOUNT_ID,44676,44688,"GDPR_Art5_1b, DPDPA_S8"
tenant-b_log_03.json,234567890123,AWS_ACCOUNT_ID,44840,44852,"GDPR_Art5_1b, DPDPA_S8"
tenant-b_log_03.json,234567890123,AWS_ACCOUNT_ID,45093,45105,"GDPR_Art5_1b, DPDPA_S8"
tenant-b_log_03.json,234567890123,AWS_ACCOUNT_ID,45970,45982,"GDPR_Art5_1b, DPDPA_S8"
tenant-b_log_03.json,234567890123,AWS_ACCOUNT_ID,46134,46146,"GDPR_Art5_1b, DPDPA_S8"
tenant-b_log_03.json,234567890123,AWS_ACCOUNT_ID,46387,46399,"GDPR_Art5_1b, DPDPA_S8"
tenant-b_log_03.json,234567890123,AWS_ACCOUNT_ID,47251,47263,"GDPR_Art5_1b, DPDPA_S8"
tenant-b_log_03.json,234567890123,AWS_ACCOUNT_ID,47415,47427,"GDPR_Art5_1b, DPDPA_S8"
tenant-b_log_03.json,234567890123,AWS_ACCOUNT_ID,47667,47679,"GDPR_Art5_1b, DPDPA_S8"
tenant-b_log_03.json,234567890123,AWS_ACCOUNT_ID,48536,48548,"GDPR_Art5_1b, DPDPA_S8"
tenant-b_log_03.json,234567890123,AWS_ACCOUNT_ID,48700,48712,"GDPR_Art5_1b, DPDPA_S8"
tenant-b_log_03.json,234567890123,AWS_ACCOUNT_ID,48953,48965,"GDPR_Art5_1b, DPDPA_S8"
tenant-b_log_03.json,234567890123,AWS_ACCOUNT_ID,49821,49833,"GDPR_Art5_1b, DPDPA_S8"
tenant-b_log_03.json,234567890123,AWS_ACCOUNT_ID,49985,49997,"GDPR_Art5_1b, DPDPA_S8"
tenant-b_log_03.json,234567890123,AWS_ACCOUNT_ID,50237,50249,"GDPR_Art5_1b, DPDPA_S8"
tenant-b_log_03.json,234567890123,AWS_ACCOUNT_ID,51108,51120,"GDPR_Art5_1b, DPDPA_S8"
tenant-b_log_03.json,234567890123,AWS_ACCOUNT_ID,51272,51284,"GDPR_Art5_1b, DPDPA_S8"
tenant-b_log_04.json,david.raj,PERSON,284,293,"GDPR_Art5_1a, DPDPA_S8"
tenant-b_log_04.json,eve.patel,PERSON,1568,1577,"GDPR_Art5_1a, DPDPA_S8"
tenant-b_log_04.json,eve.patel,PERSON,2852,2861,"GDPR_Art5_1a, DPDPA_S8"
tenant-b_log_04.json,david.raj,PERSON,4129,4138,"GDPR_Art5_1a, DPDPA_S8"
tenant-b_log_04.json,david.raj,PERSON,5416,5425,"GDPR_Art5_1a, DPDPA_S8"
tenant-b_log_04.json,frank.nair,PERSON,6702,6712,"GDPR_Art5_1a, DPDPA_S8"
tenant-b_log_04.json,eve.patel,PERSON,7988,7997,"GDPR_Art5_1a, DPDPA_S8"
tenant-b_log_04.json,david.raj,PERSON,9265,9274,"GDPR_Art5_1a, DPDPA_S8"
tenant-b_log_04.json,eve.patel,PERSON,10548,10557,"GDPR_Art5_1a, DPDPA_S8"
tenant-b_log_04.json,david.raj,PERSON,11831,11840,"GDPR_Art5_1a, DPDPA_S8"
tenant-b_log_04.json,david.raj,PERSON,13120,13129,"GDPR_Art5_1a, DPDPA_S8"
tenant-b_log_04.json,eve.patel,PERSON,14404,14413,"GDPR_Art5_1a, DPDPA_S8"
tenant-b_log_04.json,eve.patel,PERSON,15693,15702,"GDPR_Art5_1a, DPDPA_S8"
tenant-b_log_04.json,frank.nair,PERSON,16969,16979,"GDPR_Art5_1a, DPDPA_S8"
tenant-b_log_04.json,david.raj,PERSON,18250,18259,"GDPR_Art5_1a, DPDPA_S8"
tenant-b_log_04.json,david.raj,PERSON,19534,19543,"GDPR_Art5_1a, DPDPA_S8"
tenant-b_log_04.json,eve.patel,PERSON,20815,20824,"GDPR_Art5_1a, DPDPA_S8"
tenant-b_log_04.json,david.raj,PERSON,22103,22112,"GDPR_Art5_1a, DPDPA_S8"
tenant-b_log_04.json,david.raj,PERSON,23379,23388,"GDPR_Art5_1a, DPDPA_S8"
tenant-b_log_04.json,eve.patel,PERSON,24654,24663,"GDPR_Art5_1a, DPDPA_S8"
tenant-b_log_04.json,frank.nair,PERSON,25927,25937,"GDPR_Art5_1a, DPDPA_S8"
tenant-b_log_04.json,eve.patel,PERSON,27204,27213,"GDPR_Art5_1a, DPDPA_S8"
tenant-b_log_04.json,eve.patel,PERSON,28480,28489,"GDPR_Art5_1a, DPDPA_S8"
tenant-b_log_04.json,david.raj,PERSON,29757,29766,"GDPR_Art5_1a, DPDPA_S8"
tenant-b_log_04.json,eve.patel,PERSON,31039,31048,"GDPR_Art5_1a, DPDPA_S8"
tenant-b_log_04.json,frank.nair,PERSON,32333,32343,"GDPR_Art5_1a, DPDPA_S8"
tenant-b_log_04.json,david.raj,PERSON,33613,33622,"GDPR_Art5_1a, DPDPA_S8"
tenant-b_log_04.json,eve.patel,PERSON,34891,34900,"GDPR_Art5_1a, DPDPA_S8"
tenant-b_log_04.json,eve.patel,PERSON,36172,36181,"GDPR_Art5_1a, DPDPA_S8"
tenant-b_log_04.json,eve.patel,PERSON,37456,37465,"GDPR_Art5_1a, DPDPA_S8"
tenant-b_log_04.json,frank.nair,PERSON,38738,38748,"GDPR_Art5_1a, DPDPA_S8"
tenant-b_log_04.json,eve.patel,PERSON,40016,40025,"GDPR_Art5_1a, DPDPA_S8"
tenant-b_log_04.json,eve.patel,PERSON,41302,41311,"GDPR_Art5_1a, DPDPA_S8"
tenant-b_log_04.json,david.raj,PERSON,42590,42599,"GDPR_Art5_1a, DPDPA_S8"
tenant-b_log_04.json,eve.patel,PERSON,43870,43879,"GDPR_Art5_1a, DPDPA_S8"
tenant-b_log_04.json,eve.patel,PERSON,45148,45157,"GDPR_Art5_1a, DPDPA_S8"
tenant-b_log_04.json,frank.nair,PERSON,46433,46443,"GDPR_Art5_1a, DPDPA_S8"
tenant-b_log_04.json,eve.patel,PERSON,47716,47725,"GDPR_Art5_1a, DPDPA_S8"
tenant-b_log_04.json,frank.nair,PERSON,48995,49005,"GDPR_Art5_1a, DPDPA_S8"
tenant-b_log_04.json,david.raj,PERSON,50272,50281,"GDPR_Art5_1a, DPDPA_S8"
tenant-b_log_04.json,69.214.22.141,IP_ADDRESS,678,691,"GDPR_Art5_1b, DPDPA_S8"
tenant-b_log_04.json,205.97.175.97,IP_ADDRESS,1962,1975,"GDPR_Art5_1b, DPDPA_S8"
tenant-b_log_04.json,126.111.237.9,IP_ADDRESS,3246,3259,"GDPR_Art5_1b, DPDPA_S8"
tenant-b_log_04.json,190.62.42.98,IP_ADDRESS,4523,4535,"GDPR_Art5_1b, DPDPA_S8"
tenant-b_log_04.json,175.126.43.122,IP_ADDRESS,5810,5824,"GDPR_Art5_1b, DPDPA_S8"
tenant-b_log_04.json,160.143.175.10,IP_ADDRESS,7097,7111,"GDPR_Art5_1b, DPDPA_S8"
tenant-b_log_04.json,52.90.183.13,IP_ADDRESS,8382,8394,"GDPR_Art5_1b, DPDPA_S8"
tenant-b_log_04.json,118.188.80.97,IP_ADDRESS,9659,9672,"GDPR_Art5_1b, DPDPA_S8"
tenant-b_log_04.json,181.35.158.120,IP_ADDRESS,10942,10956,"GDPR_Art5_1b, DPDPA_S8"
tenant-b_log_04.json,180.216.232.223,IP_ADDRESS,12225,12240,"GDPR_Art5_1b, DPDPA_S8"
tenant-b_log_04.json,87.218.105.76,IP_ADDRESS,13514,13527,"GDPR_Art5_1b, DPDPA_S8"
tenant-b_log_04.json,167.143.41.127,IP_ADDRESS,14798,14812,"GDPR_Art5_1b, DPDPA_S8"
tenant-b_log_04.json,156.110.22.17,IP_ADDRESS,16087,16100,"GDPR_Art5_1b, DPDPA_S8"
tenant-b_log_04.json,29.110.194.254,IP_ADDRESS,17364,17378,"GDPR_Art5_1b, DPDPA_S8"
tenant-b_log_04.json,83.160.236.203,IP_ADDRESS,18644,18658,"GDPR_Art5_1b, DPDPA_S8"
tenant-b_log_04.json,20.32.195.53,IP_ADDRESS,19928,19940,"GDPR_Art5_1b, DPDPA_S8"
tenant-b_log_04.json,189.208.221.158,IP_ADDRESS,21209,21224,"GDPR_Art5_1b, DPDPA_S8"
tenant-b_log_04.json,44.193.108.242,IP_ADDRESS,22497,22511,"GDPR_Art5_1b, DPDPA_S8"
tenant-b_log_04.json,62.42.190.64,IP_ADDRESS,23773,23785,"GDPR_Art5_1b, DPDPA_S8"
tenant-b_log_04.json,177.71.187.3,IP_ADDRESS,25048,25060,"GDPR_Art5_1b, DPDPA_S8"
tenant-b_log_04.json,185.25.73.250,IP_ADDRESS,26322,26335,"GDPR_Art5_1b, DPDPA_S8"
tenant-b_log_04.json,220.80.126.226,IP_ADDRESS,27598,27612,"GDPR_Art5_1b, DPDPA_S8"
tenant-b_log_04.json,39.112.79.207,IP_ADDRESS,28874,28887,"GDPR_Art5_1b, DPDPA_S8"
tenant-b_log_04.json,163.147.120.146,IP_ADDRESS,30151,30166,"GDPR_Art5_1b, DPDPA_S8"
tenant-b_log_04.json,165.34.128.22,IP_ADDRESS,31433,31446,"GDPR_Art5_1b, DPDPA_S8"
tenant-b_log_04.json,158.212.211.156,IP_ADDRESS,32729,32744,"GDPR_Art5_1b, DPDPA_S8"
tenant-b_log_04.json,87.178.76.212,IP_ADDRESS,34008,34021,"GDPR_Art5_1b, DPDPA_S8"
tenant-b_log_04.json,27.156.136.172,IP_ADDRESS,35286,35300,"GDPR_Art5_1b, DPDPA_S8"
tenant-b_log_04.json,86.249.197.37,IP_ADDRESS,36567,36580,"GDPR_Art5_1b, DPDPA_S8"
tenant-b_log_04.json,169.116.151.225,IP_ADDRESS,37851,37866,"GDPR_Art5_1b, DPDPA_S8"
tenant-b_log_04.json,162.168.75.33,IP_ADDRESS,39134,39147,"GDPR_Art5_1b, DPDPA_S8"
tenant-b_log_04.json,113.61.250.47,IP_ADDRESS,40411,40424,"GDPR_Art5_1b, DPDPA_S8"
tenant-b_log_04.json,115.233.117.222,IP_ADDRESS,41697,41712,"GDPR_Art5_1b, DPDPA_S8"
tenant-b_log_04.json,96.67.14.67,IP_ADDRESS,42985,42996,"GDPR_Art5_1b, DPDPA_S8"
tenant-b_log_04.json,153.92.72.151,IP_ADDRESS,44265,44278,"GDPR_Art5_1b, DPDPA_S8"
tenant-b_log_04.json,137.226.48.82,IP_ADDRESS,45543,45556,"GDPR_Art5_1b, DPDPA_S8"
tenant-b_log_04.json,168.135.146.210,IP_ADDRESS,46829,46844,"GDPR_Art5_1b, DPDPA_S8"
tenant-b_log_04.json,26.128.130.226,IP_ADDRESS,48111,48125,"GDPR_Art5_1b, DPDPA_S8"
tenant-b_log_04.json,165.219.69.70,IP_ADDRESS,49391,49404,"GDPR_Art5_1b, DPDPA_S8"
tenant-b_log_04.json,21.213.147.92,IP_ADDRESS,50667,50680,"GDPR_Art5_1b, DPDPA_S8"
tenant-b_log_04.json,arn:aws:iam::234567890123:user/david.raj,AWS_ARN,183,223,"GDPR_Art5_1b, DPDPA_S8"
tenant-b_log_04.json,arn:aws:s3:::tenant-b-finance,AWS_ARN,1060,1089,"GDPR_Art5_1b, DPDPA_S8"
tenant-b_log_04.json,arn:aws:iam::234567890123:user/eve.patel,AWS_ARN,1467,1507,"GDPR_Art5_1b, DPDPA_S8"
tenant-b_log_04.json,arn:aws:s3:::tenant-b-finance,AWS_ARN,2344,2373,"GDPR_Art5_1b, DPDPA_S8"
tenant-b_log_04.json,arn:aws:iam::234567890123:user/eve.patel,AWS_ARN,2751,2791,"GDPR_Art5_1b, DPDPA_S8"
tenant-b_log_04.json,arn:aws:s3:::tenant-b-hr,AWS_ARN,3626,3650,"GDPR_Art5_1b, DPDPA_S8"
tenant-b_log_04.json,arn:aws:iam::234567890123:user/david.raj,AWS_ARN,4028,4068,"GDPR_Art5_1b, DPDPA_S8"
tenant-b_log_04.json,arn:aws:s3:::tenant-b-finance,AWS_ARN,4908,4937,"GDPR_Art5_1b, DPDPA_S8"
tenant-b_log_04.json,arn:aws:iam::234567890123:user/david.raj,AWS_ARN,5315,5355,"GDPR_Art5_1b, DPDPA_S8"
tenant-b_log_04.json,arn:aws:s3:::tenant-b-finance,AWS_ARN,6193,6222,"GDPR_Art5_1b, DPDPA_S8"
tenant-b_log_04.json,arn:aws:iam::234567890123:user/frank.nair,AWS_ARN,6600,6641,"GDPR_Art5_1b, DPDPA_S8"
tenant-b_log_04.json,arn:aws:s3:::tenant-b-finance,AWS_ARN,7480,7509,"GDPR_Art5_1b, DPDPA_S8"
tenant-b_log_04.json,arn:aws:iam::234567890123:user/eve.patel,AWS_ARN,7887,7927,"GDPR_Art5_1b, DPDPA_S8"
tenant-b_log_04.json,arn:aws:s3:::tenant-b-hr,AWS_ARN,8762,8786,"GDPR_Art5_1b, DPDPA_S8"
tenant-b_log_04.json,arn:aws:iam::234567890123:user/david.raj,AWS_ARN,9164,9204,"GDPR_Art5_1b, DPDPA_S8"
tenant-b_log_04.json,arn:aws:s3:::tenant-b-finance,AWS_ARN,10040,10069,"GDPR_Art5_1b, DPDPA_S8"
tenant-b_log_04.json,arn:aws:iam::234567890123:user/eve.patel,AWS_ARN,10447,10487,"GDPR_Art5_1b, DPDPA_S8"
tenant-b_log_04.json,arn:aws:s3:::tenant-b-finance,AWS_ARN,11323,11352,"GDPR_Art5_1b, DPDPA_S8"
tenant-b_log_04.json,arn:aws:iam::234567890123:user/david.raj,AWS_ARN,11730,11770,"GDPR_Art5_1b, DPDPA_S8"
tenant-b_log_04.json,arn:aws:s3:::tenant-b-finance,AWS_ARN,12612,12641,"GDPR_Art5_1b, DPDPA_S8"
tenant-b_log_04.json,arn:aws:iam::234567890123:user/david.raj,AWS_ARN,13019,13059,"GDPR_Art5_1b, DPDPA_S8"
tenant-b_log_04.json,arn:aws:s3:::tenant-b-finance,AWS_ARN,13896,13925,"GDPR_Art5_1b, DPDPA_S8"
tenant-b_log_04.json,arn:aws:iam::234567890123:user/eve.patel,AWS_ARN,14303,14343,"GDPR_Art5_1b, DPDPA_S8"
tenant-b_log_04.json,arn:aws:s3:::tenant-b-finance,AWS_ARN,15185,15214,"GDPR_Art5_1b, DPDPA_S8"
tenant-b_log_04.json,arn:aws:iam::234567890123:user/eve.patel,AWS_ARN,15592,15632,"GDPR_Art5_1b, DPDPA_S8"
tenant-b_log_04.json,arn:aws:s3:::tenant-b-hr,AWS_ARN,16465,16489,"GDPR_Art5_1b, DPDPA_S8"
tenant-b_log_04.json,arn:aws:iam::234567890123:user/frank.nair,AWS_ARN,16867,16908,"GDPR_Art5_1b, DPDPA_S8"
tenant-b_log_04.json,arn:aws:s3:::tenant-b-hr,AWS_ARN,17747,17771,"GDPR_Art5_1b, DPDPA_S8"
tenant-b_log_04.json,arn:aws:iam::234567890123:user/david.raj,AWS_ARN,18149,18189,"GDPR_Art5_1b, DPDPA_S8"
tenant-b_log_04.json,arn:aws:s3:::tenant-b-hr,AWS_ARN,19031,19055,"GDPR_Art5_1b, DPDPA_S8"
tenant-b_log_04.json,arn:aws:iam::234567890123:user/david.raj,AWS_ARN,19433,19473,"GDPR_Art5_1b, DPDPA_S8"
tenant-b_log_04.json,arn:aws:s3:::tenant-b-hr,AWS_ARN,20312,20336,"GDPR_Art5_1b, DPDPA_S8"
tenant-b_log_04.json,arn:aws:iam::234567890123:user/eve.patel,AWS_ARN,20714,20754,"GDPR_Art5_1b, DPDPA_S8"
tenant-b_log_04.json,arn:aws:s3:::tenant-b-finance,AWS_ARN,21595,21624,"GDPR_Art5_1b, DPDPA_S8"
tenant-b_log_04.json,arn:aws:iam::234567890123:user/david.raj,AWS_ARN,22002,22042,"GDPR_Art5_1b, DPDPA_S8"
tenant-b_log_04.json,arn:aws:s3:::tenant-b-hr,AWS_ARN,22876,22900,"GDPR_Art5_1b, DPDPA_S8"
tenant-b_log_04.json,arn:aws:iam::234567890123:user/david.raj,AWS_ARN,23278,23318,"GDPR_Art5_1b, DPDPA_S8"
tenant-b_log_04.json,arn:aws:s3:::tenant-b-hr,AWS_ARN,24151,24175,"GDPR_Art5_1b, DPDPA_S8"
tenant-b_log_04.json,arn:aws:iam::234567890123:user/eve.patel,AWS_ARN,24553,24593,"GDPR_Art5_1b, DPDPA_S8"
tenant-b_log_04.json,arn:aws:s3:::tenant-b-hr,AWS_ARN,25423,25447,"GDPR_Art5_1b, DPDPA_S8"
tenant-b_log_04.json,arn:aws:iam::234567890123:user/frank.nair,AWS_ARN,25825,25866,"GDPR_Art5_1b, DPDPA_S8"
tenant-b_log_04.json,arn:aws:s3:::tenant-b-hr,AWS_ARN,26701,26725,"GDPR_Art5_1b, DPDPA_S8"
tenant-b_log_04.json,arn:aws:iam::234567890123:user/eve.patel,AWS_ARN,27103,27143,"GDPR_Art5_1b, DPDPA_S8"
tenant-b_log_04.json,arn:aws:s3:::tenant-b-hr,AWS_ARN,27977,28001,"GDPR_Art5_1b, DPDPA_S8"
tenant-b_log_04.json,arn:aws:iam::234567890123:user/eve.patel,AWS_ARN,28379,28419,"GDPR_Art5_1b, DPDPA_S8"
tenant-b_log_04.json,arn:aws:s3:::tenant-b-hr,AWS_ARN,29254,29278,"GDPR_Art5_1b, DPDPA_S8"
tenant-b_log_04.json,arn:aws:iam::234567890123:user/david.raj,AWS_ARN,29656,29696,"GDPR_Art5_1b, DPDPA_S8"
tenant-b_log_04.json,arn:aws:s3:::tenant-b-hr,AWS_ARN,30536,30560,"GDPR_Art5_1b, DPDPA_S8"
tenant-b_log_04.json,arn:aws:iam::234567890123:user/eve.patel,AWS_ARN,30938,30978,"GDPR_Art5_1b, DPDPA_S8"
tenant-b_log_04.json,arn:aws:s3:::tenant-b-finance,AWS_ARN,31824,31853,"GDPR_Art5_1b, DPDPA_S8"
tenant-b_log_04.json,arn:aws:iam::234567890123:user/frank.nair,AWS_ARN,32231,32272,"GDPR_Art5_1b, DPDPA_S8"
tenant-b_log_04.json,arn:aws:s3:::tenant-b-hr,AWS_ARN,33110,33134,"GDPR_Art5_1b, DPDPA_S8"
tenant-b_log_04.json,arn:aws:iam::234567890123:user/david.raj,AWS_ARN,33512,33552,"GDPR_Art5_1b, DPDPA_S8"
tenant-b_log_04.json,arn:aws:s3:::tenant-b-hr,AWS_ARN,34388,34412,"GDPR_Art5_1b, DPDPA_S8"
tenant-b_log_04.json,arn:aws:iam::234567890123:user/eve.patel,AWS_ARN,34790,34830,"GDPR_Art5_1b, DPDPA_S8"
tenant-b_log_04.json,arn:aws:s3:::tenant-b-hr,AWS_ARN,35669,35693,"GDPR_Art5_1b, DPDPA_S8"
tenant-b_log_04.json,arn:aws:iam::234567890123:user/eve.patel,AWS_ARN,36071,36111,"GDPR_Art5_1b, DPDPA_S8"
tenant-b_log_04.json,arn:aws:s3:::tenant-b-finance,AWS_ARN,36948,36977,"GDPR_Art5_1b, DPDPA_S8"
tenant-b_log_04.json,arn:aws:iam::234567890123:user/eve.patel,AWS_ARN,37355,37395,"GDPR_Art5_1b, DPDPA_S8"
tenant-b_log_04.json,arn:aws:s3:::tenant-b-hr,AWS_ARN,38234,38258,"GDPR_Art5_1b, DPDPA_S8"
tenant-b_log_04.json,arn:aws:iam::234567890123:user/frank.nair,AWS_ARN,38636,38677,"GDPR_Art5_1b, DPDPA_S8"
tenant-b_log_04.json,arn:aws:s3:::tenant-b-hr,AWS_ARN,39513,39537,"GDPR_Art5_1b, DPDPA_S8"
tenant-b_log_04.json,arn:aws:iam::234567890123:user/eve.patel,AWS_ARN,39915,39955,"GDPR_Art5_1b, DPDPA_S8"
tenant-b_log_04.json,arn:aws:s3:::tenant-b-finance,AWS_ARN,40794,40823,"GDPR_Art5_1b, DPDPA_S8"
tenant-b_log_04.json,arn:aws:iam::234567890123:user/eve.patel,AWS_ARN,41201,41241,"GDPR_Art5_1b, DPDPA_S8"
tenant-b_log_04.json,arn:aws:s3:::tenant-b-finance,AWS_ARN,42082,42111,"GDPR_Art5_1b, DPDPA_S8"
tenant-b_log_04.json,arn:aws:iam::234567890123:user/david.raj,AWS_ARN,42489,42529,"GDPR_Art5_1b, DPDPA_S8"
tenant-b_log_04.json,arn:aws:s3:::tenant-b-hr,AWS_ARN,43367,43391,"GDPR_Art5_1b, DPDPA_S8"
tenant-b_log_04.json,arn:aws:iam::234567890123:user/eve.patel,AWS_ARN,43769,43809,"GDPR_Art5_1b, DPDPA_S8"
tenant-b_log_04.json,arn:aws:s3:::tenant-b-hr,AWS_ARN,44645,44669,"GDPR_Art5_1b, DPDPA_S8"
tenant-b_log_04.json,arn:aws:iam::234567890123:user/eve.patel,AWS_ARN,45047,45087,"GDPR_Art5_1b, DPDPA_S8"
tenant-b_log_04.json,arn:aws:s3:::tenant-b-finance,AWS_ARN,45924,45953,"GDPR_Art5_1b, DPDPA_S8"
tenant-b_log_04.json,arn:aws:iam::234567890123:user/frank.nair,AWS_ARN,46331,46372,"GDPR_Art5_1b, DPDPA_S8"
tenant-b_log_04.json,arn:aws:s3:::tenant-b-hr,AWS_ARN,47213,47237,"GDPR_Art5_1b, DPDPA_S8"
tenant-b_log_04.json,arn:aws:iam::234567890123:user/eve.patel,AWS_ARN,47615,47655,"GDPR_Art5_1b, DPDPA_S8"
tenant-b_log_04.json,arn:aws:s3:::tenant-b-hr,AWS_ARN,48491,48515,"GDPR_Art5_1b, DPDPA_S8"
tenant-b_log_04.json,arn:aws:iam::234567890123:user/frank.nair,AWS_ARN,48893,48934,"GDPR_Art5_1b, DPDPA_S8"
tenant-b_log_04.json,arn:aws:s3:::tenant-b-hr,AWS_ARN,49769,49793,"GDPR_Art5_1b, DPDPA_S8"
tenant-b_log_04.json,arn:aws:iam::234567890123:user/david.raj,AWS_ARN,50171,50211,"GDPR_Art5_1b, DPDPA_S8"
tenant-b_log_04.json,arn:aws:s3:::tenant-b-hr,AWS_ARN,51045,51069,"GDPR_Art5_1b, DPDPA_S8"
tenant-b_log_04.json,234567890123,AWS_ACCOUNT_ID,248,260,"GDPR_Art5_1b, DPDPA_S8"
tenant-b_log_04.json,234567890123,AWS_ACCOUNT_ID,1116,1128,"GDPR_Art5_1b, DPDPA_S8"
tenant-b_log_04.json,234567890123,AWS_ACCOUNT_ID,1280,1292,"GDPR_Art5_1b, DPDPA_S8"
tenant-b_log_04.json,234567890123,AWS_ACCOUNT_ID,1532,1544,"GDPR_Art5_1b, DPDPA_S8"
tenant-b_log_04.json,234567890123,AWS_ACCOUNT_ID,2400,2412,"GDPR_Art5_1b, DPDPA_S8"
tenant-b_log_04.json,234567890123,AWS_ACCOUNT_ID,2564,2576,"GDPR_Art5_1b, DPDPA_S8"
tenant-b_log_04.json,234567890123,AWS_ACCOUNT_ID,2816,2828,"GDPR_Art5_1b, DPDPA_S8"
tenant-b_log_04.json,234567890123,AWS_ACCOUNT_ID,3677,3689,"GDPR_Art5_1b, DPDPA_S8"
tenant-b_log_04.json,234567890123,AWS_ACCOUNT_ID,3841,3853,"GDPR_Art5_1b, DPDPA_S8"
tenant-b_log_04.json,234567890123,AWS_ACCOUNT_ID,4093,4105,"GDPR_Art5_1b, DPDPA_S8"
tenant-b_log_04.json,234567890123,AWS_ACCOUNT_ID,4964,4976,"GDPR_Art5_1b, DPDPA_S8"
tenant-b_log_04.json,234567890123,AWS_ACCOUNT_ID,5128,5140,"GDPR_Art5_1b, DPDPA_S8"
tenant-b_log_04.json,234567890123,AWS_ACCOUNT_ID,5380,5392,"GDPR_Art5_1b, DPDPA_S8"
tenant-b_log_04.json,234567890123,AWS_ACCOUNT_ID,6249,6261,"GDPR_Art5_1b, DPDPA_S8"
tenant-b_log_04.json,234567890123,AWS_ACCOUNT_ID,6413,6425,"GDPR_Art5_1b, DPDPA_S8"
tenant-b_log_04.json,234567890123,AWS_ACCOUNT_ID,6666,6678,"GDPR_Art5_1b, DPDPA_S8"
tenant-b_log_04.json,234567890123,AWS_ACCOUNT_ID,7536,7548,"GDPR_Art5_1b, DPDPA_S8"
tenant-b_log_04.json,234567890123,AWS_ACCOUNT_ID,7700,7712,"GDPR_Art5_1b, DPDPA_S8"
tenant-b_log_04.json,234567890123,AWS_ACCOUNT_ID,7952,7964,"GDPR_Art5_1b, DPDPA_S8"
tenant-b_log_04.json,234567890123,AWS_ACCOUNT_ID,8813,8825,"GDPR_Art5_1b, DPDPA_S8"
tenant-b_log_04.json,234567890123,AWS_ACCOUNT_ID,8977,8989,"GDPR_Art5_1b, DPDPA_S8"
tenant-b_log_04.json,234567890123,AWS_ACCOUNT_ID,9229,9241,"GDPR_Art5_1b, DPDPA_S8"
tenant-b_log_04.json,234567890123,AWS_ACCOUNT_ID,10096,10108,"GDPR_Art5_1b, DPDPA_S8"
tenant-b_log_04.json,234567890123,AWS_ACCOUNT_ID,10260,10272,"GDPR_Art5_1b, DPDPA_S8"
tenant-b_log_04.json,234567890123,AWS_ACCOUNT_ID,10512,10524,"GDPR_Art5_1b, DPDPA_S8"
tenant-b_log_04.json,234567890123,AWS_ACCOUNT_ID,11379,11391,"GDPR_Art5_1b, DPDPA_S8"
tenant-b_log_04.json,234567890123,AWS_ACCOUNT_ID,11543,11555,"GDPR_Art5_1b, DPDPA_S8"
tenant-b_log_04.json,234567890123,AWS_ACCOUNT_ID,11795,11807,"GDPR_Art5_1b, DPDPA_S8"
tenant-b_log_04.json,234567890123,AWS_ACCOUNT_ID,12668,12680,"GDPR_Art5_1b, DPDPA_S8"
tenant-b_log_04.json,234567890123,AWS_ACCOUNT_ID,12832,12844,"GDPR_Art5_1b, DPDPA_S8"
tenant-b_log_04.json,234567890123,AWS_ACCOUNT_ID,13084,13096,"GDPR_Art5_1b, DPDPA_S8"
tenant-b_log_04.json,234567890123,AWS_ACCOUNT_ID,13952,13964,"GDPR_Art5_1b, DPDPA_S8"
tenant-b_log_04.json,234567890123,AWS_ACCOUNT_ID,14116,14128,"GDPR_Art5_1b, DPDPA_S8"
tenant-b_log_04.json,234567890123,AWS_ACCOUNT_ID,14368,14380,"GDPR_Art5_1b, DPDPA_S8"
tenant-b_log_04.json,234567890123,AWS_ACCOUNT_ID,15241,15253,"GDPR_Art5_1b, DPDPA_S8"
tenant-b_log_04.json,234567890123,AWS_ACCOUNT_ID,15405,15417,"GDPR_Art5_1b, DPDPA_S8"
tenant-b_log_04.json,234567890123,AWS_ACCOUNT_ID,15657,15669,"GDPR_Art5_1b, DPDPA_S8"
tenant-b_log_04.json,234567890123,AWS_ACCOUNT_ID,16516,16528,"GDPR_Art5_1b, DPDPA_S8"
tenant-b_log_04.json,234567890123,AWS_ACCOUNT_ID,16680,16692,"GDPR_Art5_1b, DPDPA_S8"
tenant-b_log_04.json,234567890123,AWS_ACCOUNT_ID,16933,16945,"GDPR_Art5_1b, DPDPA_S8"
tenant-b_log_04.json,234567890123,AWS_ACCOUNT_ID,17798,17810,"GDPR_Art5_1b, DPDPA_S8"
tenant-b_log_04.json,234567890123,AWS_ACCOUNT_ID,17962,17974,"GDPR_Art5_1b, DPDPA_S8"
tenant-b_log_04.json,234567890123,AWS_ACCOUNT_ID,18214,18226,"GDPR_Art5_1b, DPDPA_S8"
tenant-b_log_04.json,234567890123,AWS_ACCOUNT_ID,19082,19094,"GDPR_Art5_1b, DPDPA_S8"
tenant-b_log_04.json,234567890123,AWS_ACCOUNT_ID,19246,19258,"GDPR_Art5_1b, DPDPA_S8"
tenant-b_log_04.json,234567890123,AWS_ACCOUNT_ID,19498,19510,"GDPR_Art5_1b, DPDPA_S8"
tenant-b_log_04.json,234567890123,AWS_ACCOUNT_ID,20363,20375,"GDPR_Art5_1b, DPDPA_S8"
tenant-b_log_04.json,234567890123,AWS_ACCOUNT_ID,20527,20539,"GDPR_Art5_1b, DPDPA_S8"
tenant-b_log_04.json,234567890123,AWS_ACCOUNT_ID,20779,20791,"GDPR_Art5_1b, DPDPA_S8"
tenant-b_log_04.json,234567890123,AWS_ACCOUNT_ID,21651,21663,"GDPR_Art5_1b, DPDPA_S8"
tenant-b_log_04.json,234567890123,AWS_ACCOUNT_ID,21815,21827,"GDPR_Art5_1b, DPDPA_S8"
tenant-b_log_04.json,234567890123,AWS_ACCOUNT_ID,22067,22079,"GDPR_Art5_1b, DPDPA_S8"
tenant-b_log_04.json,234567890123,AWS_ACCOUNT_ID,22927,22939,"GDPR_Art5_1b, DPDPA_S8"
tenant-b_log_04.json,234567890123,AWS_ACCOUNT_ID,23091,23103,"GDPR_Art5_1b, DPDPA_S8"
tenant-b_log_04.json,234567890123,AWS_ACCOUNT_ID,23343,23355,"GDPR_Art5_1b, DPDPA_S8"
tenant-b_log_04.json,234567890123,AWS_ACCOUNT_ID,24202,24214,"GDPR_Art5_1b, DPDPA_S8"
tenant-b_log_04.json,234567890123,AWS_ACCOUNT_ID,24366,24378,"GDPR_Art5_1b, DPDPA_S8"
tenant-b_log_04.json,234567890123,AWS_ACCOUNT_ID,24618,24630,"GDPR_Art5_1b, DPDPA_S8"
tenant-b_log_04.json,234567890123,AWS_ACCOUNT_ID,25474,25486,"GDPR_Art5_1b, DPDPA_S8"
tenant-b_log_04.json,234567890123,AWS_ACCOUNT_ID,25638,25650,"GDPR_Art5_1b, DPDPA_S8"
tenant-b_log_04.json,234567890123,AWS_ACCOUNT_ID,25891,25903,"GDPR_Art5_1b, DPDPA_S8"
tenant-b_log_04.json,234567890123,AWS_ACCOUNT_ID,26752,26764,"GDPR_Art5_1b, DPDPA_S8"
tenant-b_log_04.json,234567890123,AWS_ACCOUNT_ID,26916,26928,"GDPR_Art5_1b, DPDPA_S8"
tenant-b_log_04.json,234567890123,AWS_ACCOUNT_ID,27168,27180,"GDPR_Art5_1b, DPDPA_S8"
tenant-b_log_04.json,234567890123,AWS_ACCOUNT_ID,28028,28040,"GDPR_Art5_1b, DPDPA_S8"
tenant-b_log_04.json,234567890123,AWS_ACCOUNT_ID,28192,28204,"GDPR_Art5_1b, DPDPA_S8"
tenant-b_log_04.json,234567890123,AWS_ACCOUNT_ID,28444,28456,"GDPR_Art5_1b, DPDPA_S8"
tenant-b_log_04.json,234567890123,AWS_ACCOUNT_ID,29305,29317,"GDPR_Art5_1b, DPDPA_S8"
tenant-b_log_04.json,234567890123,AWS_ACCOUNT_ID,29469,29481,"GDPR_Art5_1b, DPDPA_S8"
tenant-b_log_04.json,234567890123,AWS_ACCOUNT_ID,29721,29733,"GDPR_Art5_1b, DPDPA_S8"
tenant-b_log_04.json,234567890123,AWS_ACCOUNT_ID,30587,30599,"GDPR_Art5_1b, DPDPA_S8"
tenant-b_log_04.json,234567890123,AWS_ACCOUNT_ID,30751,30763,"GDPR_Art5_1b, DPDPA_S8"
tenant-b_log_04.json,234567890123,AWS_ACCOUNT_ID,31003,31015,"GDPR_Art5_1b, DPDPA_S8"
tenant-b_log_04.json,234567890123,AWS_ACCOUNT_ID,31880,31892,"GDPR_Art5_1b, DPDPA_S8"
tenant-b_log_04.json,234567890123,AWS_ACCOUNT_ID,32044,32056,"GDPR_Art5_1b, DPDPA_S8"
tenant-b_log_04.json,234567890123,AWS_ACCOUNT_ID,32297,32309,"GDPR_Art5_1b, DPDPA_S8"
tenant-b_log_04.json,234567890123,AWS_ACCOUNT_ID,33161,33173,"GDPR_Art5_1b, DPDPA_S8"
tenant-b_log_04.json,234567890123,AWS_ACCOUNT_ID,33325,33337,"GDPR_Art5_1b, DPDPA_S8"
tenant-b_log_04.json,234567890123,AWS_ACCOUNT_ID,33577,33589,"GDPR_Art5_1b, DPDPA_S8"
tenant-b_log_04.json,234567890123,AWS_ACCOUNT_ID,34439,34451,"GDPR_Art5_1b, DPDPA_S8"
tenant-b_log_04.json,234567890123,AWS_ACCOUNT_ID,34603,34615,"GDPR_Art5_1b, DPDPA_S8"
tenant-b_log_04.json,234567890123,AWS_ACCOUNT_ID,34855,34867,"GDPR_Art5_1b, DPDPA_S8"
tenant-b_log_04.json,234567890123,AWS_ACCOUNT_ID,35720,35732,"GDPR_Art5_1b, DPDPA_S8"
tenant-b_log_04.json,234567890123,AWS_ACCOUNT_ID,35884,35896,"GDPR_Art5_1b, DPDPA_S8"
tenant-b_log_04.json,234567890123,AWS_ACCOUNT_ID,36136,36148,"GDPR_Art5_1b, DPDPA_S8"
tenant-b_log_04.json,234567890123,AWS_ACCOUNT_ID,37004,37016,"GDPR_Art5_1b, DPDPA_S8"
tenant-b_log_04.json,234567890123,AWS_ACCOUNT_ID,37168,37180,"GDPR_Art5_1b, DPDPA_S8"
tenant-b_log_04.json,234567890123,AWS_ACCOUNT_ID,37420,37432,"GDPR_Art5_1b, DPDPA_S8"
tenant-b_log_04.json,234567890123,AWS_ACCOUNT_ID,38285,38297,"GDPR_Art5_1b, DPDPA_S8"
tenant-b_log_04.json,234567890123,AWS_ACCOUNT_ID,38449,38461,"GDPR_Art5_1b, DPDPA_S8"
tenant-b_log_04.json,234567890123,AWS_ACCOUNT_ID,38702,38714,"GDPR_Art5_1b, DPDPA_S8"
tenant-b_log_04.json,234567890123,AWS_ACCOUNT_ID,39564,39576,"GDPR_Art5_1b, DPDPA_S8"
tenant-b_log_04.json,234567890123,AWS_ACCOUNT_ID,39728,39740,"GDPR_Art5_1b, DPDPA_S8"
tenant-b_log_04.json,234567890123,AWS_ACCOUNT_ID,39980,39992,"GDPR_Art5_1b, DPDPA_S8"
tenant-b_log_04.json,234567890123,AWS_ACCOUNT_ID,40850,40862,"GDPR_Art5_1b, DPDPA_S8"
tenant-b_log_04.json,234567890123,AWS_ACCOUNT_ID,41014,41026,"GDPR_Art5_1b, DPDPA_S8"
tenant-b_log_04.json,234567890123,AWS_ACCOUNT_ID,41266,41278,"GDPR_Art5_1b, DPDPA_S8"
tenant-b_log_04.json,234567890123,AWS_ACCOUNT_ID,42138,42150,"GDPR_Art5_1b, DPDPA_S8"
tenant-b_log_04.json,234567890123,AWS_ACCOUNT_ID,42302,42314,"GDPR_Art5_1b, DPDPA_S8"
tenant-b_log_04.json,234567890123,AWS_ACCOUNT_ID,42554,42566,"GDPR_Art5_1b, DPDPA_S8"
tenant-b_log_04.json,234567890123,AWS_ACCOUNT_ID,43418,43430,"GDPR_Art5_1b, DPDPA_S8"
tenant-b_log_04.json,234567890123,AWS_ACCOUNT_ID,43582,43594,"GDPR_Art5_1b, DPDPA_S8"
tenant-b_log_04.json,234567890123,AWS_ACCOUNT_ID,43834,43846,"GDPR_Art5_1b, DPDPA_S8"
tenant-b_log_04.json,234567890123,AWS_ACCOUNT_ID,44696,44708,"GDPR_Art5_1b, DPDPA_S8"
tenant-b_log_04.json,234567890123,AWS_ACCOUNT_ID,44860,44872,"GDPR_Art5_1b, DPDPA_S8"
tenant-b_log_04.json,234567890123,AWS_ACCOUNT_ID,45112,45124,"GDPR_Art5_1b, DPDPA_S8"
tenant-b_log_04.json,234567890123,AWS_ACCOUNT_ID,45980,45992,"GDPR_Art5_1b, DPDPA_S8"
tenant-b_log_04.json,234567890123,AWS_ACCOUNT_ID,46144,46156,"GDPR_Art5_1b, DPDPA_S8"
tenant-b_log_04.json,234567890123,AWS_ACCOUNT_ID,46397,46409,"GDPR_Art5_1b, DPDPA_S8"
tenant-b_log_04.json,234567890123,AWS_ACCOUNT_ID,47264,47276,"GDPR_Art5_1b, DPDPA_S8"
tenant-b_log_04.json,234567890123,AWS_ACCOUNT_ID,47428,47440,"GDPR_Art5_1b, DPDPA_S8"
tenant-b_log_04.json,234567890123,AWS_ACCOUNT_ID,47680,47692,"GDPR_Art5_1b, DPDPA_S8"
tenant-b_log_04.json,234567890123,AWS_ACCOUNT_ID,48542,48554,"GDPR_Art5_1b, DPDPA_S8"
tenant-b_log_04.json,234567890123,AWS_ACCOUNT_ID,48706,48718,"GDPR_Art5_1b, DPDPA_S8"
tenant-b_log_04.json,234567890123,AWS_ACCOUNT_ID,48959,48971,"GDPR_Art5_1b, DPDPA_S8"
tenant-b_log_04.json,234567890123,AWS_ACCOUNT_ID,49820,49832,"GDPR_Art5_1b, DPDPA_S8"
tenant-b_log_04.json,234567890123,AWS_ACCOUNT_ID,49984,49996,"GDPR_Art5_1b, DPDPA_S8"
tenant-b_log_04.json,234567890123,AWS_ACCOUNT_ID,50236,50248,"GDPR_Art5_1b, DPDPA_S8"
tenant-b_log_04.json,234567890123,AWS_ACCOUNT_ID,51096,51108,"GDPR_Art5_1b, DPDPA_S8"
tenant-b_log_04.json,234567890123,AWS_ACCOUNT_ID,51260,51272,"GDPR_Art5_1b, DPDPA_S8"
tenant-b_log_05.json,frank.nair,PERSON,285,295,"GDPR_Art5_1a, DPDPA_S8"
tenant-b_log_05.json,david.raj,PERSON,1573,1582,"GDPR_Art5_1a, DPDPA_S8"
tenant-b_log_05.json,frank.nair,PERSON,2850,2860,"GDPR_Art5_1a, DPDPA_S8"
tenant-b_log_05.json,eve.patel,PERSON,4126,4135,"GDPR_Art5_1a, DPDPA_S8"
tenant-b_log_05.json,frank.nair,PERSON,5402,5412,"GDPR_Art5_1a, DPDPA_S8"
tenant-b_log_05.json,david.raj,PERSON,6690,6699,"GDPR_Art5_1a, DPDPA_S8"
tenant-b_log_05.json,david.raj,PERSON,7978,7987,"GDPR_Art5_1a, DPDPA_S8"
tenant-b_log_05.json,frank.nair,PERSON,9270,9280,"GDPR_Art5_1a, DPDPA_S8"
tenant-b_log_05.json,eve.patel,PERSON,10543,10552,"GDPR_Art5_1a, DPDPA_S8"
tenant-b_log_05.json,eve.patel,PERSON,11836,11845,"GDPR_Art5_1a, DPDPA_S8"
tenant-b_log_05.json,eve.patel,PERSON,13124,13133,"GDPR_Art5_1a, DPDPA_S8"
tenant-b_log_05.json,eve.patel,PERSON,14415,14424,"GDPR_Art5_1a, DPDPA_S8"
tenant-b_log_05.json,frank.nair,PERSON,15693,15703,"GDPR_Art5_1a, DPDPA_S8"
tenant-b_log_05.json,eve.patel,PERSON,16977,16986,"GDPR_Art5_1a, DPDPA_S8"
tenant-b_log_05.json,eve.patel,PERSON,18249,18258,"GDPR_Art5_1a, DPDPA_S8"
tenant-b_log_05.json,eve.patel,PERSON,19524,19533,"GDPR_Art5_1a, DPDPA_S8"
tenant-b_log_05.json,david.raj,PERSON,20810,20819,"GDPR_Art5_1a, DPDPA_S8"
tenant-b_log_05.json,frank.nair,PERSON,22096,22106,"GDPR_Art5_1a, DPDPA_S8"
tenant-b_log_05.json,david.raj,PERSON,23378,23387,"GDPR_Art5_1a, DPDPA_S8"
tenant-b_log_05.json,eve.patel,PERSON,24664,24673,"GDPR_Art5_1a, DPDPA_S8"
tenant-b_log_05.json,eve.patel,PERSON,25946,25955,"GDPR_Art5_1a, DPDPA_S8"
tenant-b_log_05.json,frank.nair,PERSON,27223,27233,"GDPR_Art5_1a, DPDPA_S8"
tenant-b_log_05.json,frank.nair,PERSON,28499,28509,"GDPR_Art5_1a, DPDPA_S8"
tenant-b_log_05.json,david.raj,PERSON,29789,29798,"GDPR_Art5_1a, DPDPA_S8"
tenant-b_log_05.json,david.raj,PERSON,31071,31080,"GDPR_Art5_1a, DPDPA_S8"
tenant-b_log_05.json,david.raj,PERSON,32357,32366,"GDPR_Art5_1a, DPDPA_S8"
tenant-b_log_05.json,eve.patel,PERSON,33631,33640,"GDPR_Art5_1a, DPDPA_S8"
tenant-b_log_05.json,david.raj,PERSON,34906,34915,"GDPR_Art5_1a, DPDPA_S8"
tenant-b_log_05.json,frank.nair,PERSON,36195,36205,"GDPR_Art5_1a, DPDPA_S8"
tenant-b_log_05.json,frank.nair,PERSON,37483,37493,"GDPR_Art5_1a, DPDPA_S8"
tenant-b_log_05.json,eve.patel,PERSON,38762,38771,"GDPR_Art5_1a, DPDPA_S8"
tenant-b_log_05.json,frank.nair,PERSON,40049,40059,"GDPR_Art5_1a, DPDPA_S8"
tenant-b_log_05.json,frank.nair,PERSON,41335,41345,"GDPR_Art5_1a, DPDPA_S8"
tenant-b_log_05.json,eve.patel,PERSON,42615,42624,"GDPR_Art5_1a, DPDPA_S8"
tenant-b_log_05.json,david.raj,PERSON,43907,43916,"GDPR_Art5_1a, DPDPA_S8"
tenant-b_log_05.json,david.raj,PERSON,45194,45203,"GDPR_Art5_1a, DPDPA_S8"
tenant-b_log_05.json,david.raj,PERSON,46481,46490,"GDPR_Art5_1a, DPDPA_S8"
tenant-b_log_05.json,eve.patel,PERSON,47769,47778,"GDPR_Art5_1a, DPDPA_S8"
tenant-b_log_05.json,eve.patel,PERSON,49058,49067,"GDPR_Art5_1a, DPDPA_S8"
tenant-b_log_05.json,david.raj,PERSON,50334,50343,"GDPR_Art5_1a, DPDPA_S8"
tenant-b_log_05.json,54.246.32.197,IP_ADDRESS,680,693,"GDPR_Art5_1b, DPDPA_S8"
tenant-b_log_05.json,4.67.183.230,IP_ADDRESS,1967,1979,"GDPR_Art5_1b, DPDPA_S8"
tenant-b_log_05.json,103.167.93.169,IP_ADDRESS,3245,3259,"GDPR_Art5_1b, DPDPA_S8"
tenant-b_log_05.json,95.127.228.160,IP_ADDRESS,4520,4534,"GDPR_Art5_1b, DPDPA_S8"
tenant-b_log_05.json,114.162.59.250,IP_ADDRESS,5797,5811,"GDPR_Art5_1b, DPDPA_S8"
tenant-b_log_05.json,167.197.83.169,IP_ADDRESS,7084,7098,"GDPR_Art5_1b, DPDPA_S8"
tenant-b_log_05.json,147.37.172.254,IP_ADDRESS,8372,8386,"GDPR_Art5_1b, DPDPA_S8"
tenant-b_log_05.json,85.155.34.3,IP_ADDRESS,9665,9676,"GDPR_Art5_1b, DPDPA_S8"
tenant-b_log_05.json,135.146.174.206,IP_ADDRESS,10937,10952,"GDPR_Art5_1b, DPDPA_S8"
tenant-b_log_05.json,79.6.8.227,IP_ADDRESS,12230,12240,"GDPR_Art5_1b, DPDPA_S8"
tenant-b_log_05.json,183.17.203.237,IP_ADDRESS,13518,13532,"GDPR_Art5_1b, DPDPA_S8"
tenant-b_log_05.json,155.118.14.157,IP_ADDRESS,14809,14823,"GDPR_Art5_1b, DPDPA_S8"
tenant-b_log_05.json,28.28.29.140,IP_ADDRESS,16088,16100,"GDPR_Art5_1b, DPDPA_S8"
tenant-b_log_05.json,193.89.51.110,IP_ADDRESS,17371,17384,"GDPR_Art5_1b, DPDPA_S8"
tenant-b_log_05.json,179.78.112.255,IP_ADDRESS,18643,18657,"GDPR_Art5_1b, DPDPA_S8"
tenant-b_log_05.json,157.184.11.212,IP_ADDRESS,19918,19932,"GDPR_Art5_1b, DPDPA_S8"
tenant-b_log_05.json,161.153.167.1,IP_ADDRESS,21204,21217,"GDPR_Art5_1b, DPDPA_S8"
tenant-b_log_05.json,89.252.40.203,IP_ADDRESS,22491,22504,"GDPR_Art5_1b, DPDPA_S8"
tenant-b_log_05.json,57.244.242.142,IP_ADDRESS,23772,23786,"GDPR_Art5_1b, DPDPA_S8"
tenant-b_log_05.json,140.120.155.169,IP_ADDRESS,25058,25073,"GDPR_Art5_1b, DPDPA_S8"
tenant-b_log_05.json,188.39.184.19,IP_ADDRESS,26340,26353,"GDPR_Art5_1b, DPDPA_S8"
tenant-b_log_05.json,107.15.170.233,IP_ADDRESS,27618,27632,"GDPR_Art5_1b, DPDPA_S8"
tenant-b_log_05.json,1.68.42.109,IP_ADDRESS,28894,28905,"GDPR_Art5_1b, DPDPA_S8"
tenant-b_log_05.json,29.3.228.15,IP_ADDRESS,30183,30194,"GDPR_Art5_1b, DPDPA_S8"
tenant-b_log_05.json,105.8.200.69,IP_ADDRESS,31465,31477,"GDPR_Art5_1b, DPDPA_S8"
tenant-b_log_05.json,69.72.89.160,IP_ADDRESS,32752,32764,"GDPR_Art5_1b, DPDPA_S8"
tenant-b_log_05.json,161.161.88.51,IP_ADDRESS,34026,34039,"GDPR_Art5_1b, DPDPA_S8"
tenant-b_log_05.json,194.135.240.113,IP_ADDRESS,35301,35316,"GDPR_Art5_1b, DPDPA_S8"
tenant-b_log_05.json,32.220.170.131,IP_ADDRESS,36591,36605,"GDPR_Art5_1b, DPDPA_S8"
tenant-b_log_05.json,60.217.221.196,IP_ADDRESS,37879,37893,"GDPR_Art5_1b, DPDPA_S8"
tenant-b_log_05.json,214.146.217.87,IP_ADDRESS,39157,39171,"GDPR_Art5_1b, DPDPA_S8"
tenant-b_log_05.json,74.36.71.237,IP_ADDRESS,40445,40457,"GDPR_Art5_1b, DPDPA_S8"
tenant-b_log_05.json,200.97.79.152,IP_ADDRESS,41731,41744,"GDPR_Art5_1b, DPDPA_S8"
tenant-b_log_05.json,217.81.232.182,IP_ADDRESS,43010,43024,"GDPR_Art5_1b, DPDPA_S8"
tenant-b_log_05.json,73.5.47.46,IP_ADDRESS,44302,44312,"GDPR_Art5_1b, DPDPA_S8"
tenant-b_log_05.json,155.252.143.16,IP_ADDRESS,45589,45603,"GDPR_Art5_1b, DPDPA_S8"
tenant-b_log_05.json,8.230.218.105,IP_ADDRESS,46876,46889,"GDPR_Art5_1b, DPDPA_S8"
tenant-b_log_05.json,73.211.183.36,IP_ADDRESS,48164,48177,"GDPR_Art5_1b, DPDPA_S8"
tenant-b_log_05.json,34.16.180.225,IP_ADDRESS,49453,49466,"GDPR_Art5_1b, DPDPA_S8"
tenant-b_log_05.json,80.15.147.72,IP_ADDRESS,50729,50741,"GDPR_Art5_1b, DPDPA_S8"
tenant-b_log_05.json,arn:aws:iam::234567890123:user/frank.nair,AWS_ARN,183,224,"GDPR_Art5_1b, DPDPA_S8"
tenant-b_log_05.json,arn:aws:s3:::tenant-b-finance,AWS_ARN,1065,1094,"GDPR_Art5_1b, DPDPA_S8"
tenant-b_log_05.json,arn:aws:iam::234567890123:user/david.raj,AWS_ARN,1472,1512,"GDPR_Art5_1b, DPDPA_S8"
tenant-b_log_05.json,arn:aws:s3:::tenant-b-hr,AWS_ARN,2346,2370,"GDPR_Art5_1b, DPDPA_S8"
tenant-b_log_05.json,arn:aws:iam::234567890123:user/frank.nair,AWS_ARN,2748,2789,"GDPR_Art5_1b, DPDPA_S8"
tenant-b_log_05.json,arn:aws:s3:::tenant-b-hr,AWS_ARN,3623,3647,"GDPR_Art5_1b, DPDPA_S8"
tenant-b_log_05.json,arn:aws:iam::234567890123:user/eve.patel,AWS_ARN,4025,4065,"GDPR_Art5_1b, DPDPA_S8"
tenant-b_log_05.json,arn:aws:s3:::tenant-b-hr,AWS_ARN,4898,4922,"GDPR_Art5_1b, DPDPA_S8"
tenant-b_log_05.json,arn:aws:iam::234567890123:user/frank.nair,AWS_ARN,5300,5341,"GDPR_Art5_1b, DPDPA_S8"
tenant-b_log_05.json,arn:aws:s3:::tenant-b-finance,AWS_ARN,6182,6211,"GDPR_Art5_1b, DPDPA_S8"
tenant-b_log_05.json,arn:aws:iam::234567890123:user/david.raj,AWS_ARN,6589,6629,"GDPR_Art5_1b, DPDPA_S8"
tenant-b_log_05.json,arn:aws:s3:::tenant-b-finance,AWS_ARN,7470,7499,"GDPR_Art5_1b, DPDPA_S8"
tenant-b_log_05.json,arn:aws:iam::234567890123:user/david.raj,AWS_ARN,7877,7917,"GDPR_Art5_1b, DPDPA_S8"
tenant-b_log_05.json,arn:aws:s3:::tenant-b-finance,AWS_ARN,8761,8790,"GDPR_Art5_1b, DPDPA_S8"
tenant-b_log_05.json,arn:aws:iam::234567890123:user/frank.nair,AWS_ARN,9168,9209,"GDPR_Art5_1b, DPDPA_S8"
tenant-b_log_05.json,arn:aws:s3:::tenant-b-hr,AWS_ARN,10040,10064,"GDPR_Art5_1b, DPDPA_S8"
tenant-b_log_05.json,arn:aws:iam::234567890123:user/eve.patel,AWS_ARN,10442,10482,"GDPR_Art5_1b, DPDPA_S8"
tenant-b_log_05.json,arn:aws:s3:::tenant-b-finance,AWS_ARN,11328,11357,"GDPR_Art5_1b, DPDPA_S8"
tenant-b_log_05.json,arn:aws:iam::234567890123:user/eve.patel,AWS_ARN,11735,11775,"GDPR_Art5_1b, DPDPA_S8"
tenant-b_log_05.json,arn:aws:s3:::tenant-b-finance,AWS_ARN,12616,12645,"GDPR_Art5_1b, DPDPA_S8"
tenant-b_log_05.json,arn:aws:iam::234567890123:user/eve.patel,AWS_ARN,13023,13063,"GDPR_Art5_1b, DPDPA_S8"
tenant-b_log_05.json,arn:aws:s3:::tenant-b-finance,AWS_ARN,13907,13936,"GDPR_Art5_1b, DPDPA_S8"
tenant-b_log_05.json,arn:aws:iam::234567890123:user/eve.patel,AWS_ARN,14314,14354,"GDPR_Art5_1b, DPDPA_S8"
tenant-b_log_05.json,arn:aws:s3:::tenant-b-hr,AWS_ARN,15189,15213,"GDPR_Art5_1b, DPDPA_S8"
tenant-b_log_05.json,arn:aws:iam::234567890123:user/frank.nair,AWS_ARN,15591,15632,"GDPR_Art5_1b, DPDPA_S8"
tenant-b_log_05.json,arn:aws:s3:::tenant-b-finance,AWS_ARN,16469,16498,"GDPR_Art5_1b, DPDPA_S8"
tenant-b_log_05.json,arn:aws:iam::234567890123:user/eve.patel,AWS_ARN,16876,16916,"GDPR_Art5_1b, DPDPA_S8"
tenant-b_log_05.json,arn:aws:s3:::tenant-b-hr,AWS_ARN,17746,17770,"GDPR_Art5_1b, DPDPA_S8"
tenant-b_log_05.json,arn:aws:iam::234567890123:user/eve.patel,AWS_ARN,18148,18188,"GDPR_Art5_1b, DPDPA_S8"
tenant-b_log_05.json,arn:aws:s3:::tenant-b-hr,AWS_ARN,19021,19045,"GDPR_Art5_1b, DPDPA_S8"
tenant-b_log_05.json,arn:aws:iam::234567890123:user/eve.patel,AWS_ARN,19423,19463,"GDPR_Art5_1b, DPDPA_S8"
tenant-b_log_05.json,arn:aws:s3:::tenant-b-finance,AWS_ARN,20302,20331,"GDPR_Art5_1b, DPDPA_S8"
tenant-b_log_05.json,arn:aws:iam::234567890123:user/david.raj,AWS_ARN,20709,20749,"GDPR_Art5_1b, DPDPA_S8"
tenant-b_log_05.json,arn:aws:s3:::tenant-b-finance,AWS_ARN,21587,21616,"GDPR_Art5_1b, DPDPA_S8"
tenant-b_log_05.json,arn:aws:iam::234567890123:user/frank.nair,AWS_ARN,21994,22035,"GDPR_Art5_1b, DPDPA_S8"
tenant-b_log_05.json,arn:aws:s3:::tenant-b-hr,AWS_ARN,22875,22899,"GDPR_Art5_1b, DPDPA_S8"
tenant-b_log_05.json,arn:aws:iam::234567890123:user/david.raj,AWS_ARN,23277,23317,"GDPR_Art5_1b, DPDPA_S8"
tenant-b_log_05.json,arn:aws:s3:::tenant-b-finance,AWS_ARN,24156,24185,"GDPR_Art5_1b, DPDPA_S8"
tenant-b_log_05.json,arn:aws:iam::234567890123:user/eve.patel,AWS_ARN,24563,24603,"GDPR_Art5_1b, DPDPA_S8"
tenant-b_log_05.json,arn:aws:s3:::tenant-b-hr,AWS_ARN,25443,25467,"GDPR_Art5_1b, DPDPA_S8"
tenant-b_log_05.json,arn:aws:iam::234567890123:user/eve.patel,AWS_ARN,25845,25885,"GDPR_Art5_1b, DPDPA_S8"
tenant-b_log_05.json,arn:aws:s3:::tenant-b-hr,AWS_ARN,26719,26743,"GDPR_Art5_1b, DPDPA_S8"
tenant-b_log_05.json,arn:aws:iam::234567890123:user/frank.nair,AWS_ARN,27121,27162,"GDPR_Art5_1b, DPDPA_S8"
tenant-b_log_05.json,arn:aws:s3:::tenant-b-hr,AWS_ARN,27995,28019,"GDPR_Art5_1b, DPDPA_S8"
tenant-b_log_05.json,arn:aws:iam::234567890123:user/frank.nair,AWS_ARN,28397,28438,"GDPR_Art5_1b, DPDPA_S8"
tenant-b_log_05.json,arn:aws:s3:::tenant-b-finance,AWS_ARN,29281,29310,"GDPR_Art5_1b, DPDPA_S8"
tenant-b_log_05.json,arn:aws:iam::234567890123:user/david.raj,AWS_ARN,29688,29728,"GDPR_Art5_1b, DPDPA_S8"
tenant-b_log_05.json,arn:aws:s3:::tenant-b-finance,AWS_ARN,30563,30592,"GDPR_Art5_1b, DPDPA_S8"
tenant-b_log_05.json,arn:aws:iam::234567890123:user/david.raj,AWS_ARN,30970,31010,"GDPR_Art5_1b, DPDPA_S8"
tenant-b_log_05.json,arn:aws:s3:::tenant-b-finance,AWS_ARN,31849,31878,"GDPR_Art5_1b, DPDPA_S8"
tenant-b_log_05.json,arn:aws:iam::234567890123:user/david.raj,AWS_ARN,32256,32296,"GDPR_Art5_1b, DPDPA_S8"
tenant-b_log_05.json,arn:aws:s3:::tenant-b-hr,AWS_ARN,33128,33152,"GDPR_Art5_1b, DPDPA_S8"
tenant-b_log_05.json,arn:aws:iam::234567890123:user/eve.patel,AWS_ARN,33530,33570,"GDPR_Art5_1b, DPDPA_S8"
tenant-b_log_05.json,arn:aws:s3:::tenant-b-hr,AWS_ARN,34403,34427,"GDPR_Art5_1b, DPDPA_S8"
tenant-b_log_05.json,arn:aws:iam::234567890123:user/david.raj,AWS_ARN,34805,34845,"GDPR_Art5_1b, DPDPA_S8"
tenant-b_log_05.json,arn:aws:s3:::tenant-b-finance,AWS_ARN,35686,35715,"GDPR_Art5_1b, DPDPA_S8"
tenant-b_log_05.json,arn:aws:iam::234567890123:user/frank.nair,AWS_ARN,36093,36134,"GDPR_Art5_1b, DPDPA_S8"
tenant-b_log_05.json,arn:aws:s3:::tenant-b-finance,AWS_ARN,36974,37003,"GDPR_Art5_1b, DPDPA_S8"
tenant-b_log_05.json,arn:aws:iam::234567890123:user/frank.nair,AWS_ARN,37381,37422,"GDPR_Art5_1b, DPDPA_S8"
tenant-b_log_05.json,arn:aws:s3:::tenant-b-hr,AWS_ARN,38259,38283,"GDPR_Art5_1b, DPDPA_S8"
tenant-b_log_05.json,arn:aws:iam::234567890123:user/eve.patel,AWS_ARN,38661,38701,"GDPR_Art5_1b, DPDPA_S8"
tenant-b_log_05.json,arn:aws:s3:::tenant-b-hr,AWS_ARN,39545,39569,"GDPR_Art5_1b, DPDPA_S8"
tenant-b_log_05.json,arn:aws:iam::234567890123:user/frank.nair,AWS_ARN,39947,39988,"GDPR_Art5_1b, DPDPA_S8"
tenant-b_log_05.json,arn:aws:s3:::tenant-b-finance,AWS_ARN,40826,40855,"GDPR_Art5_1b, DPDPA_S8"
tenant-b_log_05.json,arn:aws:iam::234567890123:user/frank.nair,AWS_ARN,41233,41274,"GDPR_Art5_1b, DPDPA_S8"
tenant-b_log_05.json,arn:aws:s3:::tenant-b-hr,AWS_ARN,42112,42136,"GDPR_Art5_1b, DPDPA_S8"
tenant-b_log_05.json,arn:aws:iam::234567890123:user/eve.patel,AWS_ARN,42514,42554,"GDPR_Art5_1b, DPDPA_S8"
tenant-b_log_05.json,arn:aws:s3:::tenant-b-finance,AWS_ARN,43399,43428,"GDPR_Art5_1b, DPDPA_S8"
tenant-b_log_05.json,arn:aws:iam::234567890123:user/david.raj,AWS_ARN,43806,43846,"GDPR_Art5_1b, DPDPA_S8"
tenant-b_log_05.json,arn:aws:s3:::tenant-b-finance,AWS_ARN,44686,44715,"GDPR_Art5_1b, DPDPA_S8"
tenant-b_log_05.json,arn:aws:iam::234567890123:user/david.raj,AWS_ARN,45093,45133,"GDPR_Art5_1b, DPDPA_S8"
tenant-b_log_05.json,arn:aws:s3:::tenant-b-finance,AWS_ARN,45973,46002,"GDPR_Art5_1b, DPDPA_S8"
tenant-b_log_05.json,arn:aws:iam::234567890123:user/david.raj,AWS_ARN,46380,46420,"GDPR_Art5_1b, DPDPA_S8"
tenant-b_log_05.json,arn:aws:s3:::tenant-b-finance,AWS_ARN,47261,47290,"GDPR_Art5_1b, DPDPA_S8"
tenant-b_log_05.json,arn:aws:iam::234567890123:user/eve.patel,AWS_ARN,47668,47708,"GDPR_Art5_1b, DPDPA_S8"
tenant-b_log_05.json,arn:aws:s3:::tenant-b-finance,AWS_ARN,48550,48579,"GDPR_Art5_1b, DPDPA_S8"
tenant-b_log_05.json,arn:aws:iam::234567890123:user/eve.patel,AWS_ARN,48957,48997,"GDPR_Art5_1b, DPDPA_S8"
tenant-b_log_05.json,arn:aws:s3:::tenant-b-hr,AWS_ARN,49831,49855,"GDPR_Art5_1b, DPDPA_S8"
tenant-b_log_05.json,arn:aws:iam::234567890123:user/david.raj,AWS_ARN,50233,50273,"GDPR_Art5_1b, DPDPA_S8"
tenant-b_log_05.json,arn:aws:s3:::tenant-b-hr,AWS_ARN,51104,51128,"GDPR_Art5_1b, DPDPA_S8"
tenant-b_log_05.json,234567890123,AWS_ACCOUNT_ID,249,261,"GDPR_Art5_1b, DPDPA_S8"
tenant-b_log_05.json,234567890123,AWS_ACCOUNT_ID,1121,1133,"GDPR_Art5_1b, DPDPA_S8"
tenant-b_log_05.json,234567890123,AWS_ACCOUNT_ID,1285,1297,"GDPR_Art5_1b, DPDPA_S8"
tenant-b_log_05.json,234567890123,AWS_ACCOUNT_ID,1537,1549,"GDPR_Art5_1b, DPDPA_S8"
tenant-b_log_05.json,234567890123,AWS_ACCOUNT_ID,2397,2409,"GDPR_Art5_1b, DPDPA_S8"
tenant-b_log_05.json,234567890123,AWS_ACCOUNT_ID,2561,2573,"GDPR_Art5_1b, DPDPA_S8"
tenant-b_log_05.json,234567890123,AWS_ACCOUNT_ID,2814,2826,"GDPR_Art5_1b, DPDPA_S8"
tenant-b_log_05.json,234567890123,AWS_ACCOUNT_ID,3674,3686,"GDPR_Art5_1b, DPDPA_S8"
tenant-b_log_05.json,234567890123,AWS_ACCOUNT_ID,3838,3850,"GDPR_Art5_1b, DPDPA_S8"
tenant-b_log_05.json,234567890123,AWS_ACCOUNT_ID,4090,4102,"GDPR_Art5_1b, DPDPA_S8"
tenant-b_log_05.json,234567890123,AWS_ACCOUNT_ID,4949,4961,"GDPR_Art5_1b, DPDPA_S8"
tenant-b_log_05.json,234567890123,AWS_ACCOUNT_ID,5113,5125,"GDPR_Art5_1b, DPDPA_S8"
tenant-b_log_05.json,234567890123,AWS_ACCOUNT_ID,5366,5378,"GDPR_Art5_1b, DPDPA_S8"
tenant-b_log_05.json,234567890123,AWS_ACCOUNT_ID,6238,6250,"GDPR_Art5_1b, DPDPA_S8"
tenant-b_log_05.json,234567890123,AWS_ACCOUNT_ID,6402,6414,"GDPR_Art5_1b, DPDPA_S8"
tenant-b_log_05.json,234567890123,AWS_ACCOUNT_ID,6654,6666,"GDPR_Art5_1b, DPDPA_S8"
tenant-b_log_05.json,234567890123,AWS_ACCOUNT_ID,7526,7538,"GDPR_Art5_1b, DPDPA_S8"
tenant-b_log_05.json,234567890123,AWS_ACCOUNT_ID,7690,7702,"GDPR_Art5_1b, DPDPA_S8"
tenant-b_log_05.json,234567890123,AWS_ACCOUNT_ID,7942,7954,"GDPR_Art5_1b, DPDPA_S8"
tenant-b_log_05.json,234567890123,AWS_ACCOUNT_ID,8817,8829,"GDPR_Art5_1b, DPDPA_S8"
tenant-b_log_05.json,234567890123,AWS_ACCOUNT_ID,8981,8993,"GDPR_Art5_1b, DPDPA_S8"
tenant-b_log_05.json,234567890123,AWS_ACCOUNT_ID,9234,9246,"GDPR_Art5_1b, DPDPA_S8"
tenant-b_log_05.json,234567890123,AWS_ACCOUNT_ID,10091,10103,"GDPR_Art5_1b, DPDPA_S8"
tenant-b_log_05.json,234567890123,AWS_ACCOUNT_ID,10255,10267,"GDPR_Art5_1b, DPDPA_S8"
tenant-b_log_05.json,234567890123,AWS_ACCOUNT_ID,10507,10519,"GDPR_Art5_1b, DPDPA_S8"
tenant-b_log_05.json,234567890123,AWS_ACCOUNT_ID,11384,11396,"GDPR_Art5_1b, DPDPA_S8"
tenant-b_log_05.json,234567890123,AWS_ACCOUNT_ID,11548,11560,"GDPR_Art5_1b, DPDPA_S8"
tenant-b_log_05.json,234567890123,AWS_ACCOUNT_ID,11800,11812,"GDPR_Art5_1b, DPDPA_S8"
tenant-b_log_05.json,234567890123,AWS_ACCOUNT_ID,12672,12684,"GDPR_Art5_1b, DPDPA_S8"
tenant-b_log_05.json,234567890123,AWS_ACCOUNT_ID,12836,12848,"GDPR_Art5_1b, DPDPA_S8"
tenant-b_log_05.json,234567890123,AWS_ACCOUNT_ID,13088,13100,"GDPR_Art5_1b, DPDPA_S8"
tenant-b_log_05.json,234567890123,AWS_ACCOUNT_ID,13963,13975,"GDPR_Art5_1b, DPDPA_S8"
tenant-b_log_05.json,234567890123,AWS_ACCOUNT_ID,14127,14139,"GDPR_Art5_1b, DPDPA_S8"
tenant-b_log_05.json,234567890123,AWS_ACCOUNT_ID,14379,14391,"GDPR_Art5_1b, DPDPA_S8"
tenant-b_log_05.json,234567890123,AWS_ACCOUNT_ID,15240,15252,"GDPR_Art5_1b, DPDPA_S8"
tenant-b_log_05.json,234567890123,AWS_ACCOUNT_ID,15404,15416,"GDPR_Art5_1b, DPDPA_S8"
tenant-b_log_05.json,234567890123,AWS_ACCOUNT_ID,15657,15669,"GDPR_Art5_1b, DPDPA_S8"
tenant-b_log_05.json,234567890123,AWS_ACCOUNT_ID,16525,16537,"GDPR_Art5_1b, DPDPA_S8"
tenant-b_log_05.json,234567890123,AWS_ACCOUNT_ID,16689,16701,"GDPR_Art5_1b, DPDPA_S8"
tenant-b_log_05.json,234567890123,AWS_ACCOUNT_ID,16941,16953,"GDPR_Art5_1b, DPDPA_S8"
tenant-b_log_05.json,234567890123,AWS_ACCOUNT_ID,17797,17809,"GDPR_Art5_1b, DPDPA_S8"
tenant-b_log_05.json,234567890123,AWS_ACCOUNT_ID,17961,17973,"GDPR_Art5_1b, DPDPA_S8"
tenant-b_log_05.json,234567890123,AWS_ACCOUNT_ID,18213,18225,"GDPR_Art5_1b, DPDPA_S8"
tenant-b_log_05.json,234567890123,AWS_ACCOUNT_ID,19072,19084,"GDPR_Art5_1b, DPDPA_S8"
tenant-b_log_05.json,234567890123,AWS_ACCOUNT_ID,19236,19248,"GDPR_Art5_1b, DPDPA_S8"
tenant-b_log_05.json,234567890123,AWS_ACCOUNT_ID,19488,19500,"GDPR_Art5_1b, DPDPA_S8"
tenant-b_log_05.json,234567890123,AWS_ACCOUNT_ID,20358,20370,"GDPR_Art5_1b, DPDPA_S8"
tenant-b_log_05.json,234567890123,AWS_ACCOUNT_ID,20522,20534,"GDPR_Art5_1b, DPDPA_S8"
tenant-b_log_05.json,234567890123,AWS_ACCOUNT_ID,20774,20786,"GDPR_Art5_1b, DPDPA_S8"
tenant-b_log_05.json,234567890123,AWS_ACCOUNT_ID,21643,21655,"GDPR_Art5_1b, DPDPA_S8"
tenant-b_log_05.json,234567890123,AWS_ACCOUNT_ID,21807,21819,"GDPR_Art5_1b, DPDPA_S8"
tenant-b_log_05.json,234567890123,AWS_ACCOUNT_ID,22060,22072,"GDPR_Art5_1b, DPDPA_S8"
tenant-b_log_05.json,234567890123,AWS_ACCOUNT_ID,22926,22938,"GDPR_Art5_1b, DPDPA_S8"
tenant-b_log_05.json,234567890123,AWS_ACCOUNT_ID,23090,23102,"GDPR_Art5_1b, DPDPA_S8"
tenant-b_log_05.json,234567890123,AWS_ACCOUNT_ID,23342,23354,"GDPR_Art5_1b, DPDPA_S8"
tenant-b_log_05.json,234567890123,AWS_ACCOUNT_ID,24212,24224,"GDPR_Art5_1b, DPDPA_S8"
tenant-b_log_05.json,234567890123,AWS_ACCOUNT_ID,24376,24388,"GDPR_Art5_1b, DPDPA_S8"
tenant-b_log_05.json,234567890123,AWS_ACCOUNT_ID,24628,24640,"GDPR_Art5_1b, DPDPA_S8"
tenant-b_log_05.json,234567890123,AWS_ACCOUNT_ID,25494,25506,"GDPR_Art5_1b, DPDPA_S8"
tenant-b_log_05.json,234567890123,AWS_ACCOUNT_ID,25658,25670,"GDPR_Art5_1b, DPDPA_S8"
tenant-b_log_05.json,234567890123,AWS_ACCOUNT_ID,25910,25922,"GDPR_Art5_1b, DPDPA_S8"
tenant-b_log_05.json,234567890123,AWS_ACCOUNT_ID,26770,26782,"GDPR_Art5_1b, DPDPA_S8"
tenant-b_log_05.json,234567890123,AWS_ACCOUNT_ID,26934,26946,"GDPR_Art5_1b, DPDPA_S8"
tenant-b_log_05.json,234567890123,AWS_ACCOUNT_ID,27187,27199,"GDPR_Art5_1b, DPDPA_S8"
tenant-b_log_05.json,234567890123,AWS_ACCOUNT_ID,28046,28058,"GDPR_Art5_1b, DPDPA_S8"
tenant-b_log_05.json,234567890123,AWS_ACCOUNT_ID,28210,28222,"GDPR_Art5_1b, DPDPA_S8"
tenant-b_log_05.json,234567890123,AWS_ACCOUNT_ID,28463,28475,"GDPR_Art5_1b, DPDPA_S8"
tenant-b_log_05.json,234567890123,AWS_ACCOUNT_ID,29337,29349,"GDPR_Art5_1b, DPDPA_S8"
tenant-b_log_05.json,234567890123,AWS_ACCOUNT_ID,29501,29513,"GDPR_Art5_1b, DPDPA_S8"
tenant-b_log_05.json,234567890123,AWS_ACCOUNT_ID,29753,29765,"GDPR_Art5_1b, DPDPA_S8"
tenant-b_log_05.json,234567890123,AWS_ACCOUNT_ID,30619,30631,"GDPR_Art5_1b, DPDPA_S8"
tenant-b_log_05.json,234567890123,AWS_ACCOUNT_ID,30783,30795,"GDPR_Art5_1b, DPDPA_S8"
tenant-b_log_05.json,234567890123,AWS_ACCOUNT_ID,31035,31047,"GDPR_Art5_1b, DPDPA_S8"
tenant-b_log_05.json,234567890123,AWS_ACCOUNT_ID,31905,31917,"GDPR_Art5_1b, DPDPA_S8"
tenant-b_log_05.json,234567890123,AWS_ACCOUNT_ID,32069,32081,"GDPR_Art5_1b, DPDPA_S8"
tenant-b_log_05.json,234567890123,AWS_ACCOUNT_ID,32321,32333,"GDPR_Art5_1b, DPDPA_S8"
tenant-b_log_05.json,234567890123,AWS_ACCOUNT_ID,33179,33191,"GDPR_Art5_1b, DPDPA_S8"
tenant-b_log_05.json,234567890123,AWS_ACCOUNT_ID,33343,33355,"GDPR_Art5_1b, DPDPA_S8"
tenant-b_log_05.json,234567890123,AWS_ACCOUNT_ID,33595,33607,"GDPR_Art5_1b, DPDPA_S8"
tenant-b_log_05.json,234567890123,AWS_ACCOUNT_ID,34454,34466,"GDPR_Art5_1b, DPDPA_S8"
tenant-b_log_05.json,234567890123,AWS_ACCOUNT_ID,34618,34630,"GDPR_Art5_1b, DPDPA_S8"
tenant-b_log_05.json,234567890123,AWS_ACCOUNT_ID,34870,34882,"GDPR_Art5_1b, DPDPA_S8"
tenant-b_log_05.json,234567890123,AWS_ACCOUNT_ID,35742,35754,"GDPR_Art5_1b, DPDPA_S8"
tenant-b_log_05.json,234567890123,AWS_ACCOUNT_ID,35906,35918,"GDPR_Art5_1b, DPDPA_S8"
tenant-b_log_05.json,234567890123,AWS_ACCOUNT_ID,36159,36171,"GDPR_Art5_1b, DPDPA_S8"
tenant-b_log_05.json,234567890123,AWS_ACCOUNT_ID,37030,37042,"GDPR_Art5_1b, DPDPA_S8"
tenant-b_log_05.json,234567890123,AWS_ACCOUNT_ID,37194,37206,"GDPR_Art5_1b, DPDPA_S8"
tenant-b_log_05.json,234567890123,AWS_ACCOUNT_ID,37447,37459,"GDPR_Art5_1b, DPDPA_S8"
tenant-b_log_05.json,234567890123,AWS_ACCOUNT_ID,38310,38322,"GDPR_Art5_1b, DPDPA_S8"
tenant-b_log_05.json,234567890123,AWS_ACCOUNT_ID,38474,38486,"GDPR_Art5_1b, DPDPA_S8"
tenant-b_log_05.json,234567890123,AWS_ACCOUNT_ID,38726,38738,"GDPR_Art5_1b, DPDPA_S8"
tenant-b_log_05.json,234567890123,AWS_ACCOUNT_ID,39596,39608,"GDPR_Art5_1b, DPDPA_S8"
tenant-b_log_05.json,234567890123,AWS_ACCOUNT_ID,39760,39772,"GDPR_Art5_1b, DPDPA_S8"
tenant-b_log_05.json,234567890123,AWS_ACCOUNT_ID,40013,40025,"GDPR_Art5_1b, DPDPA_S8"
tenant-b_log_05.json,234567890123,AWS_ACCOUNT_ID,40882,40894,"GDPR_Art5_1b, DPDPA_S8"
tenant-b_log_05.json,234567890123,AWS_ACCOUNT_ID,41046,41058,"GDPR_Art5_1b, DPDPA_S8"
tenant-b_log_05.json,234567890123,AWS_ACCOUNT_ID,41299,41311,"GDPR_Art5_1b, DPDPA_S8"
tenant-b_log_05.json,234567890123,AWS_ACCOUNT_ID,42163,42175,"GDPR_Art5_1b, DPDPA_S8"
tenant-b_log_05.json,234567890123,AWS_ACCOUNT_ID,42327,42339,"GDPR_Art5_1b, DPDPA_S8"
tenant-b_log_05.json,234567890123,AWS_ACCOUNT_ID,42579,42591,"GDPR_Art5_1b, DPDPA_S8"
tenant-b_log_05.json,234567890123,AWS_ACCOUNT_ID,43455,43467,"GDPR_Art5_1b, DPDPA_S8"
tenant-b_log_05.json,234567890123,AWS_ACCOUNT_ID,43619,43631,"GDPR_Art5_1b, DPDPA_S8"
tenant-b_log_05.json,234567890123,AWS_ACCOUNT_ID,43871,43883,"GDPR_Art5_1b, DPDPA_S8"
tenant-b_log_05.json,234567890123,AWS_ACCOUNT_ID,44742,44754,"GDPR_Art5_1b, DPDPA_S8"
tenant-b_log_05.json,234567890123,AWS_ACCOUNT_ID,44906,44918,"GDPR_Art5_1b, DPDPA_S8"
tenant-b_log_05.json,234567890123,AWS_ACCOUNT_ID,45158,45170,"GDPR_Art5_1b, DPDPA_S8"
tenant-b_log_05.json,234567890123,AWS_ACCOUNT_ID,46029,46041,"GDPR_Art5_1b, DPDPA_S8"
tenant-b_log_05.json,234567890123,AWS_ACCOUNT_ID,46193,46205,"GDPR_Art5_1b, DPDPA_S8"
tenant-b_log_05.json,234567890123,AWS_ACCOUNT_ID,46445,46457,"GDPR_Art5_1b, DPDPA_S8"
tenant-b_log_05.json,234567890123,AWS_ACCOUNT_ID,47317,47329,"GDPR_Art5_1b, DPDPA_S8"
tenant-b_log_05.json,234567890123,AWS_ACCOUNT_ID,47481,47493,"GDPR_Art5_1b, DPDPA_S8"
tenant-b_log_05.json,234567890123,AWS_ACCOUNT_ID,47733,47745,"GDPR_Art5_1b, DPDPA_S8"
tenant-b_log_05.json,234567890123,AWS_ACCOUNT_ID,48606,48618,"GDPR_Art5_1b, DPDPA_S8"
tenant-b_log_05.json,234567890123,AWS_ACCOUNT_ID,48770,48782,"GDPR_Art5_1b, DPDPA_S8"
tenant-b_log_05.json,234567890123,AWS_ACCOUNT_ID,49022,49034,"GDPR_Art5_1b, DPDPA_S8"
tenant-b_log_05.json,234567890123,AWS_ACCOUNT_ID,49882,49894,"GDPR_Art5_1b, DPDPA_S8"
tenant-b_log_05.json,234567890123,AWS_ACCOUNT_ID,50046,50058,"GDPR_Art5_1b, DPDPA_S8"
tenant-b_log_05.json,234567890123,AWS_ACCOUNT_ID,50298,50310,"GDPR_Art5_1b, DPDPA_S8"
tenant-b_log_05.json,234567890123,AWS_ACCOUNT_ID,51155,51167,"GDPR_Art5_1b, DPDPA_S8"
tenant-b_log_05.json,234567890123,AWS_ACCOUNT_ID,51319,51331,"GDPR_Art5_1b, DPDPA_S8"
tenant-b_log_06.json,eve.patel,PERSON,284,293,"GDPR_Art5_1a, DPDPA_S8"
tenant-b_log_06.json,eve.patel,PERSON,1561,1570,"GDPR_Art5_1a, DPDPA_S8"
tenant-b_log_06.json,frank.nair,PERSON,2839,2849,"GDPR_Art5_1a, DPDPA_S8"
tenant-b_log_06.json,david.raj,PERSON,4128,4137,"GDPR_Art5_1a, DPDPA_S8"
tenant-b_log_06.json,david.raj,PERSON,5413,5422,"GDPR_Art5_1a, DPDPA_S8"
tenant-b_log_06.json,frank.nair,PERSON,6689,6699,"GDPR_Art5_1a, DPDPA_S8"
tenant-b_log_06.json,david.raj,PERSON,7971,7980,"GDPR_Art5_1a, DPDPA_S8"
tenant-b_log_06.json,david.raj,PERSON,9254,9263,"GDPR_Art5_1a, DPDPA_S8"
tenant-b_log_06.json,frank.nair,PERSON,10539,10549,"GDPR_Art5_1a, DPDPA_S8"
tenant-b_log_06.json,frank.nair,PERSON,11826,11836,"GDPR_Art5_1a, DPDPA_S8"
tenant-b_log_06.json,eve.patel,PERSON,13112,13121,"GDPR_Art5_1a, DPDPA_S8"
tenant-b_log_06.json,david.raj,PERSON,14388,14397,"GDPR_Art5_1a, DPDPA_S8"
tenant-b_log_06.json,david.raj,PERSON,15671,15680,"GDPR_Art5_1a, DPDPA_S8"
tenant-b_log_06.json,frank.nair,PERSON,16957,16967,"GDPR_Art5_1a, DPDPA_S8"
tenant-b_log_06.json,david.raj,PERSON,18247,18256,"GDPR_Art5_1a, DPDPA_S8"
tenant-b_log_06.json,eve.patel,PERSON,19520,19529,"GDPR_Art5_1a, DPDPA_S8"
tenant-b_log_06.json,david.raj,PERSON,20800,20809,"GDPR_Art5_1a, DPDPA_S8"
tenant-b_log_06.json,david.raj,PERSON,22074,22083,"GDPR_Art5_1a, DPDPA_S8"
tenant-b_log_06.json,frank.nair,PERSON,23360,23370,"GDPR_Art5_1a, DPDPA_S8"
tenant-b_log_06.json,david.raj,PERSON,24634,24643,"GDPR_Art5_1a, DPDPA_S8"
tenant-b_log_06.json,frank.nair,PERSON,25919,25929,"GDPR_Art5_1a, DPDPA_S8"
tenant-b_log_06.json,david.raj,PERSON,27210,27219,"GDPR_Art5_1a, DPDPA_S8"
tenant-b_log_06.json,eve.patel,PERSON,28488,28497,"GDPR_Art5_1a, DPDPA_S8"
tenant-b_log_06.json,frank.nair,PERSON,29765,29775,"GDPR_Art5_1a, DPDPA_S8"
tenant-b_log_06.json,eve.patel,PERSON,31052,31061,"GDPR_Art5_1a, DPDPA_S8"
tenant-b_log_06.json,david.raj,PERSON,32326,32335,"GDPR_Art5_1a, DPDPA_S8"
tenant-b_log_06.json,david.raj,PERSON,33614,33623,"GDPR_Art5_1a, DPDPA_S8"
tenant-b_log_06.json,frank.nair,PERSON,34893,34903,"GDPR_Art5_1a, DPDPA_S8"
tenant-b_log_06.json,david.raj,PERSON,36182,36191,"GDPR_Art5_1a, DPDPA_S8"
tenant-b_log_06.json,frank.nair,PERSON,37460,37470,"GDPR_Art5_1a, DPDPA_S8"
tenant-b_log_06.json,david.raj,PERSON,38747,38756,"GDPR_Art5_1a, DPDPA_S8"
tenant-b_log_06.json,david.raj,PERSON,40023,40032,"GDPR_Art5_1a, DPDPA_S8"
tenant-b_log_06.json,eve.patel,PERSON,41300,41309,"GDPR_Art5_1a, DPDPA_S8"
tenant-b_log_06.json,eve.patel,PERSON,42575,42584,"GDPR_Art5_1a, DPDPA_S8"
tenant-b_log_06.json,david.raj,PERSON,43865,43874,"GDPR_Art5_1a, DPDPA_S8"
tenant-b_log_06.json,eve.patel,PERSON,45143,45152,"GDPR_Art5_1a, DPDPA_S8"
tenant-b_log_06.json,eve.patel,PERSON,46422,46431,"GDPR_Art5_1a, DPDPA_S8"
tenant-b_log_06.json,eve.patel,PERSON,47711,47720,"GDPR_Art5_1a, DPDPA_S8"
tenant-b_log_06.json,frank.nair,PERSON,48989,48999,"GDPR_Art5_1a, DPDPA_S8"
tenant-b_log_06.json,david.raj,PERSON,50277,50286,"GDPR_Art5_1a, DPDPA_S8"
tenant-b_log_06.json,20.68.181.111,IP_ADDRESS,678,691,"GDPR_Art5_1b, DPDPA_S8"
tenant-b_log_06.json,102.126.141.124,IP_ADDRESS,1955,1970,"GDPR_Art5_1b, DPDPA_S8"
tenant-b_log_06.json,93.198.146.162,IP_ADDRESS,3234,3248,"GDPR_Art5_1b, DPDPA_S8"
tenant-b_log_06.json,185.139.133.198,IP_ADDRESS,4522,4537,"GDPR_Art5_1b, DPDPA_S8"
tenant-b_log_06.json,170.28.105.21,IP_ADDRESS,5807,5820,"GDPR_Art5_1b, DPDPA_S8"
tenant-b_log_06.json,91.96.46.186,IP_ADDRESS,7084,7096,"GDPR_Art5_1b, DPDPA_S8"
tenant-b_log_06.json,40.196.194.75,IP_ADDRESS,8365,8378,"GDPR_Art5_1b, DPDPA_S8"
tenant-b_log_06.json,134.94.125.114,IP_ADDRESS,9648,9662,"GDPR_Art5_1b, DPDPA_S8"
tenant-b_log_06.json,29.144.198.217,IP_ADDRESS,10934,10948,"GDPR_Art5_1b, DPDPA_S8"
tenant-b_log_06.json,74.186.126.228,IP_ADDRESS,12221,12235,"GDPR_Art5_1b, DPDPA_S8"
tenant-b_log_06.json,167.157.196.127,IP_ADDRESS,13506,13521,"GDPR_Art5_1b, DPDPA_S8"
tenant-b_log_06.json,5.98.152.61,IP_ADDRESS,14782,14793,"GDPR_Art5_1b, DPDPA_S8"
tenant-b_log_06.json,220.188.84.79,IP_ADDRESS,16065,16078,"GDPR_Art5_1b, DPDPA_S8"
tenant-b_log_06.json,132.239.153.46,IP_ADDRESS,17352,17366,"GDPR_Art5_1b, DPDPA_S8"
tenant-b_log_06.json,33.55.90.41,IP_ADDRESS,18641,18652,"GDPR_Art5_1b, DPDPA_S8"
tenant-b_log_06.json,96.233.247.231,IP_ADDRESS,19914,19928,"GDPR_Art5_1b, DPDPA_S8"
tenant-b_log_06.json,97.207.96.93,IP_ADDRESS,21194,21206,"GDPR_Art5_1b, DPDPA_S8"
tenant-b_log_06.json,34.1.50.210,IP_ADDRESS,22468,22479,"GDPR_Art5_1b, DPDPA_S8"
tenant-b_log_06.json,5.90.127.172,IP_ADDRESS,23755,23767,"GDPR_Art5_1b, DPDPA_S8"
tenant-b_log_06.json,195.9.29.74,IP_ADDRESS,25028,25039,"GDPR_Art5_1b, DPDPA_S8"
tenant-b_log_06.json,8.86.49.180,IP_ADDRESS,26314,26325,"GDPR_Art5_1b, DPDPA_S8"
tenant-b_log_06.json,39.60.223.244,IP_ADDRESS,27604,27617,"GDPR_Art5_1b, DPDPA_S8"
tenant-b_log_06.json,81.39.85.111,IP_ADDRESS,28882,28894,"GDPR_Art5_1b, DPDPA_S8"
tenant-b_log_06.json,73.133.237.221,IP_ADDRESS,30160,30174,"GDPR_Art5_1b, DPDPA_S8"
tenant-b_log_06.json,51.67.20.68,IP_ADDRESS,31446,31457,"GDPR_Art5_1b, DPDPA_S8"
tenant-b_log_06.json,219.183.20.179,IP_ADDRESS,32721,32735,"GDPR_Art5_1b, DPDPA_S8"
tenant-b_log_06.json,183.167.82.21,IP_ADDRESS,34009,34022,"GDPR_Art5_1b, DPDPA_S8"
tenant-b_log_06.json,155.197.205.203,IP_ADDRESS,35289,35304,"GDPR_Art5_1b, DPDPA_S8"
tenant-b_log_06.json,114.241.27.178,IP_ADDRESS,36577,36591,"GDPR_Art5_1b, DPDPA_S8"
tenant-b_log_06.json,176.156.4.135,IP_ADDRESS,37856,37869,"GDPR_Art5_1b, DPDPA_S8"
tenant-b_log_06.json,166.244.26.52,IP_ADDRESS,39142,39155,"GDPR_Art5_1b, DPDPA_S8"
tenant-b_log_06.json,58.42.116.13,IP_ADDRESS,40418,40430,"GDPR_Art5_1b, DPDPA_S8"
tenant-b_log_06.json,29.88.210.224,IP_ADDRESS,41695,41708,"GDPR_Art5_1b, DPDPA_S8"
tenant-b_log_06.json,138.127.164.173,IP_ADDRESS,42970,42985,"GDPR_Art5_1b, DPDPA_S8"
tenant-b_log_06.json,71.226.155.139,IP_ADDRESS,44260,44274,"GDPR_Art5_1b, DPDPA_S8"
tenant-b_log_06.json,87.242.120.58,IP_ADDRESS,45538,45551,"GDPR_Art5_1b, DPDPA_S8"
tenant-b_log_06.json,131.140.14.107,IP_ADDRESS,46817,46831,"GDPR_Art5_1b, DPDPA_S8"
tenant-b_log_06.json,27.132.111.200,IP_ADDRESS,48106,48120,"GDPR_Art5_1b, DPDPA_S8"
tenant-b_log_06.json,6.132.172.82,IP_ADDRESS,49385,49397,"GDPR_Art5_1b, DPDPA_S8"
tenant-b_log_06.json,1.63.34.25,IP_ADDRESS,50672,50682,"GDPR_Art5_1b, DPDPA_S8"
tenant-b_log_06.json,arn:aws:iam::234567890123:user/eve.patel,AWS_ARN,183,223,"GDPR_Art5_1b, DPDPA_S8"
tenant-b_log_06.json,arn:aws:s3:::tenant-b-hr,AWS_ARN,1058,1082,"GDPR_Art5_1b, DPDPA_S8"
tenant-b_log_06.json,arn:aws:iam::234567890123:user/eve.patel,AWS_ARN,1460,1500,"GDPR_Art5_1b, DPDPA_S8"
tenant-b_log_06.json,arn:aws:s3:::tenant-b-hr,AWS_ARN,2335,2359,"GDPR_Art5_1b, DPDPA_S8"
tenant-b_log_06.json,arn:aws:iam::234567890123:user/frank.nair,AWS_ARN,2737,2778,"GDPR_Art5_1b, DPDPA_S8"
tenant-b_log_06.json,arn:aws:s3:::tenant-b-finance,AWS_ARN,3620,3649,"GDPR_Art5_1b, DPDPA_S8"
tenant-b_log_06.json,arn:aws:iam::234567890123:user/david.raj,AWS_ARN,4027,4067,"GDPR_Art5_1b, DPDPA_S8"
tenant-b_log_06.json,arn:aws:s3:::tenant-b-finance,AWS_ARN,4905,4934,"GDPR_Art5_1b, DPDPA_S8"
tenant-b_log_06.json,arn:aws:iam::234567890123:user/david.raj,AWS_ARN,5312,5352,"GDPR_Art5_1b, DPDPA_S8"
tenant-b_log_06.json,arn:aws:s3:::tenant-b-hr,AWS_ARN,6185,6209,"GDPR_Art5_1b, DPDPA_S8"
tenant-b_log_06.json,arn:aws:iam::234567890123:user/frank.nair,AWS_ARN,6587,6628,"GDPR_Art5_1b, DPDPA_S8"
tenant-b_log_06.json,arn:aws:s3:::tenant-b-finance,AWS_ARN,7463,7492,"GDPR_Art5_1b, DPDPA_S8"
tenant-b_log_06.json,arn:aws:iam::234567890123:user/david.raj,AWS_ARN,7870,7910,"GDPR_Art5_1b, DPDPA_S8"
tenant-b_log_06.json,arn:aws:s3:::tenant-b-finance,AWS_ARN,8746,8775,"GDPR_Art5_1b, DPDPA_S8"
tenant-b_log_06.json,arn:aws:iam::234567890123:user/david.raj,AWS_ARN,9153,9193,"GDPR_Art5_1b, DPDPA_S8"
tenant-b_log_06.json,arn:aws:s3:::tenant-b-finance,AWS_ARN,10030,10059,"GDPR_Art5_1b, DPDPA_S8"
tenant-b_log_06.json,arn:aws:iam::234567890123:user/frank.nair,AWS_ARN,10437,10478,"GDPR_Art5_1b, DPDPA_S8"
tenant-b_log_06.json,arn:aws:s3:::tenant-b-finance,AWS_ARN,11317,11346,"GDPR_Art5_1b, DPDPA_S8"
tenant-b_log_06.json,arn:aws:iam::234567890123:user/frank.nair,AWS_ARN,11724,11765,"GDPR_Art5_1b, DPDPA_S8"
tenant-b_log_06.json,arn:aws:s3:::tenant-b-finance,AWS_ARN,12604,12633,"GDPR_Art5_1b, DPDPA_S8"
tenant-b_log_06.json,arn:aws:iam::234567890123:user/eve.patel,AWS_ARN,13011,13051,"GDPR_Art5_1b, DPDPA_S8"
tenant-b_log_06.json,arn:aws:s3:::tenant-b-hr,AWS_ARN,13885,13909,"GDPR_Art5_1b, DPDPA_S8"
tenant-b_log_06.json,arn:aws:iam::234567890123:user/david.raj,AWS_ARN,14287,14327,"GDPR_Art5_1b, DPDPA_S8"
tenant-b_log_06.json,arn:aws:s3:::tenant-b-finance,AWS_ARN,15163,15192,"GDPR_Art5_1b, DPDPA_S8"
tenant-b_log_06.json,arn:aws:iam::234567890123:user/david.raj,AWS_ARN,15570,15610,"GDPR_Art5_1b, DPDPA_S8"
tenant-b_log_06.json,arn:aws:s3:::tenant-b-finance,AWS_ARN,16448,16477,"GDPR_Art5_1b, DPDPA_S8"
tenant-b_log_06.json,arn:aws:iam::234567890123:user/frank.nair,AWS_ARN,16855,16896,"GDPR_Art5_1b, DPDPA_S8"
tenant-b_log_06.json,arn:aws:s3:::tenant-b-finance,AWS_ARN,17739,17768,"GDPR_Art5_1b, DPDPA_S8"
tenant-b_log_06.json,arn:aws:iam::234567890123:user/david.raj,AWS_ARN,18146,18186,"GDPR_Art5_1b, DPDPA_S8"
tenant-b_log_06.json,arn:aws:s3:::tenant-b-hr,AWS_ARN,19017,19041,"GDPR_Art5_1b, DPDPA_S8"
tenant-b_log_06.json,arn:aws:iam::234567890123:user/eve.patel,AWS_ARN,19419,19459,"GDPR_Art5_1b, DPDPA_S8"
tenant-b_log_06.json,arn:aws:s3:::tenant-b-hr,AWS_ARN,20297,20321,"GDPR_Art5_1b, DPDPA_S8"
tenant-b_log_06.json,arn:aws:iam::234567890123:user/david.raj,AWS_ARN,20699,20739,"GDPR_Art5_1b, DPDPA_S8"
tenant-b_log_06.json,arn:aws:s3:::tenant-b-hr,AWS_ARN,21571,21595,"GDPR_Art5_1b, DPDPA_S8"
tenant-b_log_06.json,arn:aws:iam::234567890123:user/david.raj,AWS_ARN,21973,22013,"GDPR_Art5_1b, DPDPA_S8"
tenant-b_log_06.json,arn:aws:s3:::tenant-b-finance,AWS_ARN,22851,22880,"GDPR_Art5_1b, DPDPA_S8"
tenant-b_log_06.json,arn:aws:iam::234567890123:user/frank.nair,AWS_ARN,23258,23299,"GDPR_Art5_1b, DPDPA_S8"
tenant-b_log_06.json,arn:aws:s3:::tenant-b-hr,AWS_ARN,24131,24155,"GDPR_Art5_1b, DPDPA_S8"
tenant-b_log_06.json,arn:aws:iam::234567890123:user/david.raj,AWS_ARN,24533,24573,"GDPR_Art5_1b, DPDPA_S8"
tenant-b_log_06.json,arn:aws:s3:::tenant-b-finance,AWS_ARN,25410,25439,"GDPR_Art5_1b, DPDPA_S8"
tenant-b_log_06.json,arn:aws:iam::234567890123:user/frank.nair,AWS_ARN,25817,25858,"GDPR_Art5_1b, DPDPA_S8"
tenant-b_log_06.json,arn:aws:s3:::tenant-b-finance,AWS_ARN,26702,26731,"GDPR_Art5_1b, DPDPA_S8"
tenant-b_log_06.json,arn:aws:iam::234567890123:user/david.raj,AWS_ARN,27109,27149,"GDPR_Art5_1b, DPDPA_S8"
tenant-b_log_06.json,arn:aws:s3:::tenant-b-hr,AWS_ARN,27985,28009,"GDPR_Art5_1b, DPDPA_S8"
tenant-b_log_06.json,arn:aws:iam::234567890123:user/eve.patel,AWS_ARN,28387,28427,"GDPR_Art5_1b, DPDPA_S8"
tenant-b_log_06.json,arn:aws:s3:::tenant-b-hr,AWS_ARN,29261,29285,"GDPR_Art5_1b, DPDPA_S8"
tenant-b_log_06.json,arn:aws:iam::234567890123:user/frank.nair,AWS_ARN,29663,29704,"GDPR_Art5_1b, DPDPA_S8"
tenant-b_log_06.json,arn:aws:s3:::tenant-b-finance,AWS_ARN,30544,30573,"GDPR_Art5_1b, DPDPA_S8"
tenant-b_log_06.json,arn:aws:iam::234567890123:user/eve.patel,AWS_ARN,30951,30991,"GDPR_Art5_1b, DPDPA_S8"
tenant-b_log_06.json,arn:aws:s3:::tenant-b-hr,AWS_ARN,31823,31847,"GDPR_Art5_1b, DPDPA_S8"
tenant-b_log_06.json,arn:aws:iam::234567890123:user/david.raj,AWS_ARN,32225,32265,"GDPR_Art5_1b, DPDPA_S8"
tenant-b_log_06.json,arn:aws:s3:::tenant-b-finance,AWS_ARN,33106,33135,"GDPR_Art5_1b, DPDPA_S8"
tenant-b_log_06.json,arn:aws:iam::234567890123:user/david.raj,AWS_ARN,33513,33553,"GDPR_Art5_1b, DPDPA_S8"
tenant-b_log_06.json,arn:aws:s3:::tenant-b-hr,AWS_ARN,34389,34413,"GDPR_Art5_1b, DPDPA_S8"
tenant-b_log_06.json,arn:aws:iam::234567890123:user/frank.nair,AWS_ARN,34791,34832,"GDPR_Art5_1b, DPDPA_S8"
tenant-b_log_06.json,arn:aws:s3:::tenant-b-finance,AWS_ARN,35674,35703,"GDPR_Art5_1b, DPDPA_S8"
tenant-b_log_06.json,arn:aws:iam::234567890123:user/david.raj,AWS_ARN,36081,36121,"GDPR_Art5_1b, DPDPA_S8"
tenant-b_log_06.json,arn:aws:s3:::tenant-b-hr,AWS_ARN,36956,36980,"GDPR_Art5_1b, DPDPA_S8"
tenant-b_log_06.json,arn:aws:iam::234567890123:user/frank.nair,AWS_ARN,37358,37399,"GDPR_Art5_1b, DPDPA_S8"
tenant-b_log_06.json,arn:aws:s3:::tenant-b-finance,AWS_ARN,38239,38268,"GDPR_Art5_1b, DPDPA_S8"
tenant-b_log_06.json,arn:aws:iam::234567890123:user/david.raj,AWS_ARN,38646,38686,"GDPR_Art5_1b, DPDPA_S8"
tenant-b_log_06.json,arn:aws:s3:::tenant-b-hr,AWS_ARN,39520,39544,"GDPR_Art5_1b, DPDPA_S8"
tenant-b_log_06.json,arn:aws:iam::234567890123:user/david.raj,AWS_ARN,39922,39962,"GDPR_Art5_1b, DPDPA_S8"
tenant-b_log_06.json,arn:aws:s3:::tenant-b-hr,AWS_ARN,40797,40821,"GDPR_Art5_1b, DPDPA_S8"
tenant-b_log_06.json,arn:aws:iam::234567890123:user/eve.patel,AWS_ARN,41199,41239,"GDPR_Art5_1b, DPDPA_S8"
tenant-b_log_06.json,arn:aws:s3:::tenant-b-hr,AWS_ARN,42072,42096,"GDPR_Art5_1b, DPDPA_S8"
tenant-b_log_06.json,arn:aws:iam::234567890123:user/eve.patel,AWS_ARN,42474,42514,"GDPR_Art5_1b, DPDPA_S8"
tenant-b_log_06.json,arn:aws:s3:::tenant-b-finance,AWS_ARN,43357,43386,"GDPR_Art5_1b, DPDPA_S8"
tenant-b_log_06.json,arn:aws:iam::234567890123:user/david.raj,AWS_ARN,43764,43804,"GDPR_Art5_1b, DPDPA_S8"
tenant-b_log_06.json,arn:aws:s3:::tenant-b-hr,AWS_ARN,44640,44664,"GDPR_Art5_1b, DPDPA_S8"
tenant-b_log_06.json,arn:aws:iam::234567890123:user/eve.patel,AWS_ARN,45042,45082,"GDPR_Art5_1b, DPDPA_S8"
tenant-b_log_06.json,arn:aws:s3:::tenant-b-hr,AWS_ARN,45919,45943,"GDPR_Art5_1b, DPDPA_S8"
tenant-b_log_06.json,arn:aws:iam::234567890123:user/eve.patel,AWS_ARN,46321,46361,"GDPR_Art5_1b, DPDPA_S8"
tenant-b_log_06.json,arn:aws:s3:::tenant-b-finance,AWS_ARN,47203,47232,"GDPR_Art5_1b, DPDPA_S8"
tenant-b_log_06.json,arn:aws:iam::234567890123:user/eve.patel,AWS_ARN,47610,47650,"GDPR_Art5_1b, DPDPA_S8"
tenant-b_log_06.json,arn:aws:s3:::tenant-b-hr,AWS_ARN,48485,48509,"GDPR_Art5_1b, DPDPA_S8"
tenant-b_log_06.json,arn:aws:iam::234567890123:user/frank.nair,AWS_ARN,48887,48928,"GDPR_Art5_1b, DPDPA_S8"
tenant-b_log_06.json,arn:aws:s3:::tenant-b-finance,AWS_ARN,49769,49798,"GDPR_Art5_1b, DPDPA_S8"
tenant-b_log_06.json,arn:aws:iam::234567890123:user/david.raj,AWS_ARN,50176,50216,"GDPR_Art5_1b, DPDPA_S8"
tenant-b_log_06.json,arn:aws:s3:::tenant-b-finance,AWS_ARN,51054,51083,"GDPR_Art5_1b, DPDPA_S8"
tenant-b_log_06.json,234567890123,AWS_ACCOUNT_ID,248,260,"GDPR_Art5_1b, DPDPA_S8"
tenant-b_log_06.json,234567890123,AWS_ACCOUNT_ID,1109,1121,"GDPR_Art5_1b, DPDPA_S8"
tenant-b_log_06.json,234567890123,AWS_ACCOUNT_ID,1273,1285,"GDPR_Art5_1b, DPDPA_S8"
tenant-b_log_06.json,234567890123,AWS_ACCOUNT_ID,1525,1537,"GDPR_Art5_1b, DPDPA_S8"
tenant-b_log_06.json,234567890123,AWS_ACCOUNT_ID,2386,2398,"GDPR_Art5_1b, DPDPA_S8"
tenant-b_log_06.json,234567890123,AWS_ACCOUNT_ID,2550,2562,"GDPR_Art5_1b, DPDPA_S8"
tenant-b_log_06.json,234567890123,AWS_ACCOUNT_ID,2803,2815,"GDPR_Art5_1b, DPDPA_S8"
tenant-b_log_06.json,234567890123,AWS_ACCOUNT_ID,3676,3688,"GDPR_Art5_1b, DPDPA_S8"
tenant-b_log_06.json,234567890123,AWS_ACCOUNT_ID,3840,3852,"GDPR_Art5_1b, DPDPA_S8"
tenant-b_log_06.json,234567890123,AWS_ACCOUNT_ID,4092,4104,"GDPR_Art5_1b, DPDPA_S8"
tenant-b_log_06.json,234567890123,AWS_ACCOUNT_ID,4961,4973,"GDPR_Art5_1b, DPDPA_S8"
tenant-b_log_06.json,234567890123,AWS_ACCOUNT_ID,5125,5137,"GDPR_Art5_1b, DPDPA_S8"
tenant-b_log_06.json,234567890123,AWS_ACCOUNT_ID,5377,5389,"GDPR_Art5_1b, DPDPA_S8"
tenant-b_log_06.json,234567890123,AWS_ACCOUNT_ID,6236,6248,"GDPR_Art5_1b, DPDPA_S8"
tenant-b_log_06.json,234567890123,AWS_ACCOUNT_ID,6400,6412,"GDPR_Art5_1b, DPDPA_S8"
tenant-b_log_06.json,234567890123,AWS_ACCOUNT_ID,6653,6665,"GDPR_Art5_1b, DPDPA_S8"
tenant-b_log_06.json,234567890123,AWS_ACCOUNT_ID,7519,7531,"GDPR_Art5_1b, DPDPA_S8"
tenant-b_log_06.json,234567890123,AWS_ACCOUNT_ID,7683,7695,"GDPR_Art5_1b, DPDPA_S8"
tenant-b_log_06.json,234567890123,AWS_ACCOUNT_ID,7935,7947,"GDPR_Art5_1b, DPDPA_S8"
tenant-b_log_06.json,234567890123,AWS_ACCOUNT_ID,8802,8814,"GDPR_Art5_1b, DPDPA_S8"
tenant-b_log_06.json,234567890123,AWS_ACCOUNT_ID,8966,8978,"GDPR_Art5_1b, DPDPA_S8"
tenant-b_log_06.json,234567890123,AWS_ACCOUNT_ID,9218,9230,"GDPR_Art5_1b, DPDPA_S8"
tenant-b_log_06.json,234567890123,AWS_ACCOUNT_ID,10086,10098,"GDPR_Art5_1b, DPDPA_S8"
tenant-b_log_06.json,234567890123,AWS_ACCOUNT_ID,10250,10262,"GDPR_Art5_1b, DPDPA_S8"
tenant-b_log_06.json,234567890123,AWS_ACCOUNT_ID,10503,10515,"GDPR_Art5_1b, DPDPA_S8"
tenant-b_log_06.json,234567890123,AWS_ACCOUNT_ID,11373,11385,"GDPR_Art5_1b, DPDPA_S8"
tenant-b_log_06.json,234567890123,AWS_ACCOUNT_ID,11537,11549,"GDPR_Art5_1b, DPDPA_S8"
tenant-b_log_06.json,234567890123,AWS_ACCOUNT_ID,11790,11802,"GDPR_Art5_1b, DPDPA_S8"
tenant-b_log_06.json,234567890123,AWS_ACCOUNT_ID,12660,12672,"GDPR_Art5_1b, DPDPA_S8"
tenant-b_log_06.json,234567890123,AWS_ACCOUNT_ID,12824,12836,"GDPR_Art5_1b, DPDPA_S8"
tenant-b_log_06.json,234567890123,AWS_ACCOUNT_ID,13076,13088,"GDPR_Art5_1b, DPDPA_S8"
tenant-b_log_06.json,234567890123,AWS_ACCOUNT_ID,13936,13948,"GDPR_Art5_1b, DPDPA_S8"
tenant-b_log_06.json,234567890123,AWS_ACCOUNT_ID,14100,14112,"GDPR_Art5_1b, DPDPA_S8"
tenant-b_log_06.json,234567890123,AWS_ACCOUNT_ID,14352,14364,"GDPR_Art5_1b, DPDPA_S8"
tenant-b_log_06.json,234567890123,AWS_ACCOUNT_ID,15219,15231,"GDPR_Art5_1b, DPDPA_S8"
tenant-b_log_06.json,234567890123,AWS_ACCOUNT_ID,15383,15395,"GDPR_Art5_1b, DPDPA_S8"
tenant-b_log_06.json,234567890123,AWS_ACCOUNT_ID,15635,15647,"GDPR_Art5_1b, DPDPA_S8"
tenant-b_log_06.json,234567890123,AWS_ACCOUNT_ID,16504,16516,"GDPR_Art5_1b, DPDPA_S8"
tenant-b_log_06.json,234567890123,AWS_ACCOUNT_ID,16668,16680,"GDPR_Art5_1b, DPDPA_S8"
tenant-b_log_06.json,234567890123,AWS_ACCOUNT_ID,16921,16933,"GDPR_Art5_1b, DPDPA_S8"
tenant-b_log_06.json,234567890123,AWS_ACCOUNT_ID,17795,17807,"GDPR_Art5_1b, DPDPA_S8"
tenant-b_log_06.json,234567890123,AWS_ACCOUNT_ID,17959,17971,"GDPR_Art5_1b, DPDPA_S8"
tenant-b_log_06.json,234567890123,AWS_ACCOUNT_ID,18211,18223,"GDPR_Art5_1b, DPDPA_S8"
tenant-b_log_06.json,234567890123,AWS_ACCOUNT_ID,19068,19080,"GDPR_Art5_1b, DPDPA_S8"
tenant-b_log_06.json,234567890123,AWS_ACCOUNT_ID,19232,19244,"GDPR_Art5_1b, DPDPA_S8"
tenant-b_log_06.json,234567890123,AWS_ACCOUNT_ID,19484,19496,"GDPR_Art5_1b, DPDPA_S8"
tenant-b_log_06.json,234567890123,AWS_ACCOUNT_ID,20348,20360,"GDPR_Art5_1b, DPDPA_S8"
tenant-b_log_06.json,234567890123,AWS_ACCOUNT_ID,20512,20524,"GDPR_Art5_1b, DPDPA_S8"
tenant-b_log_06.json,234567890123,AWS_ACCOUNT_ID,20764,20776,"GDPR_Art5_1b, DPDPA_S8"
tenant-b_log_06.json,234567890123,AWS_ACCOUNT_ID,21622,21634,"GDPR_Art5_1b, DPDPA_S8"
tenant-b_log_06.json,234567890123,AWS_ACCOUNT_ID,21786,21798,"GDPR_Art5_1b, DPDPA_S8"
tenant-b_log_06.json,234567890123,AWS_ACCOUNT_ID,22038,22050,"GDPR_Art5_1b, DPDPA_S8"
tenant-b_log_06.json,234567890123,AWS_ACCOUNT_ID,22907,22919,"GDPR_Art5_1b, DPDPA_S8"
tenant-b_log_06.json,234567890123,AWS_ACCOUNT_ID,23071,23083,"GDPR_Art5_1b, DPDPA_S8"
tenant-b_log_06.json,234567890123,AWS_ACCOUNT_ID,23324,23336,"GDPR_Art5_1b, DPDPA_S8"
tenant-b_log_06.json,234567890123,AWS_ACCOUNT_ID,24182,24194,"GDPR_Art5_1b, DPDPA_S8"
tenant-b_log_06.json,234567890123,AWS_ACCOUNT_ID,24346,24358,"GDPR_Art5_1b, DPDPA_S8"
tenant-b_log_06.json,234567890123,AWS_ACCOUNT_ID,24598,24610,"GDPR_Art5_1b, DPDPA_S8"
tenant-b_log_06.json,234567890123,AWS_ACCOUNT_ID,25466,25478,"GDPR_Art5_1b, DPDPA_S8"
tenant-b_log_06.json,234567890123,AWS_ACCOUNT_ID,25630,25642,"GDPR_Art5_1b, DPDPA_S8"
tenant-b_log_06.json,234567890123,AWS_ACCOUNT_ID,25883,25895,"GDPR_Art5_1b, DPDPA_S8"
tenant-b_log_06.json,234567890123,AWS_ACCOUNT_ID,26758,26770,"GDPR_Art5_1b, DPDPA_S8"
tenant-b_log_06.json,234567890123,AWS_ACCOUNT_ID,26922,26934,"GDPR_Art5_1b, DPDPA_S8"
tenant-b_log_06.json,234567890123,AWS_ACCOUNT_ID,27174,27186,"GDPR_Art5_1b, DPDPA_S8"
tenant-b_log_06.json,234567890123,AWS_ACCOUNT_ID,28036,28048,"GDPR_Art5_1b, DPDPA_S8"
tenant-b_log_06.json,234567890123,AWS_ACCOUNT_ID,28200,28212,"GDPR_Art5_1b, DPDPA_S8"
tenant-b_log_06.json,234567890123,AWS_ACCOUNT_ID,28452,28464,"GDPR_Art5_1b, DPDPA_S8"
tenant-b_log_06.json,234567890123,AWS_ACCOUNT_ID,29312,29324,"GDPR_Art5_1b, DPDPA_S8"
tenant-b_log_06.json,234567890123,AWS_ACCOUNT_ID,29476,29488,"GDPR_Art5_1b, DPDPA_S8"
tenant-b_log_06.json,234567890123,AWS_ACCOUNT_ID,29729,29741,"GDPR_Art5_1b, DPDPA_S8"
tenant-b_log_06.json,234567890123,AWS_ACCOUNT_ID,30600,30612,"GDPR_Art5_1b, DPDPA_S8"
tenant-b_log_06.json,234567890123,AWS_ACCOUNT_ID,30764,30776,"GDPR_Art5_1b, DPDPA_S8"
tenant-b_log_06.json,234567890123,AWS_ACCOUNT_ID,31016,31028,"GDPR_Art5_1b, DPDPA_S8"
tenant-b_log_06.json,234567890123,AWS_ACCOUNT_ID,31874,31886,"GDPR_Art5_1b, DPDPA_S8"
tenant-b_log_06.json,234567890123,AWS_ACCOUNT_ID,32038,32050,"GDPR_Art5_1b, DPDPA_S8"
tenant-b_log_06.json,234567890123,AWS_ACCOUNT_ID,32290,32302,"GDPR_Art5_1b, DPDPA_S8"
tenant-b_log_06.json,234567890123,AWS_ACCOUNT_ID,33162,33174,"GDPR_Art5_1b, DPDPA_S8"
tenant-b_log_06.json,234567890123,AWS_ACCOUNT_ID,33326,33338,"GDPR_Art5_1b, DPDPA_S8"
tenant-b_log_06.json,234567890123,AWS_ACCOUNT_ID,33578,33590,"GDPR_Art5_1b, DPDPA_S8"
tenant-b_log_06.json,234567890123,AWS_ACCOUNT_ID,34440,34452,"GDPR_Art5_1b, DPDPA_S8"
tenant-b_log_06.json,234567890123,AWS_ACCOUNT_ID,34604,34616,"GDPR_Art5_1b, DPDPA_S8"
tenant-b_log_06.json,234567890123,AWS_ACCOUNT_ID,34857,34869,"GDPR_Art5_1b, DPDPA_S8"
tenant-b_log_06.json,234567890123,AWS_ACCOUNT_ID,35730,35742,"GDPR_Art5_1b, DPDPA_S8"
tenant-b_log_06.json,234567890123,AWS_ACCOUNT_ID,35894,35906,"GDPR_Art5_1b, DPDPA_S8"
tenant-b_log_06.json,234567890123,AWS_ACCOUNT_ID,36146,36158,"GDPR_Art5_1b, DPDPA_S8"
tenant-b_log_06.json,234567890123,AWS_ACCOUNT_ID,37007,37019,"GDPR_Art5_1b, DPDPA_S8"
tenant-b_log_06.json,234567890123,AWS_ACCOUNT_ID,37171,37183,"GDPR_Art5_1b, DPDPA_S8"
tenant-b_log_06.json,234567890123,AWS_ACCOUNT_ID,37424,37436,"GDPR_Art5_1b, DPDPA_S8"
tenant-b_log_06.json,234567890123,AWS_ACCOUNT_ID,38295,38307,"GDPR_Art5_1b, DPDPA_S8"
tenant-b_log_06.json,234567890123,AWS_ACCOUNT_ID,38459,38471,"GDPR_Art5_1b, DPDPA_S8"
tenant-b_log_06.json,234567890123,AWS_ACCOUNT_ID,38711,38723,"GDPR_Art5_1b, DPDPA_S8"
tenant-b_log_06.json,234567890123,AWS_ACCOUNT_ID,39571,39583,"GDPR_Art5_1b, DPDPA_S8"
tenant-b_log_06.json,234567890123,AWS_ACCOUNT_ID,39735,39747,"GDPR_Art5_1b, DPDPA_S8"
tenant-b_log_06.json,234567890123,AWS_ACCOUNT_ID,39987,39999,"GDPR_Art5_1b, DPDPA_S8"
tenant-b_log_06.json,234567890123,AWS_ACCOUNT_ID,40848,40860,"GDPR_Art5_1b, DPDPA_S8"
tenant-b_log_06.json,234567890123,AWS_ACCOUNT_ID,41012,41024,"GDPR_Art5_1b, DPDPA_S8"
tenant-b_log_06.json,234567890123,AWS_ACCOUNT_ID,41264,41276,"GDPR_Art5_1b, DPDPA_S8"
tenant-b_log_06.json,234567890123,AWS_ACCOUNT_ID,42123,42135,"GDPR_Art5_1b, DPDPA_S8"
tenant-b_log_06.json,234567890123,AWS_ACCOUNT_ID,42287,42299,"GDPR_Art5_1b, DPDPA_S8"
tenant-b_log_06.json,234567890123,AWS_ACCOUNT_ID,42539,42551,"GDPR_Art5_1b, DPDPA_S8"
tenant-b_log_06.json,234567890123,AWS_ACCOUNT_ID,43413,43425,"GDPR_Art5_1b, DPDPA_S8"
tenant-b_log_06.json,234567890123,AWS_ACCOUNT_ID,43577,43589,"GDPR_Art5_1b, DPDPA_S8"
tenant-b_log_06.json,234567890123,AWS_ACCOUNT_ID,43829,43841,"GDPR_Art5_1b, DPDPA_S8"
tenant-b_log_06.json,234567890123,AWS_ACCOUNT_ID,44691,44703,"GDPR_Art5_1b, DPDPA_S8"
tenant-b_log_06.json,234567890123,AWS_ACCOUNT_ID,44855,44867,"GDPR_Art5_1b, DPDPA_S8"
tenant-b_log_06.json,234567890123,AWS_ACCOUNT_ID,45107,45119,"GDPR_Art5_1b, DPDPA_S8"
tenant-b_log_06.json,234567890123,AWS_ACCOUNT_ID,45970,45982,"GDPR_Art5_1b, DPDPA_S8"
tenant-b_log_06.json,234567890123,AWS_ACCOUNT_ID,46134,46146,"GDPR_Art5_1b, DPDPA_S8"
tenant-b_log_06.json,234567890123,AWS_ACCOUNT_ID,46386,46398,"GDPR_Art5_1b, DPDPA_S8"
tenant-b_log_06.json,234567890123,AWS_ACCOUNT_ID,47259,47271,"GDPR_Art5_1b, DPDPA_S8"
tenant-b_log_06.json,234567890123,AWS_ACCOUNT_ID,47423,47435,"GDPR_Art5_1b, DPDPA_S8"
tenant-b_log_06.json,234567890123,AWS_ACCOUNT_ID,47675,47687,"GDPR_Art5_1b, DPDPA_S8"
tenant-b_log_06.json,234567890123,AWS_ACCOUNT_ID,48536,48548,"GDPR_Art5_1b, DPDPA_S8"
tenant-b_log_06.json,234567890123,AWS_ACCOUNT_ID,48700,48712,"GDPR_Art5_1b, DPDPA_S8"
tenant-b_log_06.json,234567890123,AWS_ACCOUNT_ID,48953,48965,"GDPR_Art5_1b, DPDPA_S8"
tenant-b_log_06.json,234567890123,AWS_ACCOUNT_ID,49825,49837,"GDPR_Art5_1b, DPDPA_S8"
tenant-b_log_06.json,234567890123,AWS_ACCOUNT_ID,49989,50001,"GDPR_Art5_1b, DPDPA_S8"
tenant-b_log_06.json,234567890123,AWS_ACCOUNT_ID,50241,50253,"GDPR_Art5_1b, DPDPA_S8"
tenant-b_log_06.json,234567890123,AWS_ACCOUNT_ID,51110,51122,"GDPR_Art5_1b, DPDPA_S8"
tenant-b_log_06.json,234567890123,AWS_ACCOUNT_ID,51274,51286,"GDPR_Art5_1b, DPDPA_S8"
tenant-b_log_07.json,david.raj,PERSON,284,293,"GDPR_Art5_1a, DPDPA_S8"
tenant-b_log_07.json,frank.nair,PERSON,1571,1581,"GDPR_Art5_1a, DPDPA_S8"
tenant-b_log_07.json,frank.nair,PERSON,2849,2859,"GDPR_Art5_1a, DPDPA_S8"
tenant-b_log_07.json,frank.nair,PERSON,4146,4156,"GDPR_Art5_1a, DPDPA_S8"
tenant-b_log_07.json,eve.patel,PERSON,5424,5433,"GDPR_Art5_1a, DPDPA_S8"
tenant-b_log_07.json,frank.nair,PERSON,6710,6720,"GDPR_Art5_1a, DPDPA_S8"
tenant-b_log_07.json,eve.patel,PERSON,7994,8003,"GDPR_Art5_1a, DPDPA_S8"
tenant-b_log_07.json,david.raj,PERSON,9270,9279,"GDPR_Art5_1a, DPDPA_S8"
tenant-b_log_07.json,frank.nair,PERSON,10559,10569,"GDPR_Art5_1a, DPDPA_S8"
tenant-b_log_07.json,eve.patel,PERSON,11844,11853,"GDPR_Art5_1a, DPDPA_S8"
tenant-b_log_07.json,david.raj,PERSON,13119,13128,"GDPR_Art5_1a, DPDPA_S8"
tenant-b_log_07.json,david.raj,PERSON,14402,14411,"GDPR_Art5_1a, DPDPA_S8"
tenant-b_log_07.json,frank.nair,PERSON,15681,15691,"GDPR_Art5_1a, DPDPA_S8"
tenant-b_log_07.json,eve.patel,PERSON,16970,16979,"GDPR_Art5_1a, DPDPA_S8"
tenant-b_log_07.json,eve.patel,PERSON,18245,18254,"GDPR_Art5_1a, DPDPA_S8"
tenant-b_log_07.json,frank.nair,PERSON,19534,19544,"GDPR_Art5_1a, DPDPA_S8"
tenant-b_log_07.json,eve.patel,PERSON,20811,20820,"GDPR_Art5_1a, DPDPA_S8"
tenant-b_log_07.json,frank.nair,PERSON,22090,22100,"GDPR_Art5_1a, DPDPA_S8"
tenant-b_log_07.json,eve.patel,PERSON,23370,23379,"GDPR_Art5_1a, DPDPA_S8"
tenant-b_log_07.json,david.raj,PERSON,24649,24658,"GDPR_Art5_1a, DPDPA_S8"
tenant-b_log_07.json,frank.nair,PERSON,25933,25943,"GDPR_Art5_1a, DPDPA_S8"
tenant-b_log_07.json,david.raj,PERSON,27219,27228,"GDPR_Art5_1a, DPDPA_S8"
tenant-b_log_07.json,david.raj,PERSON,28506,28515,"GDPR_Art5_1a, DPDPA_S8"
tenant-b_log_07.json,david.raj,PERSON,29780,29789,"GDPR_Art5_1a, DPDPA_S8"
tenant-b_log_07.json,eve.patel,PERSON,31065,31074,"GDPR_Art5_1a, DPDPA_S8"
tenant-b_log_07.json,david.raj,PERSON,32351,32360,"GDPR_Art5_1a, DPDPA_S8"
tenant-b_log_07.json,eve.patel,PERSON,33637,33646,"GDPR_Art5_1a, DPDPA_S8"
tenant-b_log_07.json,frank.nair,PERSON,34914,34924,"GDPR_Art5_1a, DPDPA_S8"
tenant-b_log_07.json,eve.patel,PERSON,36202,36211,"GDPR_Art5_1a, DPDPA_S8"
tenant-b_log_07.json,frank.nair,PERSON,37483,37493,"GDPR_Art5_1a, DPDPA_S8"
tenant-b_log_07.json,david.raj,PERSON,38760,38769,"GDPR_Art5_1a, DPDPA_S8"
tenant-b_log_07.json,david.raj,PERSON,40035,40044,"GDPR_Art5_1a, DPDPA_S8"
tenant-b_log_07.json,eve.patel,PERSON,41322,41331,"GDPR_Art5_1a, DPDPA_S8"
tenant-b_log_07.json,frank.nair,PERSON,42597,42607,"GDPR_Art5_1a, DPDPA_S8"
tenant-b_log_07.json,eve.patel,PERSON,43877,43886,"GDPR_Art5_1a, DPDPA_S8"
tenant-b_log_07.json,eve.patel,PERSON,45161,45170,"GDPR_Art5_1a, DPDPA_S8"
tenant-b_log_07.json,frank.nair,PERSON,46448,46458,"GDPR_Art5_1a, DPDPA_S8"
tenant-b_log_07.json,david.raj,PERSON,47724,47733,"GDPR_Art5_1a, DPDPA_S8"
tenant-b_log_07.json,frank.nair,PERSON,49013,49023,"GDPR_Art5_1a, DPDPA_S8"
tenant-b_log_07.json,frank.nair,PERSON,50292,50302,"GDPR_Art5_1a, DPDPA_S8"
tenant-b_log_07.json,140.56.77.56,IP_ADDRESS,678,690,"GDPR_Art5_1b, DPDPA_S8"
tenant-b_log_07.json,21.203.198.239,IP_ADDRESS,1966,1980,"GDPR_Art5_1b, DPDPA_S8"
tenant-b_log_07.json,183.19.135.19,IP_ADDRESS,3244,3257,"GDPR_Art5_1b, DPDPA_S8"
tenant-b_log_07.json,35.103.175.106,IP_ADDRESS,4541,4555,"GDPR_Art5_1b, DPDPA_S8"
tenant-b_log_07.json,52.66.27.46,IP_ADDRESS,5818,5829,"GDPR_Art5_1b, DPDPA_S8"
tenant-b_log_07.json,69.60.60.49,IP_ADDRESS,7105,7116,"GDPR_Art5_1b, DPDPA_S8"
tenant-b_log_07.json,136.21.254.46,IP_ADDRESS,8388,8401,"GDPR_Art5_1b, DPDPA_S8"
tenant-b_log_07.json,220.99.91.61,IP_ADDRESS,9664,9676,"GDPR_Art5_1b, DPDPA_S8"
tenant-b_log_07.json,211.88.225.110,IP_ADDRESS,10954,10968,"GDPR_Art5_1b, DPDPA_S8"
tenant-b_log_07.json,1.197.191.144,IP_ADDRESS,12238,12251,"GDPR_Art5_1b, DPDPA_S8"
tenant-b_log_07.json,79.125.18.58,IP_ADDRESS,13513,13525,"GDPR_Art5_1b, DPDPA_S8"
tenant-b_log_07.json,210.134.119.160,IP_ADDRESS,14796,14811,"GDPR_Art5_1b, DPDPA_S8"
tenant-b_log_07.json,87.180.205.230,IP_ADDRESS,16076,16090,"GDPR_Art5_1b, DPDPA_S8"
tenant-b_log_07.json,191.128.233.48,IP_ADDRESS,17364,17378,"GDPR_Art5_1b, DPDPA_S8"
tenant-b_log_07.json,111.127.96.191,IP_ADDRESS,18639,18653,"GDPR_Art5_1b, DPDPA_S8"
tenant-b_log_07.json,4.195.106.247,IP_ADDRESS,19929,19942,"GDPR_Art5_1b, DPDPA_S8"
tenant-b_log_07.json,132.208.100.252,IP_ADDRESS,21205,21220,"GDPR_Art5_1b, DPDPA_S8"
tenant-b_log_07.json,106.151.152.108,IP_ADDRESS,22485,22500,"GDPR_Art5_1b, DPDPA_S8"
tenant-b_log_07.json,110.228.181.17,IP_ADDRESS,23764,23778,"GDPR_Art5_1b, DPDPA_S8"
tenant-b_log_07.json,104.143.88.128,IP_ADDRESS,25043,25057,"GDPR_Art5_1b, DPDPA_S8"
tenant-b_log_07.json,161.2.213.190,IP_ADDRESS,26328,26341,"GDPR_Art5_1b, DPDPA_S8"
tenant-b_log_07.json,122.13.209.92,IP_ADDRESS,27613,27626,"GDPR_Art5_1b, DPDPA_S8"
tenant-b_log_07.json,41.93.208.151,IP_ADDRESS,28900,28913,"GDPR_Art5_1b, DPDPA_S8"
tenant-b_log_07.json,150.99.114.66,IP_ADDRESS,30174,30187,"GDPR_Art5_1b, DPDPA_S8"
tenant-b_log_07.json,9.83.255.57,IP_ADDRESS,31459,31470,"GDPR_Art5_1b, DPDPA_S8"
tenant-b_log_07.json,86.116.110.214,IP_ADDRESS,32746,32760,"GDPR_Art5_1b, DPDPA_S8"
tenant-b_log_07.json,27.198.198.189,IP_ADDRESS,34032,34046,"GDPR_Art5_1b, DPDPA_S8"
tenant-b_log_07.json,34.161.52.17,IP_ADDRESS,35310,35322,"GDPR_Art5_1b, DPDPA_S8"
tenant-b_log_07.json,221.59.231.225,IP_ADDRESS,36597,36611,"GDPR_Art5_1b, DPDPA_S8"
tenant-b_log_07.json,15.86.154.150,IP_ADDRESS,37879,37892,"GDPR_Art5_1b, DPDPA_S8"
tenant-b_log_07.json,19.163.75.210,IP_ADDRESS,39155,39168,"GDPR_Art5_1b, DPDPA_S8"
tenant-b_log_07.json,37.254.168.100,IP_ADDRESS,40430,40444,"GDPR_Art5_1b, DPDPA_S8"
tenant-b_log_07.json,43.27.40.111,IP_ADDRESS,41717,41729,"GDPR_Art5_1b, DPDPA_S8"
tenant-b_log_07.json,208.180.68.168,IP_ADDRESS,42993,43007,"GDPR_Art5_1b, DPDPA_S8"
tenant-b_log_07.json,65.165.80.141,IP_ADDRESS,44272,44285,"GDPR_Art5_1b, DPDPA_S8"
tenant-b_log_07.json,27.214.53.67,IP_ADDRESS,45556,45568,"GDPR_Art5_1b, DPDPA_S8"
tenant-b_log_07.json,18.17.184.221,IP_ADDRESS,46844,46857,"GDPR_Art5_1b, DPDPA_S8"
tenant-b_log_07.json,76.148.182.9,IP_ADDRESS,48119,48131,"GDPR_Art5_1b, DPDPA_S8"
tenant-b_log_07.json,30.133.182.17,IP_ADDRESS,49409,49422,"GDPR_Art5_1b, DPDPA_S8"
tenant-b_log_07.json,200.249.250.208,IP_ADDRESS,50688,50703,"GDPR_Art5_1b, DPDPA_S8"
tenant-b_log_07.json,arn:aws:iam::234567890123:user/david.raj,AWS_ARN,183,223,"GDPR_Art5_1b, DPDPA_S8"
tenant-b_log_07.json,arn:aws:s3:::tenant-b-finance,AWS_ARN,1062,1091,"GDPR_Art5_1b, DPDPA_S8"
tenant-b_log_07.json,arn:aws:iam::234567890123:user/frank.nair,AWS_ARN,1469,1510,"GDPR_Art5_1b, DPDPA_S8"
tenant-b_log_07.json,arn:aws:s3:::tenant-b-hr,AWS_ARN,2345,2369,"GDPR_Art5_1b, DPDPA_S8"
tenant-b_log_07.json,arn:aws:iam::234567890123:user/frank.nair,AWS_ARN,2747,2788,"GDPR_Art5_1b, DPDPA_S8"
tenant-b_log_07.json,arn:aws:s3:::tenant-b-finance,AWS_ARN,3637,3666,"GDPR_Art5_1b, DPDPA_S8"
tenant-b_log_07.json,arn:aws:iam::234567890123:user/frank.nair,AWS_ARN,4044,4085,"GDPR_Art5_1b, DPDPA_S8"
tenant-b_log_07.json,arn:aws:s3:::tenant-b-hr,AWS_ARN,4921,4945,"GDPR_Art5_1b, DPDPA_S8"
tenant-b_log_07.json,arn:aws:iam::234567890123:user/eve.patel,AWS_ARN,5323,5363,"GDPR_Art5_1b, DPDPA_S8"
tenant-b_log_07.json,arn:aws:s3:::tenant-b-finance,AWS_ARN,6201,6230,"GDPR_Art5_1b, DPDPA_S8"
tenant-b_log_07.json,arn:aws:iam::234567890123:user/frank.nair,AWS_ARN,6608,6649,"GDPR_Art5_1b, DPDPA_S8"
tenant-b_log_07.json,arn:aws:s3:::tenant-b-finance,AWS_ARN,7486,7515,"GDPR_Art5_1b, DPDPA_S8"
tenant-b_log_07.json,arn:aws:iam::234567890123:user/eve.patel,AWS_ARN,7893,7933,"GDPR_Art5_1b, DPDPA_S8"
tenant-b_log_07.json,arn:aws:s3:::tenant-b-hr,AWS_ARN,8767,8791,"GDPR_Art5_1b, DPDPA_S8"
tenant-b_log_07.json,arn:aws:iam::234567890123:user/david.raj,AWS_ARN,9169,9209,"GDPR_Art5_1b, DPDPA_S8"
tenant-b_log_07.json,arn:aws:s3:::tenant-b-finance,AWS_ARN,10050,10079,"GDPR_Art5_1b, DPDPA_S8"
tenant-b_log_07.json,arn:aws:iam::234567890123:user/frank.nair,AWS_ARN,10457,10498,"GDPR_Art5_1b, DPDPA_S8"
tenant-b_log_07.json,arn:aws:s3:::tenant-b-finance,AWS_ARN,11336,11365,"GDPR_Art5_1b, DPDPA_S8"
tenant-b_log_07.json,arn:aws:iam::234567890123:user/eve.patel,AWS_ARN,11743,11783,"GDPR_Art5_1b, DPDPA_S8"
tenant-b_log_07.json,arn:aws:s3:::tenant-b-hr,AWS_ARN,12616,12640,"GDPR_Art5_1b, DPDPA_S8"
tenant-b_log_07.json,arn:aws:iam::234567890123:user/david.raj,AWS_ARN,13018,13058,"GDPR_Art5_1b, DPDPA_S8"
tenant-b_log_07.json,arn:aws:s3:::tenant-b-finance,AWS_ARN,13894,13923,"GDPR_Art5_1b, DPDPA_S8"
tenant-b_log_07.json,arn:aws:iam::234567890123:user/david.raj,AWS_ARN,14301,14341,"GDPR_Art5_1b, DPDPA_S8"
tenant-b_log_07.json,arn:aws:s3:::tenant-b-hr,AWS_ARN,15177,15201,"GDPR_Art5_1b, DPDPA_S8"
tenant-b_log_07.json,arn:aws:iam::234567890123:user/frank.nair,AWS_ARN,15579,15620,"GDPR_Art5_1b, DPDPA_S8"
tenant-b_log_07.json,arn:aws:s3:::tenant-b-finance,AWS_ARN,16462,16491,"GDPR_Art5_1b, DPDPA_S8"
tenant-b_log_07.json,arn:aws:iam::234567890123:user/eve.patel,AWS_ARN,16869,16909,"GDPR_Art5_1b, DPDPA_S8"
tenant-b_log_07.json,arn:aws:s3:::tenant-b-hr,AWS_ARN,17742,17766,"GDPR_Art5_1b, DPDPA_S8"
tenant-b_log_07.json,arn:aws:iam::234567890123:user/eve.patel,AWS_ARN,18144,18184,"GDPR_Art5_1b, DPDPA_S8"
tenant-b_log_07.json,arn:aws:s3:::tenant-b-finance,AWS_ARN,19025,19054,"GDPR_Art5_1b, DPDPA_S8"
tenant-b_log_07.json,arn:aws:iam::234567890123:user/frank.nair,AWS_ARN,19432,19473,"GDPR_Art5_1b, DPDPA_S8"
tenant-b_log_07.json,arn:aws:s3:::tenant-b-hr,AWS_ARN,20308,20332,"GDPR_Art5_1b, DPDPA_S8"
tenant-b_log_07.json,arn:aws:iam::234567890123:user/eve.patel,AWS_ARN,20710,20750,"GDPR_Art5_1b, DPDPA_S8"
tenant-b_log_07.json,arn:aws:s3:::tenant-b-hr,AWS_ARN,21586,21610,"GDPR_Art5_1b, DPDPA_S8"
tenant-b_log_07.json,arn:aws:iam::234567890123:user/frank.nair,AWS_ARN,21988,22029,"GDPR_Art5_1b, DPDPA_S8"
tenant-b_log_07.json,arn:aws:s3:::tenant-b-hr,AWS_ARN,22867,22891,"GDPR_Art5_1b, DPDPA_S8"
tenant-b_log_07.json,arn:aws:iam::234567890123:user/eve.patel,AWS_ARN,23269,23309,"GDPR_Art5_1b, DPDPA_S8"
tenant-b_log_07.json,arn:aws:s3:::tenant-b-hr,AWS_ARN,24146,24170,"GDPR_Art5_1b, DPDPA_S8"
tenant-b_log_07.json,arn:aws:iam::234567890123:user/david.raj,AWS_ARN,24548,24588,"GDPR_Art5_1b, DPDPA_S8"
tenant-b_log_07.json,arn:aws:s3:::tenant-b-finance,AWS_ARN,25424,25453,"GDPR_Art5_1b, DPDPA_S8"
tenant-b_log_07.json,arn:aws:iam::234567890123:user/frank.nair,AWS_ARN,25831,25872,"GDPR_Art5_1b, DPDPA_S8"
tenant-b_log_07.json,arn:aws:s3:::tenant-b-finance,AWS_ARN,26711,26740,"GDPR_Art5_1b, DPDPA_S8"
tenant-b_log_07.json,arn:aws:iam::234567890123:user/david.raj,AWS_ARN,27118,27158,"GDPR_Art5_1b, DPDPA_S8"
tenant-b_log_07.json,arn:aws:s3:::tenant-b-finance,AWS_ARN,27998,28027,"GDPR_Art5_1b, DPDPA_S8"
tenant-b_log_07.json,arn:aws:iam::234567890123:user/david.raj,AWS_ARN,28405,28445,"GDPR_Art5_1b, DPDPA_S8"
tenant-b_log_07.json,arn:aws:s3:::tenant-b-hr,AWS_ARN,29277,29301,"GDPR_Art5_1b, DPDPA_S8"
tenant-b_log_07.json,arn:aws:iam::234567890123:user/david.raj,AWS_ARN,29679,29719,"GDPR_Art5_1b, DPDPA_S8"
tenant-b_log_07.json,arn:aws:s3:::tenant-b-finance,AWS_ARN,30557,30586,"GDPR_Art5_1b, DPDPA_S8"
tenant-b_log_07.json,arn:aws:iam::234567890123:user/eve.patel,AWS_ARN,30964,31004,"GDPR_Art5_1b, DPDPA_S8"
tenant-b_log_07.json,arn:aws:s3:::tenant-b-finance,AWS_ARN,31843,31872,"GDPR_Art5_1b, DPDPA_S8"
tenant-b_log_07.json,arn:aws:iam::234567890123:user/david.raj,AWS_ARN,32250,32290,"GDPR_Art5_1b, DPDPA_S8"
tenant-b_log_07.json,arn:aws:s3:::tenant-b-finance,AWS_ARN,33129,33158,"GDPR_Art5_1b, DPDPA_S8"
tenant-b_log_07.json,arn:aws:iam::234567890123:user/eve.patel,AWS_ARN,33536,33576,"GDPR_Art5_1b, DPDPA_S8"
tenant-b_log_07.json,arn:aws:s3:::tenant-b-hr,AWS_ARN,34410,34434,"GDPR_Art5_1b, DPDPA_S8"
tenant-b_log_07.json,arn:aws:iam::234567890123:user/frank.nair,AWS_ARN,34812,34853,"GDPR_Art5_1b, DPDPA_S8"
tenant-b_log_07.json,arn:aws:s3:::tenant-b-finance,AWS_ARN,35694,35723,"GDPR_Art5_1b, DPDPA_S8"
tenant-b_log_07.json,arn:aws:iam::234567890123:user/eve.patel,AWS_ARN,36101,36141,"GDPR_Art5_1b, DPDPA_S8"
tenant-b_log_07.json,arn:aws:s3:::tenant-b-hr,AWS_ARN,36979,37003,"GDPR_Art5_1b, DPDPA_S8"
tenant-b_log_07.json,arn:aws:iam::234567890123:user/frank.nair,AWS_ARN,37381,37422,"GDPR_Art5_1b, DPDPA_S8"
tenant-b_log_07.json,arn:aws:s3:::tenant-b-hr,AWS_ARN,38257,38281,"GDPR_Art5_1b, DPDPA_S8"
tenant-b_log_07.json,arn:aws:iam::234567890123:user/david.raj,AWS_ARN,38659,38699,"GDPR_Art5_1b, DPDPA_S8"
tenant-b_log_07.json,arn:aws:s3:::tenant-b-hr,AWS_ARN,39532,39556,"GDPR_Art5_1b, DPDPA_S8"
tenant-b_log_07.json,arn:aws:iam::234567890123:user/david.raj,AWS_ARN,39934,39974,"GDPR_Art5_1b, DPDPA_S8"
tenant-b_log_07.json,arn:aws:s3:::tenant-b-finance,AWS_ARN,40814,40843,"GDPR_Art5_1b, DPDPA_S8"
tenant-b_log_07.json,arn:aws:iam::234567890123:user/eve.patel,AWS_ARN,41221,41261,"GDPR_Art5_1b, DPDPA_S8"
tenant-b_log_07.json,arn:aws:s3:::tenant-b-hr,AWS_ARN,42093,42117,"GDPR_Art5_1b, DPDPA_S8"
tenant-b_log_07.json,arn:aws:iam::234567890123:user/frank.nair,AWS_ARN,42495,42536,"GDPR_Art5_1b, DPDPA_S8"
tenant-b_log_07.json,arn:aws:s3:::tenant-b-hr,AWS_ARN,43374,43398,"GDPR_Art5_1b, DPDPA_S8"
tenant-b_log_07.json,arn:aws:iam::234567890123:user/eve.patel,AWS_ARN,43776,43816,"GDPR_Art5_1b, DPDPA_S8"
tenant-b_log_07.json,arn:aws:s3:::tenant-b-finance,AWS_ARN,44653,44682,"GDPR_Art5_1b, DPDPA_S8"
tenant-b_log_07.json,arn:aws:iam::234567890123:user/eve.patel,AWS_ARN,45060,45100,"GDPR_Art5_1b, DPDPA_S8"
tenant-b_log_07.json,arn:aws:s3:::tenant-b-finance,AWS_ARN,45939,45968,"GDPR_Art5_1b, DPDPA_S8"
tenant-b_log_07.json,arn:aws:iam::234567890123:user/frank.nair,AWS_ARN,46346,46387,"GDPR_Art5_1b, DPDPA_S8"
tenant-b_log_07.json,arn:aws:s3:::tenant-b-hr,AWS_ARN,47221,47245,"GDPR_Art5_1b, DPDPA_S8"
tenant-b_log_07.json,arn:aws:iam::234567890123:user/david.raj,AWS_ARN,47623,47663,"GDPR_Art5_1b, DPDPA_S8"
tenant-b_log_07.json,arn:aws:s3:::tenant-b-finance,AWS_ARN,48504,48533,"GDPR_Art5_1b, DPDPA_S8"
tenant-b_log_07.json,arn:aws:iam::234567890123:user/frank.nair,AWS_ARN,48911,48952,"GDPR_Art5_1b, DPDPA_S8"
tenant-b_log_07.json,arn:aws:s3:::tenant-b-hr,AWS_ARN,49788,49812,"GDPR_Art5_1b, DPDPA_S8"
tenant-b_log_07.json,arn:aws:iam::234567890123:user/frank.nair,AWS_ARN,50190,50231,"GDPR_Art5_1b, DPDPA_S8"
tenant-b_log_07.json,arn:aws:s3:::tenant-b-finance,AWS_ARN,51077,51106,"GDPR_Art5_1b, DPDPA_S8"
tenant-b_log_07.json,234567890123,AWS_ACCOUNT_ID,248,260,"GDPR_Art5_1b, DPDPA_S8"
tenant-b_log_07.json,234567890123,AWS_ACCOUNT_ID,1118,1130,"GDPR_Art5_1b, DPDPA_S8"
tenant-b_log_07.json,234567890123,AWS_ACCOUNT_ID,1282,1294,"GDPR_Art5_1b, DPDPA_S8"
tenant-b_log_07.json,234567890123,AWS_ACCOUNT_ID,1535,1547,"GDPR_Art5_1b, DPDPA_S8"
tenant-b_log_07.json,234567890123,AWS_ACCOUNT_ID,2396,2408,"GDPR_Art5_1b, DPDPA_S8"
tenant-b_log_07.json,234567890123,AWS_ACCOUNT_ID,2560,2572,"GDPR_Art5_1b, DPDPA_S8"
tenant-b_log_07.json,234567890123,AWS_ACCOUNT_ID,2813,2825,"GDPR_Art5_1b, DPDPA_S8"
tenant-b_log_07.json,234567890123,AWS_ACCOUNT_ID,3693,3705,"GDPR_Art5_1b, DPDPA_S8"
tenant-b_log_07.json,234567890123,AWS_ACCOUNT_ID,3857,3869,"GDPR_Art5_1b, DPDPA_S8"
tenant-b_log_07.json,234567890123,AWS_ACCOUNT_ID,4110,4122,"GDPR_Art5_1b, DPDPA_S8"
tenant-b_log_07.json,234567890123,AWS_ACCOUNT_ID,4972,4984,"GDPR_Art5_1b, DPDPA_S8"
tenant-b_log_07.json,234567890123,AWS_ACCOUNT_ID,5136,5148,"GDPR_Art5_1b, DPDPA_S8"
tenant-b_log_07.json,234567890123,AWS_ACCOUNT_ID,5388,5400,"GDPR_Art5_1b, DPDPA_S8"
tenant-b_log_07.json,234567890123,AWS_ACCOUNT_ID,6257,6269,"GDPR_Art5_1b, DPDPA_S8"
tenant-b_log_07.json,234567890123,AWS_ACCOUNT_ID,6421,6433,"GDPR_Art5_1b, DPDPA_S8"
tenant-b_log_07.json,234567890123,AWS_ACCOUNT_ID,6674,6686,"GDPR_Art5_1b, DPDPA_S8"
tenant-b_log_07.json,234567890123,AWS_ACCOUNT_ID,7542,7554,"GDPR_Art5_1b, DPDPA_S8"
tenant-b_log_07.json,234567890123,AWS_ACCOUNT_ID,7706,7718,"GDPR_Art5_1b, DPDPA_S8"
tenant-b_log_07.json,234567890123,AWS_ACCOUNT_ID,7958,7970,"GDPR_Art5_1b, DPDPA_S8"
tenant-b_log_07.json,234567890123,AWS_ACCOUNT_ID,8818,8830,"GDPR_Art5_1b, DPDPA_S8"
tenant-b_log_07.json,234567890123,AWS_ACCOUNT_ID,8982,8994,"GDPR_Art5_1b, DPDPA_S8"
tenant-b_log_07.json,234567890123,AWS_ACCOUNT_ID,9234,9246,"GDPR_Art5_1b, DPDPA_S8"
tenant-b_log_07.json,234567890123,AWS_ACCOUNT_ID,10106,10118,"GDPR_Art5_1b, DPDPA_S8"
tenant-b_log_07.json,234567890123,AWS_ACCOUNT_ID,10270,10282,"GDPR_Art5_1b, DPDPA_S8"
tenant-b_log_07.json,234567890123,AWS_ACCOUNT_ID,10523,10535,"GDPR_Art5_1b, DPDPA_S8"
tenant-b_log_07.json,234567890123,AWS_ACCOUNT_ID,11392,11404,"GDPR_Art5_1b, DPDPA_S8"
tenant-b_log_07.json,234567890123,AWS_ACCOUNT_ID,11556,11568,"GDPR_Art5_1b, DPDPA_S8"
tenant-b_log_07.json,234567890123,AWS_ACCOUNT_ID,11808,11820,"GDPR_Art5_1b, DPDPA_S8"
tenant-b_log_07.json,234567890123,AWS_ACCOUNT_ID,12667,12679,"GDPR_Art5_1b, DPDPA_S8"
tenant-b_log_07.json,234567890123,AWS_ACCOUNT_ID,12831,12843,"GDPR_Art5_1b, DPDPA_S8"
tenant-b_log_07.json,234567890123,AWS_ACCOUNT_ID,13083,13095,"GDPR_Art5_1b, DPDPA_S8"
tenant-b_log_07.json,234567890123,AWS_ACCOUNT_ID,13950,13962,"GDPR_Art5_1b, DPDPA_S8"
tenant-b_log_07.json,234567890123,AWS_ACCOUNT_ID,14114,14126,"GDPR_Art5_1b, DPDPA_S8"
tenant-b_log_07.json,234567890123,AWS_ACCOUNT_ID,14366,14378,"GDPR_Art5_1b, DPDPA_S8"
tenant-b_log_07.json,234567890123,AWS_ACCOUNT_ID,15228,15240,"GDPR_Art5_1b, DPDPA_S8"
tenant-b_log_07.json,234567890123,AWS_ACCOUNT_ID,15392,15404,"GDPR_Art5_1b, DPDPA_S8"
tenant-b_log_07.json,234567890123,AWS_ACCOUNT_ID,15645,15657,"GDPR_Art5_1b, DPDPA_S8"
tenant-b_log_07.json,234567890123,AWS_ACCOUNT_ID,16518,16530,"GDPR_Art5_1b, DPDPA_S8"
tenant-b_log_07.json,234567890123,AWS_ACCOUNT_ID,16682,16694,"GDPR_Art5_1b, DPDPA_S8"
tenant-b_log_07.json,234567890123,AWS_ACCOUNT_ID,16934,16946,"GDPR_Art5_1b, DPDPA_S8"
tenant-b_log_07.json,234567890123,AWS_ACCOUNT_ID,17793,17805,"GDPR_Art5_1b, DPDPA_S8"
tenant-b_log_07.json,234567890123,AWS_ACCOUNT_ID,17957,17969,"GDPR_Art5_1b, DPDPA_S8"
tenant-b_log_07.json,234567890123,AWS_ACCOUNT_ID,18209,18221,"GDPR_Art5_1b, DPDPA_S8"
tenant-b_log_07.json,234567890123,AWS_ACCOUNT_ID,19081,19093,"GDPR_Art5_1b, DPDPA_S8"
tenant-b_log_07.json,234567890123,AWS_ACCOUNT_ID,19245,19257,"GDPR_Art5_1b, DPDPA_S8"
tenant-b_log_07.json,234567890123,AWS_ACCOUNT_ID,19498,19510,"GDPR_Art5_1b, DPDPA_S8"
tenant-b_log_07.json,234567890123,AWS_ACCOUNT_ID,20359,20371,"GDPR_Art5_1b, DPDPA_S8"
tenant-b_log_07.json,234567890123,AWS_ACCOUNT_ID,20523,20535,"GDPR_Art5_1b, DPDPA_S8"
tenant-b_log_07.json,234567890123,AWS_ACCOUNT_ID,20775,20787,"GDPR_Art5_1b, DPDPA_S8"
tenant-b_log_07.json,234567890123,AWS_ACCOUNT_ID,21637,21649,"GDPR_Art5_1b, DPDPA_S8"
tenant-b_log_07.json,234567890123,AWS_ACCOUNT_ID,21801,21813,"GDPR_Art5_1b, DPDPA_S8"
tenant-b_log_07.json,234567890123,AWS_ACCOUNT_ID,22054,22066,"GDPR_Art5_1b, DPDPA_S8"
tenant-b_log_07.json,234567890123,AWS_ACCOUNT_ID,22918,22930,"GDPR_Art5_1b, DPDPA_S8"
tenant-b_log_07.json,234567890123,AWS_ACCOUNT_ID,23082,23094,"GDPR_Art5_1b, DPDPA_S8"
tenant-b_log_07.json,234567890123,AWS_ACCOUNT_ID,23334,23346,"GDPR_Art5_1b, DPDPA_S8"
tenant-b_log_07.json,234567890123,AWS_ACCOUNT_ID,24197,24209,"GDPR_Art5_1b, DPDPA_S8"
tenant-b_log_07.json,234567890123,AWS_ACCOUNT_ID,24361,24373,"GDPR_Art5_1b, DPDPA_S8"
tenant-b_log_07.json,234567890123,AWS_ACCOUNT_ID,24613,24625,"GDPR_Art5_1b, DPDPA_S8"
tenant-b_log_07.json,234567890123,AWS_ACCOUNT_ID,25480,25492,"GDPR_Art5_1b, DPDPA_S8"
tenant-b_log_07.json,234567890123,AWS_ACCOUNT_ID,25644,25656,"GDPR_Art5_1b, DPDPA_S8"
tenant-b_log_07.json,234567890123,AWS_ACCOUNT_ID,25897,25909,"GDPR_Art5_1b, DPDPA_S8"
tenant-b_log_07.json,234567890123,AWS_ACCOUNT_ID,26767,26779,"GDPR_Art5_1b, DPDPA_S8"
tenant-b_log_07.json,234567890123,AWS_ACCOUNT_ID,26931,26943,"GDPR_Art5_1b, DPDPA_S8"
tenant-b_log_07.json,234567890123,AWS_ACCOUNT_ID,27183,27195,"GDPR_Art5_1b, DPDPA_S8"
tenant-b_log_07.json,234567890123,AWS_ACCOUNT_ID,28054,28066,"GDPR_Art5_1b, DPDPA_S8"
tenant-b_log_07.json,234567890123,AWS_ACCOUNT_ID,28218,28230,"GDPR_Art5_1b, DPDPA_S8"
tenant-b_log_07.json,234567890123,AWS_ACCOUNT_ID,28470,28482,"GDPR_Art5_1b, DPDPA_S8"
tenant-b_log_07.json,234567890123,AWS_ACCOUNT_ID,29328,29340,"GDPR_Art5_1b, DPDPA_S8"
tenant-b_log_07.json,234567890123,AWS_ACCOUNT_ID,29492,29504,"GDPR_Art5_1b, DPDPA_S8"
tenant-b_log_07.json,234567890123,AWS_ACCOUNT_ID,29744,29756,"GDPR_Art5_1b, DPDPA_S8"
tenant-b_log_07.json,234567890123,AWS_ACCOUNT_ID,30613,30625,"GDPR_Art5_1b, DPDPA_S8"
tenant-b_log_07.json,234567890123,AWS_ACCOUNT_ID,30777,30789,"GDPR_Art5_1b, DPDPA_S8"
tenant-b_log_07.json,234567890123,AWS_ACCOUNT_ID,31029,31041,"GDPR_Art5_1b, DPDPA_S8"
tenant-b_log_07.json,234567890123,AWS_ACCOUNT_ID,31899,31911,"GDPR_Art5_1b, DPDPA_S8"
tenant-b_log_07.json,234567890123,AWS_ACCOUNT_ID,32063,32075,"GDPR_Art5_1b, DPDPA_S8"
tenant-b_log_07.json,234567890123,AWS_ACCOUNT_ID,32315,32327,"GDPR_Art5_1b, DPDPA_S8"
tenant-b_log_07.json,234567890123,AWS_ACCOUNT_ID,33185,33197,"GDPR_Art5_1b, DPDPA_S8"
tenant-b_log_07.json,234567890123,AWS_ACCOUNT_ID,33349,33361,"GDPR_Art5_1b, DPDPA_S8"
tenant-b_log_07.json,234567890123,AWS_ACCOUNT_ID,33601,33613,"GDPR_Art5_1b, DPDPA_S8"
tenant-b_log_07.json,234567890123,AWS_ACCOUNT_ID,34461,34473,"GDPR_Art5_1b, DPDPA_S8"
tenant-b_log_07.json,234567890123,AWS_ACCOUNT_ID,34625,34637,"GDPR_Art5_1b, DPDPA_S8"
tenant-b_log_07.json,234567890123,AWS_ACCOUNT_ID,34878,34890,"GDPR_Art5_1b, DPDPA_S8"
tenant-b_log_07.json,234567890123,AWS_ACCOUNT_ID,35750,35762,"GDPR_Art5_1b, DPDPA_S8"
tenant-b_log_07.json,234567890123,AWS_ACCOUNT_ID,35914,35926,"GDPR_Art5_1b, DPDPA_S8"
tenant-b_log_07.json,234567890123,AWS_ACCOUNT_ID,36166,36178,"GDPR_Art5_1b, DPDPA_S8"
tenant-b_log_07.json,234567890123,AWS_ACCOUNT_ID,37030,37042,"GDPR_Art5_1b, DPDPA_S8"
tenant-b_log_07.json,234567890123,AWS_ACCOUNT_ID,37194,37206,"GDPR_Art5_1b, DPDPA_S8"
tenant-b_log_07.json,234567890123,AWS_ACCOUNT_ID,37447,37459,"GDPR_Art5_1b, DPDPA_S8"
tenant-b_log_07.json,234567890123,AWS_ACCOUNT_ID,38308,38320,"GDPR_Art5_1b, DPDPA_S8"
tenant-b_log_07.json,234567890123,AWS_ACCOUNT_ID,38472,38484,"GDPR_Art5_1b, DPDPA_S8"
tenant-b_log_07.json,234567890123,AWS_ACCOUNT_ID,38724,38736,"GDPR_Art5_1b, DPDPA_S8"
tenant-b_log_07.json,234567890123,AWS_ACCOUNT_ID,39583,39595,"GDPR_Art5_1b, DPDPA_S8"
tenant-b_log_07.json,234567890123,AWS_ACCOUNT_ID,39747,39759,"GDPR_Art5_1b, DPDPA_S8"
tenant-b_log_07.json,234567890123,AWS_ACCOUNT_ID,39999,40011,"GDPR_Art5_1b, DPDPA_S8"
tenant-b_log_07.json,234567890123,AWS_ACCOUNT_ID,40870,40882,"GDPR_Art5_1b, DPDPA_S8"
tenant-b_log_07.json,234567890123,AWS_ACCOUNT_ID,41034,41046,"GDPR_Art5_1b, DPDPA_S8"
tenant-b_log_07.json,234567890123,AWS_ACCOUNT_ID,41286,41298,"GDPR_Art5_1b, DPDPA_S8"
tenant-b_log_07.json,234567890123,AWS_ACCOUNT_ID,42144,42156,"GDPR_Art5_1b, DPDPA_S8"
tenant-b_log_07.json,234567890123,AWS_ACCOUNT_ID,42308,42320,"GDPR_Art5_1b, DPDPA_S8"
tenant-b_log_07.json,234567890123,AWS_ACCOUNT_ID,42561,42573,"GDPR_Art5_1b, DPDPA_S8"
tenant-b_log_07.json,234567890123,AWS_ACCOUNT_ID,43425,43437,"GDPR_Art5_1b, DPDPA_S8"
tenant-b_log_07.json,234567890123,AWS_ACCOUNT_ID,43589,43601,"GDPR_Art5_1b, DPDPA_S8"
tenant-b_log_07.json,234567890123,AWS_ACCOUNT_ID,43841,43853,"GDPR_Art5_1b, DPDPA_S8"
tenant-b_log_07.json,234567890123,AWS_ACCOUNT_ID,44709,44721,"GDPR_Art5_1b, DPDPA_S8"
tenant-b_log_07.json,234567890123,AWS_ACCOUNT_ID,44873,44885,"GDPR_Art5_1b, DPDPA_S8"
tenant-b_log_07.json,234567890123,AWS_ACCOUNT_ID,45125,45137,"GDPR_Art5_1b, DPDPA_S8"
tenant-b_log_07.json,234567890123,AWS_ACCOUNT_ID,45995,46007,"GDPR_Art5_1b, DPDPA_S8"
tenant-b_log_07.json,234567890123,AWS_ACCOUNT_ID,46159,46171,"GDPR_Art5_1b, DPDPA_S8"
tenant-b_log_07.json,234567890123,AWS_ACCOUNT_ID,46412,46424,"GDPR_Art5_1b, DPDPA_S8"
tenant-b_log_07.json,234567890123,AWS_ACCOUNT_ID,47272,47284,"GDPR_Art5_1b, DPDPA_S8"
tenant-b_log_07.json,234567890123,AWS_ACCOUNT_ID,47436,47448,"GDPR_Art5_1b, DPDPA_S8"
tenant-b_log_07.json,234567890123,AWS_ACCOUNT_ID,47688,47700,"GDPR_Art5_1b, DPDPA_S8"
tenant-b_log_07.json,234567890123,AWS_ACCOUNT_ID,48560,48572,"GDPR_Art5_1b, DPDPA_S8"
tenant-b_log_07.json,234567890123,AWS_ACCOUNT_ID,48724,48736,"GDPR_Art5_1b, DPDPA_S8"
tenant-b_log_07.json,234567890123,AWS_ACCOUNT_ID,48977,48989,"GDPR_Art5_1b, DPDPA_S8"
tenant-b_log_07.json,234567890123,AWS_ACCOUNT_ID,49839,49851,"GDPR_Art5_1b, DPDPA_S8"
tenant-b_log_07.json,234567890123,AWS_ACCOUNT_ID,50003,50015,"GDPR_Art5_1b, DPDPA_S8"
tenant-b_log_07.json,234567890123,AWS_ACCOUNT_ID,50256,50268,"GDPR_Art5_1b, DPDPA_S8"
tenant-b_log_07.json,234567890123,AWS_ACCOUNT_ID,51133,51145,"GDPR_Art5_1b, DPDPA_S8"
tenant-b_log_07.json,234567890123,AWS_ACCOUNT_ID,51297,51309,"GDPR_Art5_1b, DPDPA_S8"
tenant-b_log_08.json,eve.patel,PERSON,284,293,"GDPR_Art5_1a, DPDPA_S8"
tenant-b_log_08.json,david.raj,PERSON,1567,1576,"GDPR_Art5_1a, DPDPA_S8"
tenant-b_log_08.json,david.raj,PERSON,2853,2862,"GDPR_Art5_1a, DPDPA_S8"
tenant-b_log_08.json,frank.nair,PERSON,4141,4151,"GDPR_Art5_1a, DPDPA_S8"
tenant-b_log_08.json,david.raj,PERSON,5428,5437,"GDPR_Art5_1a, DPDPA_S8"
tenant-b_log_08.json,frank.nair,PERSON,6703,6713,"GDPR_Art5_1a, DPDPA_S8"
tenant-b_log_08.json,david.raj,PERSON,7980,7989,"GDPR_Art5_1a, DPDPA_S8"
tenant-b_log_08.json,eve.patel,PERSON,9265,9274,"GDPR_Art5_1a, DPDPA_S8"
tenant-b_log_08.json,eve.patel,PERSON,10543,10552,"GDPR_Art5_1a, DPDPA_S8"
tenant-b_log_08.json,david.raj,PERSON,11828,11837,"GDPR_Art5_1a, DPDPA_S8"
tenant-b_log_08.json,frank.nair,PERSON,13105,13115,"GDPR_Art5_1a, DPDPA_S8"
tenant-b_log_08.json,frank.nair,PERSON,14386,14396,"GDPR_Art5_1a, DPDPA_S8"
tenant-b_log_08.json,frank.nair,PERSON,15677,15687,"GDPR_Art5_1a, DPDPA_S8"
tenant-b_log_08.json,frank.nair,PERSON,16964,16974,"GDPR_Art5_1a, DPDPA_S8"
tenant-b_log_08.json,david.raj,PERSON,18251,18260,"GDPR_Art5_1a, DPDPA_S8"
tenant-b_log_08.json,frank.nair,PERSON,19540,19550,"GDPR_Art5_1a, DPDPA_S8"
tenant-b_log_08.json,eve.patel,PERSON,20817,20826,"GDPR_Art5_1a, DPDPA_S8"
tenant-b_log_08.json,david.raj,PERSON,22092,22101,"GDPR_Art5_1a, DPDPA_S8"
tenant-b_log_08.json,david.raj,PERSON,23375,23384,"GDPR_Art5_1a, DPDPA_S8"
tenant-b_log_08.json,david.raj,PERSON,24656,24665,"GDPR_Art5_1a, DPDPA_S8"
tenant-b_log_08.json,172.29.87.72,IP_ADDRESS,677,689,"GDPR_Art5_1b, DPDPA_S8"
tenant-b_log_08.json,192.168.135.150,IP_ADDRESS,1960,1975,"GDPR_Art5_1b, DPDPA_S8"
tenant-b_log_08.json,10.241.170.247,IP_ADDRESS,3246,3260,"GDPR_Art5_1b, DPDPA_S8"
tenant-b_log_08.json,10.202.19.237,IP_ADDRESS,4535,4548,"GDPR_Art5_1b, DPDPA_S8"
tenant-b_log_08.json,192.168.71.224,IP_ADDRESS,5821,5835,"GDPR_Art5_1b, DPDPA_S8"
tenant-b_log_08.json,10.231.232.204,IP_ADDRESS,7097,7111,"GDPR_Art5_1b, DPDPA_S8"
tenant-b_log_08.json,192.168.92.251,IP_ADDRESS,8373,8387,"GDPR_Art5_1b, DPDPA_S8"
tenant-b_log_08.json,172.25.113.200,IP_ADDRESS,9658,9672,"GDPR_Art5_1b, DPDPA_S8"
tenant-b_log_08.json,192.168.20.2,IP_ADDRESS,10936,10948,"GDPR_Art5_1b, DPDPA_S8"
tenant-b_log_08.json,192.168.249.219,IP_ADDRESS,12221,12236,"GDPR_Art5_1b, DPDPA_S8"
tenant-b_log_08.json,192.168.7.169,IP_ADDRESS,13499,13512,"GDPR_Art5_1b, DPDPA_S8"
tenant-b_log_08.json,192.168.84.137,IP_ADDRESS,14780,14794,"GDPR_Art5_1b, DPDPA_S8"
tenant-b_log_08.json,192.168.86.139,IP_ADDRESS,16071,16085,"GDPR_Art5_1b, DPDPA_S8"
tenant-b_log_08.json,192.168.97.187,IP_ADDRESS,17358,17372,"GDPR_Art5_1b, DPDPA_S8"
tenant-b_log_08.json,10.213.160.199,IP_ADDRESS,18644,18658,"GDPR_Art5_1b, DPDPA_S8"
tenant-b_log_08.json,192.168.111.215,IP_ADDRESS,19934,19949,"GDPR_Art5_1b, DPDPA_S8"
tenant-b_log_08.json,10.79.34.90,IP_ADDRESS,21210,21221,"GDPR_Art5_1b, DPDPA_S8"
tenant-b_log_08.json,10.184.45.163,IP_ADDRESS,22485,22498,"GDPR_Art5_1b, DPDPA_S8"
tenant-b_log_08.json,192.168.223.70,IP_ADDRESS,23768,23782,"GDPR_Art5_1b, DPDPA_S8"
tenant-b_log_08.json,10.140.227.156,IP_ADDRESS,25049,25063,"GDPR_Art5_1b, DPDPA_S8"
tenant-b_log_08.json,arn:aws:iam::234567890123:user/eve.patel,AWS_ARN,183,223,"GDPR_Art5_1b, DPDPA_S8"
tenant-b_log_08.json,arn:aws:s3:::tenant-b-finance,AWS_ARN,1059,1088,"GDPR_Art5_1b, DPDPA_S8"
tenant-b_log_08.json,arn:aws:iam::234567890123:user/david.raj,AWS_ARN,1466,1506,"GDPR_Art5_1b, DPDPA_S8"
tenant-b_log_08.json,arn:aws:s3:::tenant-b-finance,AWS_ARN,2345,2374,"GDPR_Art5_1b, DPDPA_S8"
tenant-b_log_08.json,arn:aws:iam::234567890123:user/david.raj,AWS_ARN,2752,2792,"GDPR_Art5_1b, DPDPA_S8"
tenant-b_log_08.json,arn:aws:s3:::tenant-b-finance,AWS_ARN,3632,3661,"GDPR_Art5_1b, DPDPA_S8"
tenant-b_log_08.json,arn:aws:iam::234567890123:user/frank.nair,AWS_ARN,4039,4080,"GDPR_Art5_1b, DPDPA_S8"
tenant-b_log_08.json,arn:aws:s3:::tenant-b-finance,AWS_ARN,4920,4949,"GDPR_Art5_1b, DPDPA_S8"
tenant-b_log_08.json,arn:aws:iam::234567890123:user/david.raj,AWS_ARN,5327,5367,"GDPR_Art5_1b, DPDPA_S8"
tenant-b_log_08.json,arn:aws:s3:::tenant-b-hr,AWS_ARN,6199,6223,"GDPR_Art5_1b, DPDPA_S8"
tenant-b_log_08.json,arn:aws:iam::234567890123:user/frank.nair,AWS_ARN,6601,6642,"GDPR_Art5_1b, DPDPA_S8"
tenant-b_log_08.json,arn:aws:s3:::tenant-b-hr,AWS_ARN,7477,7501,"GDPR_Art5_1b, DPDPA_S8"
tenant-b_log_08.json,arn:aws:iam::234567890123:user/david.raj,AWS_ARN,7879,7919,"GDPR_Art5_1b, DPDPA_S8"
tenant-b_log_08.json,arn:aws:s3:::tenant-b-finance,AWS_ARN,8757,8786,"GDPR_Art5_1b, DPDPA_S8"
tenant-b_log_08.json,arn:aws:iam::234567890123:user/eve.patel,AWS_ARN,9164,9204,"GDPR_Art5_1b, DPDPA_S8"
tenant-b_log_08.json,arn:aws:s3:::tenant-b-hr,AWS_ARN,10040,10064,"GDPR_Art5_1b, DPDPA_S8"
tenant-b_log_08.json,arn:aws:iam::234567890123:user/eve.patel,AWS_ARN,10442,10482,"GDPR_Art5_1b, DPDPA_S8"
tenant-b_log_08.json,arn:aws:s3:::tenant-b-finance,AWS_ARN,11320,11349,"GDPR_Art5_1b, DPDPA_S8"
tenant-b_log_08.json,arn:aws:iam::234567890123:user/david.raj,AWS_ARN,11727,11767,"GDPR_Art5_1b, DPDPA_S8"
tenant-b_log_08.json,arn:aws:s3:::tenant-b-hr,AWS_ARN,12601,12625,"GDPR_Art5_1b, DPDPA_S8"
tenant-b_log_08.json,arn:aws:iam::234567890123:user/frank.nair,AWS_ARN,13003,13044,"GDPR_Art5_1b, DPDPA_S8"
tenant-b_log_08.json,arn:aws:s3:::tenant-b-hr,AWS_ARN,13882,13906,"GDPR_Art5_1b, DPDPA_S8"
tenant-b_log_08.json,arn:aws:iam::234567890123:user/frank.nair,AWS_ARN,14284,14325,"GDPR_Art5_1b, DPDPA_S8"
tenant-b_log_08.json,arn:aws:s3:::tenant-b-finance,AWS_ARN,15168,15197,"GDPR_Art5_1b, DPDPA_S8"
tenant-b_log_08.json,arn:aws:iam::234567890123:user/frank.nair,AWS_ARN,15575,15616,"GDPR_Art5_1b, DPDPA_S8"
tenant-b_log_08.json,arn:aws:s3:::tenant-b-finance,AWS_ARN,16455,16484,"GDPR_Art5_1b, DPDPA_S8"
tenant-b_log_08.json,arn:aws:iam::234567890123:user/frank.nair,AWS_ARN,16862,16903,"GDPR_Art5_1b, DPDPA_S8"
tenant-b_log_08.json,arn:aws:s3:::tenant-b-finance,AWS_ARN,17743,17772,"GDPR_Art5_1b, DPDPA_S8"
tenant-b_log_08.json,arn:aws:iam::234567890123:user/david.raj,AWS_ARN,18150,18190,"GDPR_Art5_1b, DPDPA_S8"
tenant-b_log_08.json,arn:aws:s3:::tenant-b-finance,AWS_ARN,19031,19060,"GDPR_Art5_1b, DPDPA_S8"
tenant-b_log_08.json,arn:aws:iam::234567890123:user/frank.nair,AWS_ARN,19438,19479,"GDPR_Art5_1b, DPDPA_S8"
tenant-b_log_08.json,arn:aws:s3:::tenant-b-hr,AWS_ARN,20314,20338,"GDPR_Art5_1b, DPDPA_S8"
tenant-b_log_08.json,arn:aws:iam::234567890123:user/eve.patel,AWS_ARN,20716,20756,"GDPR_Art5_1b, DPDPA_S8"
tenant-b_log_08.json,arn:aws:s3:::tenant-b-hr,AWS_ARN,21589,21613,"GDPR_Art5_1b, DPDPA_S8"
tenant-b_log_08.json,arn:aws:iam::234567890123:user/david.raj,AWS_ARN,21991,22031,"GDPR_Art5_1b, DPDPA_S8"
tenant-b_log_08.json,arn:aws:s3:::tenant-b-finance,AWS_ARN,22867,22896,"GDPR_Art5_1b, DPDPA_S8"
tenant-b_log_08.json,arn:aws:iam::234567890123:user/david.raj,AWS_ARN,23274,23314,"GDPR_Art5_1b, DPDPA_S8"
tenant-b_log_08.json,arn:aws:s3:::tenant-b-hr,AWS_ARN,24153,24177,"GDPR_Art5_1b, DPDPA_S8"
tenant-b_log_08.json,arn:aws:iam::234567890123:user/david.raj,AWS_ARN,24555,24595,"GDPR_Art5_1b, DPDPA_S8"
tenant-b_log_08.json,arn:aws:s3:::tenant-b-finance,AWS_ARN,25435,25464,"GDPR_Art5_1b, DPDPA_S8"
tenant-b_log_08.json,234567890123,AWS_ACCOUNT_ID,248,260,"GDPR_Art5_1b, DPDPA_S8"
tenant-b_log_08.json,234567890123,AWS_ACCOUNT_ID,1115,1127,"GDPR_Art5_1b, DPDPA_S8"
tenant-b_log_08.json,234567890123,AWS_ACCOUNT_ID,1279,1291,"GDPR_Art5_1b, DPDPA_S8"
tenant-b_log_08.json,234567890123,AWS_ACCOUNT_ID,1531,1543,"GDPR_Art5_1b, DPDPA_S8"
tenant-b_log_08.json,234567890123,AWS_ACCOUNT_ID,2401,2413,"GDPR_Art5_1b, DPDPA_S8"
tenant-b_log_08.json,234567890123,AWS_ACCOUNT_ID,2565,2577,"GDPR_Art5_1b, DPDPA_S8"
tenant-b_log_08.json,234567890123,AWS_ACCOUNT_ID,2817,2829,"GDPR_Art5_1b, DPDPA_S8"
tenant-b_log_08.json,234567890123,AWS_ACCOUNT_ID,3688,3700,"GDPR_Art5_1b, DPDPA_S8"
tenant-b_log_08.json,234567890123,AWS_ACCOUNT_ID,3852,3864,"GDPR_Art5_1b, DPDPA_S8"
tenant-b_log_08.json,234567890123,AWS_ACCOUNT_ID,4105,4117,"GDPR_Art5_1b, DPDPA_S8"
tenant-b_log_08.json,234567890123,AWS_ACCOUNT_ID,4976,4988,"GDPR_Art5_1b, DPDPA_S8"
tenant-b_log_08.json,234567890123,AWS_ACCOUNT_ID,5140,5152,"GDPR_Art5_1b, DPDPA_S8"
tenant-b_log_08.json,234567890123,AWS_ACCOUNT_ID,5392,5404,"GDPR_Art5_1b, DPDPA_S8"
tenant-b_log_08.json,234567890123,AWS_ACCOUNT_ID,6250,6262,"GDPR_Art5_1b, DPDPA_S8"
tenant-b_log_08.json,234567890123,AWS_ACCOUNT_ID,6414,6426,"GDPR_Art5_1b, DPDPA_S8"
tenant-b_log_08.json,234567890123,AWS_ACCOUNT_ID,6667,6679,"GDPR_Art5_1b, DPDPA_S8"
tenant-b_log_08.json,234567890123,AWS_ACCOUNT_ID,7528,7540,"GDPR_Art5_1b, DPDPA_S8"
tenant-b_log_08.json,234567890123,AWS_ACCOUNT_ID,7692,7704,"GDPR_Art5_1b, DPDPA_S8"
tenant-b_log_08.json,234567890123,AWS_ACCOUNT_ID,7944,7956,"GDPR_Art5_1b, DPDPA_S8"
tenant-b_log_08.json,234567890123,AWS_ACCOUNT_ID,8813,8825,"GDPR_Art5_1b, DPDPA_S8"
tenant-b_log_08.json,234567890123,AWS_ACCOUNT_ID,8977,8989,"GDPR_Art5_1b, DPDPA_S8"
tenant-b_log_08.json,234567890123,AWS_ACCOUNT_ID,9229,9241,"GDPR_Art5_1b, DPDPA_S8"
tenant-b_log_08.json,234567890123,AWS_ACCOUNT_ID,10091,10103,"GDPR_Art5_1b, DPDPA_S8"
tenant-b_log_08.json,234567890123,AWS_ACCOUNT_ID,10255,10267,"GDPR_Art5_1b, DPDPA_S8"
tenant-b_log_08.json,234567890123,AWS_ACCOUNT_ID,10507,10519,"GDPR_Art5_1b, DPDPA_S8"
tenant-b_log_08.json,234567890123,AWS_ACCOUNT_ID,11376,11388,"GDPR_Art5_1b, DPDPA_S8"
tenant-b_log_08.json,234567890123,AWS_ACCOUNT_ID,11540,11552,"GDPR_Art5_1b, DPDPA_S8"
tenant-b_log_08.json,234567890123,AWS_ACCOUNT_ID,11792,11804,"GDPR_Art5_1b, DPDPA_S8"
tenant-b_log_08.json,234567890123,AWS_ACCOUNT_ID,12652,12664,"GDPR_Art5_1b, DPDPA_S8"
tenant-b_log_08.json,234567890123,AWS_ACCOUNT_ID,12816,12828,"GDPR_Art5_1b, DPDPA_S8"
tenant-b_log_08.json,234567890123,AWS_ACCOUNT_ID,13069,13081,"GDPR_Art5_1b, DPDPA_S8"
tenant-b_log_08.json,234567890123,AWS_ACCOUNT_ID,13933,13945,"GDPR_Art5_1b, DPDPA_S8"
tenant-b_log_08.json,234567890123,AWS_ACCOUNT_ID,14097,14109,"GDPR_Art5_1b, DPDPA_S8"
tenant-b_log_08.json,234567890123,AWS_ACCOUNT_ID,14350,14362,"GDPR_Art5_1b, DPDPA_S8"
tenant-b_log_08.json,234567890123,AWS_ACCOUNT_ID,15224,15236,"GDPR_Art5_1b, DPDPA_S8"
tenant-b_log_08.json,234567890123,AWS_ACCOUNT_ID,15388,15400,"GDPR_Art5_1b, DPDPA_S8"
tenant-b_log_08.json,234567890123,AWS_ACCOUNT_ID,15641,15653,"GDPR_Art5_1b, DPDPA_S8"
tenant-b_log_08.json,234567890123,AWS_ACCOUNT_ID,16511,16523,"GDPR_Art5_1b, DPDPA_S8"
tenant-b_log_08.json,234567890123,AWS_ACCOUNT_ID,16675,16687,"GDPR_Art5_1b, DPDPA_S8"
tenant-b_log_08.json,234567890123,AWS_ACCOUNT_ID,16928,16940,"GDPR_Art5_1b, DPDPA_S8"
tenant-b_log_08.json,234567890123,AWS_ACCOUNT_ID,17799,17811,"GDPR_Art5_1b, DPDPA_S8"
tenant-b_log_08.json,234567890123,AWS_ACCOUNT_ID,17963,17975,"GDPR_Art5_1b, DPDPA_S8"
tenant-b_log_08.json,234567890123,AWS_ACCOUNT_ID,18215,18227,"GDPR_Art5_1b, DPDPA_S8"
tenant-b_log_08.json,234567890123,AWS_ACCOUNT_ID,19087,19099,"GDPR_Art5_1b, DPDPA_S8"
tenant-b_log_08.json,234567890123,AWS_ACCOUNT_ID,19251,19263,"GDPR_Art5_1b, DPDPA_S8"
tenant-b_log_08.json,234567890123,AWS_ACCOUNT_ID,19504,19516,"GDPR_Art5_1b, DPDPA_S8"
tenant-b_log_08.json,234567890123,AWS_ACCOUNT_ID,20365,20377,"GDPR_Art5_1b, DPDPA_S8"
tenant-b_log_08.json,234567890123,AWS_ACCOUNT_ID,20529,20541,"GDPR_Art5_1b, DPDPA_S8"
tenant-b_log_08.json,234567890123,AWS_ACCOUNT_ID,20781,20793,"GDPR_Art5_1b, DPDPA_S8"
tenant-b_log_08.json,234567890123,AWS_ACCOUNT_ID,21640,21652,"GDPR_Art5_1b, DPDPA_S8"
tenant-b_log_08.json,234567890123,AWS_ACCOUNT_ID,21804,21816,"GDPR_Art5_1b, DPDPA_S8"
tenant-b_log_08.json,234567890123,AWS_ACCOUNT_ID,22056,22068,"GDPR_Art5_1b, DPDPA_S8"
tenant-b_log_08.json,234567890123,AWS_ACCOUNT_ID,22923,22935,"GDPR_Art5_1b, DPDPA_S8"
tenant-b_log_08.json,234567890123,AWS_ACCOUNT_ID,23087,23099,"GDPR_Art5_1b, DPDPA_S8"
tenant-b_log_08.json,234567890123,AWS_ACCOUNT_ID,23339,23351,"GDPR_Art5_1b, DPDPA_S8"
tenant-b_log_08.json,234567890123,AWS_ACCOUNT_ID,24204,24216,"GDPR_Art5_1b, DPDPA_S8"
tenant-b_log_08.json,234567890123,AWS_ACCOUNT_ID,24368,24380,"GDPR_Art5_1b, DPDPA_S8"
tenant-b_log_08.json,234567890123,AWS_ACCOUNT_ID,24620,24632,"GDPR_Art5_1b, DPDPA_S8"
tenant-b_log_08.json,234567890123,AWS_ACCOUNT_ID,25491,25503,"GDPR_Art5_1b, DPDPA_S8"
tenant-b_log_08.json,234567890123,AWS_ACCOUNT_ID,25655,25667,"GDPR_Art5_1b, DPDPA_S8"
tenant-b_log_09.json,david.raj,PERSON,284,293,"GDPR_Art5_1a, DPDPA_S8"
tenant-b_log_09.json,eve.patel,PERSON,1558,1567,"GDPR_Art5_1a, DPDPA_S8"
tenant-b_log_09.json,eve.patel,PERSON,2841,2850,"GDPR_Art5_1a, DPDPA_S8"
tenant-b_log_09.json,eve.patel,PERSON,4119,4128,"GDPR_Art5_1a, DPDPA_S8"
tenant-b_log_09.json,eve.patel,PERSON,5405,5414,"GDPR_Art5_1a, DPDPA_S8"
tenant-b_log_09.json,david.raj,PERSON,6692,6701,"GDPR_Art5_1a, DPDPA_S8"
tenant-b_log_09.json,david.raj,PERSON,7963,7972,"GDPR_Art5_1a, DPDPA_S8"
tenant-b_log_09.json,david.raj,PERSON,9234,9243,"GDPR_Art5_1a, DPDPA_S8"
tenant-b_log_09.json,david.raj,PERSON,10509,10518,"GDPR_Art5_1a, DPDPA_S8"
tenant-b_log_09.json,david.raj,PERSON,11785,11794,"GDPR_Art5_1a, DPDPA_S8"
tenant-b_log_09.json,eve.patel,PERSON,13070,13079,"GDPR_Art5_1a, DPDPA_S8"
tenant-b_log_09.json,frank.nair,PERSON,14357,14367,"GDPR_Art5_1a, DPDPA_S8"
tenant-b_log_09.json,frank.nair,PERSON,15641,15651,"GDPR_Art5_1a, DPDPA_S8"
tenant-b_log_09.json,eve.patel,PERSON,16920,16929,"GDPR_Art5_1a, DPDPA_S8"
tenant-b_log_09.json,frank.nair,PERSON,18195,18205,"GDPR_Art5_1a, DPDPA_S8"
tenant-b_log_09.json,eve.patel,PERSON,19478,19487,"GDPR_Art5_1a, DPDPA_S8"
tenant-b_log_09.json,frank.nair,PERSON,20757,20767,"GDPR_Art5_1a, DPDPA_S8"
tenant-b_log_09.json,david.raj,PERSON,22044,22053,"GDPR_Art5_1a, DPDPA_S8"
tenant-b_log_09.json,eve.patel,PERSON,23332,23341,"GDPR_Art5_1a, DPDPA_S8"
tenant-b_log_09.json,frank.nair,PERSON,24604,24614,"GDPR_Art5_1a, DPDPA_S8"
tenant-b_log_09.json,172.30.240.68,IP_ADDRESS,677,690,"GDPR_Art5_1b, DPDPA_S8"
tenant-b_log_09.json,10.80.143.123,IP_ADDRESS,1951,1964,"GDPR_Art5_1b, DPDPA_S8"
tenant-b_log_09.json,192.168.249.26,IP_ADDRESS,3234,3248,"GDPR_Art5_1b, DPDPA_S8"
tenant-b_log_09.json,172.23.94.103,IP_ADDRESS,4512,4525,"GDPR_Art5_1b, DPDPA_S8"
tenant-b_log_09.json,10.192.82.82,IP_ADDRESS,5798,5810,"GDPR_Art5_1b, DPDPA_S8"
tenant-b_log_09.json,172.18.53.22,IP_ADDRESS,7085,7097,"GDPR_Art5_1b, DPDPA_S8"
tenant-b_log_09.json,10.21.145.138,IP_ADDRESS,8356,8369,"GDPR_Art5_1b, DPDPA_S8"
tenant-b_log_09.json,10.62.194.40,IP_ADDRESS,9627,9639,"GDPR_Art5_1b, DPDPA_S8"
tenant-b_log_09.json,192.168.23.9,IP_ADDRESS,10902,10914,"GDPR_Art5_1b, DPDPA_S8"
tenant-b_log_09.json,192.168.181.174,IP_ADDRESS,12178,12193,"GDPR_Art5_1b, DPDPA_S8"
tenant-b_log_09.json,10.196.198.94,IP_ADDRESS,13463,13476,"GDPR_Art5_1b, DPDPA_S8"
tenant-b_log_09.json,10.152.211.10,IP_ADDRESS,14751,14764,"GDPR_Art5_1b, DPDPA_S8"
tenant-b_log_09.json,192.168.90.105,IP_ADDRESS,16035,16049,"GDPR_Art5_1b, DPDPA_S8"
tenant-b_log_09.json,172.29.137.169,IP_ADDRESS,17313,17327,"GDPR_Art5_1b, DPDPA_S8"
tenant-b_log_09.json,172.17.48.246,IP_ADDRESS,18589,18602,"GDPR_Art5_1b, DPDPA_S8"
tenant-b_log_09.json,172.28.58.148,IP_ADDRESS,19871,19884,"GDPR_Art5_1b, DPDPA_S8"
tenant-b_log_09.json,10.236.164.114,IP_ADDRESS,21151,21165,"GDPR_Art5_1b, DPDPA_S8"
tenant-b_log_09.json,192.168.91.171,IP_ADDRESS,22437,22451,"GDPR_Art5_1b, DPDPA_S8"
tenant-b_log_09.json,10.27.14.7,IP_ADDRESS,23725,23735,"GDPR_Art5_1b, DPDPA_S8"
tenant-b_log_09.json,192.168.49.58,IP_ADDRESS,24998,25011,"GDPR_Art5_1b, DPDPA_S8"
tenant-b_log_09.json,arn:aws:iam::234567890123:user/david.raj,AWS_ARN,183,223,"GDPR_Art5_1b, DPDPA_S8"
tenant-b_log_09.json,arn:aws:s3:::tenant-b-hr,AWS_ARN,1055,1079,"GDPR_Art5_1b, DPDPA_S8"
tenant-b_log_09.json,arn:aws:iam::234567890123:user/eve.patel,AWS_ARN,1457,1497,"GDPR_Art5_1b, DPDPA_S8"
tenant-b_log_09.json,arn:aws:s3:::tenant-b-finance,AWS_ARN,2333,2362,"GDPR_Art5_1b, DPDPA_S8"
tenant-b_log_09.json,arn:aws:iam::234567890123:user/eve.patel,AWS_ARN,2740,2780,"GDPR_Art5_1b, DPDPA_S8"
tenant-b_log_09.json,arn:aws:s3:::tenant-b-hr,AWS_ARN,3616,3640,"GDPR_Art5_1b, DPDPA_S8"
tenant-b_log_09.json,arn:aws:iam::234567890123:user/eve.patel,AWS_ARN,4018,4058,"GDPR_Art5_1b, DPDPA_S8"
tenant-b_log_09.json,arn:aws:s3:::tenant-b-finance,AWS_ARN,4897,4926,"GDPR_Art5_1b, DPDPA_S8"
tenant-b_log_09.json,arn:aws:iam::234567890123:user/eve.patel,AWS_ARN,5304,5344,"GDPR_Art5_1b, DPDPA_S8"
tenant-b_log_09.json,arn:aws:s3:::tenant-b-finance,AWS_ARN,6184,6213,"GDPR_Art5_1b, DPDPA_S8"
tenant-b_log_09.json,arn:aws:iam::234567890123:user/david.raj,AWS_ARN,6591,6631,"GDPR_Art5_1b, DPDPA_S8"
tenant-b_log_09.json,arn:aws:s3:::tenant-b-hr,AWS_ARN,7460,7484,"GDPR_Art5_1b, DPDPA_S8"
tenant-b_log_09.json,arn:aws:iam::234567890123:user/david.raj,AWS_ARN,7862,7902,"GDPR_Art5_1b, DPDPA_S8"
tenant-b_log_09.json,arn:aws:s3:::tenant-b-hr,AWS_ARN,8731,8755,"GDPR_Art5_1b, DPDPA_S8"
tenant-b_log_09.json,arn:aws:iam::234567890123:user/david.raj,AWS_ARN,9133,9173,"GDPR_Art5_1b, DPDPA_S8"
tenant-b_log_09.json,arn:aws:s3:::tenant-b-hr,AWS_ARN,10006,10030,"GDPR_Art5_1b, DPDPA_S8"
tenant-b_log_09.json,arn:aws:iam::234567890123:user/david.raj,AWS_ARN,10408,10448,"GDPR_Art5_1b, DPDPA_S8"
tenant-b_log_09.json,arn:aws:s3:::tenant-b-hr,AWS_ARN,11282,11306,"GDPR_Art5_1b, DPDPA_S8"
tenant-b_log_09.json,arn:aws:iam::234567890123:user/david.raj,AWS_ARN,11684,11724,"GDPR_Art5_1b, DPDPA_S8"
tenant-b_log_09.json,arn:aws:s3:::tenant-b-finance,AWS_ARN,12562,12591,"GDPR_Art5_1b, DPDPA_S8"
tenant-b_log_09.json,arn:aws:iam::234567890123:user/eve.patel,AWS_ARN,12969,13009,"GDPR_Art5_1b, DPDPA_S8"
tenant-b_log_09.json,arn:aws:s3:::tenant-b-finance,AWS_ARN,13848,13877,"GDPR_Art5_1b, DPDPA_S8"
tenant-b_log_09.json,arn:aws:iam::234567890123:user/frank.nair,AWS_ARN,14255,14296,"GDPR_Art5_1b, DPDPA_S8"
tenant-b_log_09.json,arn:aws:s3:::tenant-b-finance,AWS_ARN,15132,15161,"GDPR_Art5_1b, DPDPA_S8"
tenant-b_log_09.json,arn:aws:iam::234567890123:user/frank.nair,AWS_ARN,15539,15580,"GDPR_Art5_1b, DPDPA_S8"
tenant-b_log_09.json,arn:aws:s3:::tenant-b-hr,AWS_ARN,16417,16441,"GDPR_Art5_1b, DPDPA_S8"
tenant-b_log_09.json,arn:aws:iam::234567890123:user/eve.patel,AWS_ARN,16819,16859,"GDPR_Art5_1b, DPDPA_S8"
tenant-b_log_09.json,arn:aws:s3:::tenant-b-hr,AWS_ARN,17691,17715,"GDPR_Art5_1b, DPDPA_S8"
tenant-b_log_09.json,arn:aws:iam::234567890123:user/frank.nair,AWS_ARN,18093,18134,"GDPR_Art5_1b, DPDPA_S8"
tenant-b_log_09.json,arn:aws:s3:::tenant-b-finance,AWS_ARN,18970,18999,"GDPR_Art5_1b, DPDPA_S8"
tenant-b_log_09.json,arn:aws:iam::234567890123:user/eve.patel,AWS_ARN,19377,19417,"GDPR_Art5_1b, DPDPA_S8"
tenant-b_log_09.json,arn:aws:s3:::tenant-b-hr,AWS_ARN,20253,20277,"GDPR_Art5_1b, DPDPA_S8"
tenant-b_log_09.json,arn:aws:iam::234567890123:user/frank.nair,AWS_ARN,20655,20696,"GDPR_Art5_1b, DPDPA_S8"
tenant-b_log_09.json,arn:aws:s3:::tenant-b-finance,AWS_ARN,21536,21565,"GDPR_Art5_1b, DPDPA_S8"
tenant-b_log_09.json,arn:aws:iam::234567890123:user/david.raj,AWS_ARN,21943,21983,"GDPR_Art5_1b, DPDPA_S8"
tenant-b_log_09.json,arn:aws:s3:::tenant-b-finance,AWS_ARN,22824,22853,"GDPR_Art5_1b, DPDPA_S8"
tenant-b_log_09.json,arn:aws:iam::234567890123:user/eve.patel,AWS_ARN,23231,23271,"GDPR_Art5_1b, DPDPA_S8"
tenant-b_log_09.json,arn:aws:s3:::tenant-b-hr,AWS_ARN,24100,24124,"GDPR_Art5_1b, DPDPA_S8"
tenant-b_log_09.json,arn:aws:iam::234567890123:user/frank.nair,AWS_ARN,24502,24543,"GDPR_Art5_1b, DPDPA_S8"
tenant-b_log_09.json,arn:aws:s3:::tenant-b-finance,AWS_ARN,25379,25408,"GDPR_Art5_1b, DPDPA_S8"
tenant-b_log_09.json,234567890123,AWS_ACCOUNT_ID,248,260,"GDPR_Art5_1b, DPDPA_S8"
tenant-b_log_09.json,234567890123,AWS_ACCOUNT_ID,1106,1118,"GDPR_Art5_1b, DPDPA_S8"
tenant-b_log_09.json,234567890123,AWS_ACCOUNT_ID,1270,1282,"GDPR_Art5_1b, DPDPA_S8"
tenant-b_log_09.json,234567890123,AWS_ACCOUNT_ID,1522,1534,"GDPR_Art5_1b, DPDPA_S8"
tenant-b_log_09.json,234567890123,AWS_ACCOUNT_ID,2389,2401,"GDPR_Art5_1b, DPDPA_S8"
tenant-b_log_09.json,234567890123,AWS_ACCOUNT_ID,2553,2565,"GDPR_Art5_1b, DPDPA_S8"
tenant-b_log_09.json,234567890123,AWS_ACCOUNT_ID,2805,2817,"GDPR_Art5_1b, DPDPA_S8"
tenant-b_log_09.json,234567890123,AWS_ACCOUNT_ID,3667,3679,"GDPR_Art5_1b, DPDPA_S8"
tenant-b_log_09.json,234567890123,AWS_ACCOUNT_ID,3831,3843,"GDPR_Art5_1b, DPDPA_S8"
tenant-b_log_09.json,234567890123,AWS_ACCOUNT_ID,4083,4095,"GDPR_Art5_1b, DPDPA_S8"
tenant-b_log_09.json,234567890123,AWS_ACCOUNT_ID,4953,4965,"GDPR_Art5_1b, DPDPA_S8"
tenant-b_log_09.json,234567890123,AWS_ACCOUNT_ID,5117,5129,"GDPR_Art5_1b, DPDPA_S8"
tenant-b_log_09.json,234567890123,AWS_ACCOUNT_ID,5369,5381,"GDPR_Art5_1b, DPDPA_S8"
tenant-b_log_09.json,234567890123,AWS_ACCOUNT_ID,6240,6252,"GDPR_Art5_1b, DPDPA_S8"
tenant-b_log_09.json,234567890123,AWS_ACCOUNT_ID,6404,6416,"GDPR_Art5_1b, DPDPA_S8"
tenant-b_log_09.json,234567890123,AWS_ACCOUNT_ID,6656,6668,"GDPR_Art5_1b, DPDPA_S8"
tenant-b_log_09.json,234567890123,AWS_ACCOUNT_ID,7511,7523,"GDPR_Art5_1b, DPDPA_S8"
tenant-b_log_09.json,234567890123,AWS_ACCOUNT_ID,7675,7687,"GDPR_Art5_1b, DPDPA_S8"
tenant-b_log_09.json,234567890123,AWS_ACCOUNT_ID,7927,7939,"GDPR_Art5_1b, DPDPA_S8"
tenant-b_log_09.json,234567890123,AWS_ACCOUNT_ID,8782,8794,"GDPR_Art5_1b, DPDPA_S8"
tenant-b_log_09.json,234567890123,AWS_ACCOUNT_ID,8946,8958,"GDPR_Art5_1b, DPDPA_S8"
tenant-b_log_09.json,234567890123,AWS_ACCOUNT_ID,9198,9210,"GDPR_Art5_1b, DPDPA_S8"
tenant-b_log_09.json,234567890123,AWS_ACCOUNT_ID,10057,10069,"GDPR_Art5_1b, DPDPA_S8"
tenant-b_log_09.json,234567890123,AWS_ACCOUNT_ID,10221,10233,"GDPR_Art5_1b, DPDPA_S8"
tenant-b_log_09.json,234567890123,AWS_ACCOUNT_ID,10473,10485,"GDPR_Art5_1b, DPDPA_S8"
tenant-b_log_09.json,234567890123,AWS_ACCOUNT_ID,11333,11345,"GDPR_Art5_1b, DPDPA_S8"
tenant-b_log_09.json,234567890123,AWS_ACCOUNT_ID,11497,11509,"GDPR_Art5_1b, DPDPA_S8"
tenant-b_log_09.json,234567890123,AWS_ACCOUNT_ID,11749,11761,"GDPR_Art5_1b, DPDPA_S8"
tenant-b_log_09.json,234567890123,AWS_ACCOUNT_ID,12618,12630,"GDPR_Art5_1b, DPDPA_S8"
tenant-b_log_09.json,234567890123,AWS_ACCOUNT_ID,12782,12794,"GDPR_Art5_1b, DPDPA_S8"
tenant-b_log_09.json,234567890123,AWS_ACCOUNT_ID,13034,13046,"GDPR_Art5_1b, DPDPA_S8"
tenant-b_log_09.json,234567890123,AWS_ACCOUNT_ID,13904,13916,"GDPR_Art5_1b, DPDPA_S8"
tenant-b_log_09.json,234567890123,AWS_ACCOUNT_ID,14068,14080,"GDPR_Art5_1b, DPDPA_S8"
tenant-b_log_09.json,234567890123,AWS_ACCOUNT_ID,14321,14333,"GDPR_Art5_1b, DPDPA_S8"
tenant-b_log_09.json,234567890123,AWS_ACCOUNT_ID,15188,15200,"GDPR_Art5_1b, DPDPA_S8"
tenant-b_log_09.json,234567890123,AWS_ACCOUNT_ID,15352,15364,"GDPR_Art5_1b, DPDPA_S8"
tenant-b_log_09.json,234567890123,AWS_ACCOUNT_ID,15605,15617,"GDPR_Art5_1b, DPDPA_S8"
tenant-b_log_09.json,234567890123,AWS_ACCOUNT_ID,16468,16480,"GDPR_Art5_1b, DPDPA_S8"
tenant-b_log_09.json,234567890123,AWS_ACCOUNT_ID,16632,16644,"GDPR_Art5_1b, DPDPA_S8"
tenant-b_log_09.json,234567890123,AWS_ACCOUNT_ID,16884,16896,"GDPR_Art5_1b, DPDPA_S8"
tenant-b_log_09.json,234567890123,AWS_ACCOUNT_ID,17742,17754,"GDPR_Art5_1b, DPDPA_S8"
tenant-b_log_09.json,234567890123,AWS_ACCOUNT_ID,17906,17918,"GDPR_Art5_1b, DPDPA_S8"
tenant-b_log_09.json,234567890123,AWS_ACCOUNT_ID,18159,18171,"GDPR_Art5_1b, DPDPA_S8"
tenant-b_log_09.json,234567890123,AWS_ACCOUNT_ID,19026,19038,"GDPR_Art5_1b, DPDPA_S8"
tenant-b_log_09.json,234567890123,AWS_ACCOUNT_ID,19190,19202,"GDPR_Art5_1b, DPDPA_S8"
tenant-b_log_09.json,234567890123,AWS_ACCOUNT_ID,19442,19454,"GDPR_Art5_1b, DPDPA_S8"
tenant-b_log_09.json,234567890123,AWS_ACCOUNT_ID,20304,20316,"GDPR_Art5_1b, DPDPA_S8"
tenant-b_log_09.json,234567890123,AWS_ACCOUNT_ID,20468,20480,"GDPR_Art5_1b, DPDPA_S8"
tenant-b_log_09.json,234567890123,AWS_ACCOUNT_ID,20721,20733,"GDPR_Art5_1b, DPDPA_S8"
tenant-b_log_09.json,234567890123,AWS_ACCOUNT_ID,21592,21604,"GDPR_Art5_1b, DPDPA_S8"
tenant-b_log_09.json,234567890123,AWS_ACCOUNT_ID,21756,21768,"GDPR_Art5_1b, DPDPA_S8"
tenant-b_log_09.json,234567890123,AWS_ACCOUNT_ID,22008,22020,"GDPR_Art5_1b, DPDPA_S8"
tenant-b_log_09.json,234567890123,AWS_ACCOUNT_ID,22880,22892,"GDPR_Art5_1b, DPDPA_S8"
tenant-b_log_09.json,234567890123,AWS_ACCOUNT_ID,23044,23056,"GDPR_Art5_1b, DPDPA_S8"
tenant-b_log_09.json,234567890123,AWS_ACCOUNT_ID,23296,23308,"GDPR_Art5_1b, DPDPA_S8"
tenant-b_log_09.json,234567890123,AWS_ACCOUNT_ID,24151,24163,"GDPR_Art5_1b, DPDPA_S8"
tenant-b_log_09.json,234567890123,AWS_ACCOUNT_ID,24315,24327,"GDPR_Art5_1b, DPDPA_S8"
tenant-b_log_09.json,234567890123,AWS_ACCOUNT_ID,24568,24580,"GDPR_Art5_1b, DPDPA_S8"
tenant-b_log_09.json,234567890123,AWS_ACCOUNT_ID,25435,25447,"GDPR_Art5_1b, DPDPA_S8"
tenant-b_log_09.json,234567890123,AWS_ACCOUNT_ID,25599,25611,"GDPR_Art5_1b, DPDPA_S8"
tenant-b_log_10.json,david.raj,PERSON,284,293,"GDPR_Art5_1a, DPDPA_S8"
tenant-b_log_10.json,frank.nair,PERSON,1561,1571,"GDPR_Art5_1a, DPDPA_S8"
tenant-b_log_10.json,eve.patel,PERSON,2849,2858,"GDPR_Art5_1a, DPDPA_S8"
tenant-b_log_10.json,david.raj,PERSON,4133,4142,"GDPR_Art5_1a, DPDPA_S8"
tenant-b_log_10.json,frank.nair,PERSON,5409,5419,"GDPR_Art5_1a, DPDPA_S8"
tenant-b_log_10.json,eve.patel,PERSON,6688,6697,"GDPR_Art5_1a, DPDPA_S8"
tenant-b_log_10.json,david.raj,PERSON,7975,7984,"GDPR_Art5_1a, DPDPA_S8"
tenant-b_log_10.json,david.raj,PERSON,9258,9267,"GDPR_Art5_1a, DPDPA_S8"
tenant-b_log_10.json,david.raj,PERSON,10537,10546,"GDPR_Art5_1a, DPDPA_S8"
tenant-b_log_10.json,frank.nair,PERSON,11809,11819,"GDPR_Art5_1a, DPDPA_S8"
tenant-b_log_10.json,frank.nair,PERSON,13090,13100,"GDPR_Art5_1a, DPDPA_S8"
tenant-b_log_10.json,eve.patel,PERSON,14366,14375,"GDPR_Art5_1a, DPDPA_S8"
tenant-b_log_10.json,frank.nair,PERSON,15641,15651,"GDPR_Art5_1a, DPDPA_S8"
tenant-b_log_10.json,eve.patel,PERSON,16926,16935,"GDPR_Art5_1a, DPDPA_S8"
tenant-b_log_10.json,eve.patel,PERSON,18210,18219,"GDPR_Art5_1a, DPDPA_S8"
tenant-b_log_10.json,david.raj,PERSON,19496,19505,"GDPR_Art5_1a, DPDPA_S8"
tenant-b_log_10.json,eve.patel,PERSON,20768,20777,"GDPR_Art5_1a, DPDPA_S8"
tenant-b_log_10.json,eve.patel,PERSON,22042,22051,"GDPR_Art5_1a, DPDPA_S8"
tenant-b_log_10.json,frank.nair,PERSON,23333,23343,"GDPR_Art5_1a, DPDPA_S8"
tenant-b_log_10.json,eve.patel,PERSON,24610,24619,"GDPR_Art5_1a, DPDPA_S8"
tenant-b_log_10.json,10.209.60.48,IP_ADDRESS,677,689,"GDPR_Art5_1b, DPDPA_S8"
tenant-b_log_10.json,10.50.148.160,IP_ADDRESS,1955,1968,"GDPR_Art5_1b, DPDPA_S8"
tenant-b_log_10.json,172.22.158.109,IP_ADDRESS,3242,3256,"GDPR_Art5_1b, DPDPA_S8"
tenant-b_log_10.json,192.168.134.133,IP_ADDRESS,4526,4541,"GDPR_Art5_1b, DPDPA_S8"
tenant-b_log_10.json,10.85.52.238,IP_ADDRESS,5803,5815,"GDPR_Art5_1b, DPDPA_S8"
tenant-b_log_10.json,10.202.220.98,IP_ADDRESS,7081,7094,"GDPR_Art5_1b, DPDPA_S8"
tenant-b_log_10.json,10.235.87.69,IP_ADDRESS,8368,8380,"GDPR_Art5_1b, DPDPA_S8"
tenant-b_log_10.json,172.20.228.255,IP_ADDRESS,9651,9665,"GDPR_Art5_1b, DPDPA_S8"
tenant-b_log_10.json,10.18.72.136,IP_ADDRESS,10930,10942,"GDPR_Art5_1b, DPDPA_S8"
tenant-b_log_10.json,192.168.255.255,IP_ADDRESS,12203,12218,"GDPR_Art5_1b, DPDPA_S8"
tenant-b_log_10.json,192.168.49.160,IP_ADDRESS,13484,13498,"GDPR_Art5_1b, DPDPA_S8"
tenant-b_log_10.json,10.235.71.236,IP_ADDRESS,14759,14772,"GDPR_Art5_1b, DPDPA_S8"
tenant-b_log_10.json,10.236.29.80,IP_ADDRESS,16035,16047,"GDPR_Art5_1b, DPDPA_S8"
tenant-b_log_10.json,10.0.182.189,IP_ADDRESS,17319,17331,"GDPR_Art5_1b, DPDPA_S8"
tenant-b_log_10.json,192.168.67.246,IP_ADDRESS,18603,18617,"GDPR_Art5_1b, DPDPA_S8"
tenant-b_log_10.json,172.16.4.1,IP_ADDRESS,19889,19899,"GDPR_Art5_1b, DPDPA_S8"
tenant-b_log_10.json,172.17.8.58,IP_ADDRESS,21161,21172,"GDPR_Art5_1b, DPDPA_S8"
tenant-b_log_10.json,10.215.255.148,IP_ADDRESS,22435,22449,"GDPR_Art5_1b, DPDPA_S8"
tenant-b_log_10.json,172.19.50.171,IP_ADDRESS,23727,23740,"GDPR_Art5_1b, DPDPA_S8"
tenant-b_log_10.json,192.168.26.227,IP_ADDRESS,25003,25017,"GDPR_Art5_1b, DPDPA_S8"
tenant-b_log_10.json,arn:aws:iam::234567890123:user/david.raj,AWS_ARN,183,223,"GDPR_Art5_1b, DPDPA_S8"
tenant-b_log_10.json,arn:aws:s3:::tenant-b-hr,AWS_ARN,1057,1081,"GDPR_Art5_1b, DPDPA_S8"
tenant-b_log_10.json,arn:aws:iam::234567890123:user/frank.nair,AWS_ARN,1459,1500,"GDPR_Art5_1b, DPDPA_S8"
tenant-b_log_10.json,arn:aws:s3:::tenant-b-finance,AWS_ARN,2341,2370,"GDPR_Art5_1b, DPDPA_S8"
tenant-b_log_10.json,arn:aws:iam::234567890123:user/eve.patel,AWS_ARN,2748,2788,"GDPR_Art5_1b, DPDPA_S8"
tenant-b_log_10.json,arn:aws:s3:::tenant-b-finance,AWS_ARN,3625,3654,"GDPR_Art5_1b, DPDPA_S8"
tenant-b_log_10.json,arn:aws:iam::234567890123:user/david.raj,AWS_ARN,4032,4072,"GDPR_Art5_1b, DPDPA_S8"
tenant-b_log_10.json,arn:aws:s3:::tenant-b-hr,AWS_ARN,4905,4929,"GDPR_Art5_1b, DPDPA_S8"
tenant-b_log_10.json,arn:aws:iam::234567890123:user/frank.nair,AWS_ARN,5307,5348,"GDPR_Art5_1b, DPDPA_S8"
tenant-b_log_10.json,arn:aws:s3:::tenant-b-hr,AWS_ARN,6185,6209,"GDPR_Art5_1b, DPDPA_S8"
tenant-b_log_10.json,arn:aws:iam::234567890123:user/eve.patel,AWS_ARN,6587,6627,"GDPR_Art5_1b, DPDPA_S8"
tenant-b_log_10.json,arn:aws:s3:::tenant-b-finance,AWS_ARN,7467,7496,"GDPR_Art5_1b, DPDPA_S8"
tenant-b_log_10.json,arn:aws:iam::234567890123:user/david.raj,AWS_ARN,7874,7914,"GDPR_Art5_1b, DPDPA_S8"
tenant-b_log_10.json,arn:aws:s3:::tenant-b-finance,AWS_ARN,8750,8779,"GDPR_Art5_1b, DPDPA_S8"
tenant-b_log_10.json,arn:aws:iam::234567890123:user/david.raj,AWS_ARN,9157,9197,"GDPR_Art5_1b, DPDPA_S8"
tenant-b_log_10.json,arn:aws:s3:::tenant-b-hr,AWS_ARN,10034,10058,"GDPR_Art5_1b, DPDPA_S8"
tenant-b_log_10.json,arn:aws:iam::234567890123:user/david.raj,AWS_ARN,10436,10476,"GDPR_Art5_1b, DPDPA_S8"
tenant-b_log_10.json,arn:aws:s3:::tenant-b-hr,AWS_ARN,11305,11329,"GDPR_Art5_1b, DPDPA_S8"
tenant-b_log_10.json,arn:aws:iam::234567890123:user/frank.nair,AWS_ARN,11707,11748,"GDPR_Art5_1b, DPDPA_S8"
tenant-b_log_10.json,arn:aws:s3:::tenant-b-hr,AWS_ARN,12586,12610,"GDPR_Art5_1b, DPDPA_S8"
tenant-b_log_10.json,arn:aws:iam::234567890123:user/frank.nair,AWS_ARN,12988,13029,"GDPR_Art5_1b, DPDPA_S8"
tenant-b_log_10.json,arn:aws:s3:::tenant-b-hr,AWS_ARN,13863,13887,"GDPR_Art5_1b, DPDPA_S8"
tenant-b_log_10.json,arn:aws:iam::234567890123:user/eve.patel,AWS_ARN,14265,14305,"GDPR_Art5_1b, DPDPA_S8"
tenant-b_log_10.json,arn:aws:s3:::tenant-b-hr,AWS_ARN,15137,15161,"GDPR_Art5_1b, DPDPA_S8"
tenant-b_log_10.json,arn:aws:iam::234567890123:user/frank.nair,AWS_ARN,15539,15580,"GDPR_Art5_1b, DPDPA_S8"
tenant-b_log_10.json,arn:aws:s3:::tenant-b-finance,AWS_ARN,16418,16447,"GDPR_Art5_1b, DPDPA_S8"
tenant-b_log_10.json,arn:aws:iam::234567890123:user/eve.patel,AWS_ARN,16825,16865,"GDPR_Art5_1b, DPDPA_S8"
tenant-b_log_10.json,arn:aws:s3:::tenant-b-finance,AWS_ARN,17702,17731,"GDPR_Art5_1b, DPDPA_S8"
tenant-b_log_10.json,arn:aws:iam::234567890123:user/eve.patel,AWS_ARN,18109,18149,"GDPR_Art5_1b, DPDPA_S8"
tenant-b_log_10.json,arn:aws:s3:::tenant-b-finance,AWS_ARN,18988,19017,"GDPR_Art5_1b, DPDPA_S8"
tenant-b_log_10.json,arn:aws:iam::234567890123:user/david.raj,AWS_ARN,19395,19435,"GDPR_Art5_1b, DPDPA_S8"
tenant-b_log_10.json,arn:aws:s3:::tenant-b-hr,AWS_ARN,20265,20289,"GDPR_Art5_1b, DPDPA_S8"
tenant-b_log_10.json,arn:aws:iam::234567890123:user/eve.patel,AWS_ARN,20667,20707,"GDPR_Art5_1b, DPDPA_S8"
tenant-b_log_10.json,arn:aws:s3:::tenant-b-hr,AWS_ARN,21539,21563,"GDPR_Art5_1b, DPDPA_S8"
tenant-b_log_10.json,arn:aws:iam::234567890123:user/eve.patel,AWS_ARN,21941,21981,"GDPR_Art5_1b, DPDPA_S8"
tenant-b_log_10.json,arn:aws:s3:::tenant-b-finance,AWS_ARN,22824,22853,"GDPR_Art5_1b, DPDPA_S8"
tenant-b_log_10.json,arn:aws:iam::234567890123:user/frank.nair,AWS_ARN,23231,23272,"GDPR_Art5_1b, DPDPA_S8"
tenant-b_log_10.json,arn:aws:s3:::tenant-b-hr,AWS_ARN,24107,24131,"GDPR_Art5_1b, DPDPA_S8"
tenant-b_log_10.json,arn:aws:iam::234567890123:user/eve.patel,AWS_ARN,24509,24549,"GDPR_Art5_1b, DPDPA_S8"
tenant-b_log_10.json,arn:aws:s3:::tenant-b-finance,AWS_ARN,25390,25419,"GDPR_Art5_1b, DPDPA_S8"
tenant-b_log_10.json,234567890123,AWS_ACCOUNT_ID,248,260,"GDPR_Art5_1b, DPDPA_S8"
tenant-b_log_10.json,234567890123,AWS_ACCOUNT_ID,1108,1120,"GDPR_Art5_1b, DPDPA_S8"
tenant-b_log_10.json,234567890123,AWS_ACCOUNT_ID,1272,1284,"GDPR_Art5_1b, DPDPA_S8"
tenant-b_log_10.json,234567890123,AWS_ACCOUNT_ID,1525,1537,"GDPR_Art5_1b, DPDPA_S8"
tenant-b_log_10.json,234567890123,AWS_ACCOUNT_ID,2397,2409,"GDPR_Art5_1b, DPDPA_S8"
tenant-b_log_10.json,234567890123,AWS_ACCOUNT_ID,2561,2573,"GDPR_Art5_1b, DPDPA_S8"
tenant-b_log_10.json,234567890123,AWS_ACCOUNT_ID,2813,2825,"GDPR_Art5_1b, DPDPA_S8"
tenant-b_log_10.json,234567890123,AWS_ACCOUNT_ID,3681,3693,"GDPR_Art5_1b, DPDPA_S8"
tenant-b_log_10.json,234567890123,AWS_ACCOUNT_ID,3845,3857,"GDPR_Art5_1b, DPDPA_S8"
tenant-b_log_10.json,234567890123,AWS_ACCOUNT_ID,4097,4109,"GDPR_Art5_1b, DPDPA_S8"
tenant-b_log_10.json,234567890123,AWS_ACCOUNT_ID,4956,4968,"GDPR_Art5_1b, DPDPA_S8"
tenant-b_log_10.json,234567890123,AWS_ACCOUNT_ID,5120,5132,"GDPR_Art5_1b, DPDPA_S8"
tenant-b_log_10.json,234567890123,AWS_ACCOUNT_ID,5373,5385,"GDPR_Art5_1b, DPDPA_S8"
tenant-b_log_10.json,234567890123,AWS_ACCOUNT_ID,6236,6248,"GDPR_Art5_1b, DPDPA_S8"
tenant-b_log_10.json,234567890123,AWS_ACCOUNT_ID,6400,6412,"GDPR_Art5_1b, DPDPA_S8"
tenant-b_log_10.json,234567890123,AWS_ACCOUNT_ID,6652,6664,"GDPR_Art5_1b, DPDPA_S8"
tenant-b_log_10.json,234567890123,AWS_ACCOUNT_ID,7523,7535,"GDPR_Art5_1b, DPDPA_S8"
tenant-b_log_10.json,234567890123,AWS_ACCOUNT_ID,7687,7699,"GDPR_Art5_1b, DPDPA_S8"
tenant-b_log_10.json,234567890123,AWS_ACCOUNT_ID,7939,7951,"GDPR_Art5_1b, DPDPA_S8"
tenant-b_log_10.json,234567890123,AWS_ACCOUNT_ID,8806,8818,"GDPR_Art5_1b, DPDPA_S8"
tenant-b_log_10.json,234567890123,AWS_ACCOUNT_ID,8970,8982,"GDPR_Art5_1b, DPDPA_S8"
tenant-b_log_10.json,234567890123,AWS_ACCOUNT_ID,9222,9234,"GDPR_Art5_1b, DPDPA_S8"
tenant-b_log_10.json,234567890123,AWS_ACCOUNT_ID,10085,10097,"GDPR_Art5_1b, DPDPA_S8"
tenant-b_log_10.json,234567890123,AWS_ACCOUNT_ID,10249,10261,"GDPR_Art5_1b, DPDPA_S8"
tenant-b_log_10.json,234567890123,AWS_ACCOUNT_ID,10501,10513,"GDPR_Art5_1b, DPDPA_S8"
tenant-b_log_10.json,234567890123,AWS_ACCOUNT_ID,11356,11368,"GDPR_Art5_1b, DPDPA_S8"
tenant-b_log_10.json,234567890123,AWS_ACCOUNT_ID,11520,11532,"GDPR_Art5_1b, DPDPA_S8"
tenant-b_log_10.json,234567890123,AWS_ACCOUNT_ID,11773,11785,"GDPR_Art5_1b, DPDPA_S8"
tenant-b_log_10.json,234567890123,AWS_ACCOUNT_ID,12637,12649,"GDPR_Art5_1b, DPDPA_S8"
tenant-b_log_10.json,234567890123,AWS_ACCOUNT_ID,12801,12813,"GDPR_Art5_1b, DPDPA_S8"
tenant-b_log_10.json,234567890123,AWS_ACCOUNT_ID,13054,13066,"GDPR_Art5_1b, DPDPA_S8"
tenant-b_log_10.json,234567890123,AWS_ACCOUNT_ID,13914,13926,"GDPR_Art5_1b, DPDPA_S8"
tenant-b_log_10.json,234567890123,AWS_ACCOUNT_ID,14078,14090,"GDPR_Art5_1b, DPDPA_S8"
tenant-b_log_10.json,234567890123,AWS_ACCOUNT_ID,14330,14342,"GDPR_Art5_1b, DPDPA_S8"
tenant-b_log_10.json,234567890123,AWS_ACCOUNT_ID,15188,15200,"GDPR_Art5_1b, DPDPA_S8"
tenant-b_log_10.json,234567890123,AWS_ACCOUNT_ID,15352,15364,"GDPR_Art5_1b, DPDPA_S8"
tenant-b_log_10.json,234567890123,AWS_ACCOUNT_ID,15605,15617,"GDPR_Art5_1b, DPDPA_S8"
tenant-b_log_10.json,234567890123,AWS_ACCOUNT_ID,16474,16486,"GDPR_Art5_1b, DPDPA_S8"
tenant-b_log_10.json,234567890123,AWS_ACCOUNT_ID,16638,16650,"GDPR_Art5_1b, DPDPA_S8"
tenant-b_log_10.json,234567890123,AWS_ACCOUNT_ID,16890,16902,"GDPR_Art5_1b, DPDPA_S8"
tenant-b_log_10.json,234567890123,AWS_ACCOUNT_ID,17758,17770,"GDPR_Art5_1b, DPDPA_S8"
tenant-b_log_10.json,234567890123,AWS_ACCOUNT_ID,17922,17934,"GDPR_Art5_1b, DPDPA_S8"
tenant-b_log_10.json,234567890123,AWS_ACCOUNT_ID,18174,18186,"GDPR_Art5_1b, DPDPA_S8"
tenant-b_log_10.json,234567890123,AWS_ACCOUNT_ID,19044,19056,"GDPR_Art5_1b, DPDPA_S8"
tenant-b_log_10.json,234567890123,AWS_ACCOUNT_ID,19208,19220,"GDPR_Art5_1b, DPDPA_S8"
tenant-b_log_10.json,234567890123,AWS_ACCOUNT_ID,19460,19472,"GDPR_Art5_1b, DPDPA_S8"
tenant-b_log_10.json,234567890123,AWS_ACCOUNT_ID,20316,20328,"GDPR_Art5_1b, DPDPA_S8"
tenant-b_log_10.json,234567890123,AWS_ACCOUNT_ID,20480,20492,"GDPR_Art5_1b, DPDPA_S8"
tenant-b_log_10.json,234567890123,AWS_ACCOUNT_ID,20732,20744,"GDPR_Art5_1b, DPDPA_S8"
tenant-b_log_10.json,234567890123,AWS_ACCOUNT_ID,21590,21602,"GDPR_Art5_1b, DPDPA_S8"
tenant-b_log_10.json,234567890123,AWS_ACCOUNT_ID,21754,21766,"GDPR_Art5_1b, DPDPA_S8"
tenant-b_log_10.json,234567890123,AWS_ACCOUNT_ID,22006,22018,"GDPR_Art5_1b, DPDPA_S8"
tenant-b_log_10.json,234567890123,AWS_ACCOUNT_ID,22880,22892,"GDPR_Art5_1b, DPDPA_S8"
tenant-b_log_10.json,234567890123,AWS_ACCOUNT_ID,23044,23056,"GDPR_Art5_1b, DPDPA_S8"
tenant-b_log_10.json,234567890123,AWS_ACCOUNT_ID,23297,23309,"GDPR_Art5_1b, DPDPA_S8"
tenant-b_log_10.json,234567890123,AWS_ACCOUNT_ID,24158,24170,"GDPR_Art5_1b, DPDPA_S8"
tenant-b_log_10.json,234567890123,AWS_ACCOUNT_ID,24322,24334,"GDPR_Art5_1b, DPDPA_S8"
tenant-b_log_10.json,234567890123,AWS_ACCOUNT_ID,24574,24586,"GDPR_Art5_1b, DPDPA_S8"
tenant-b_log_10.json,234567890123,AWS_ACCOUNT_ID,25446,25458,"GDPR_Art5_1b, DPDPA_S8"
tenant-b_log_10.json,234567890123,AWS_ACCOUNT_ID,25610,25622,"GDPR_Art5_1b, DPDPA_S8"
tenant-b_log_11.json,eve.patel,PERSON,284,293,"GDPR_Art5_1a, DPDPA_S8"
tenant-b_log_11.json,eve.patel,PERSON,1572,1581,"GDPR_Art5_1a, DPDPA_S8"
tenant-b_log_11.json,frank.nair,PERSON,2858,2868,"GDPR_Art5_1a, DPDPA_S8"
tenant-b_log_11.json,frank.nair,PERSON,4136,4146,"GDPR_Art5_1a, DPDPA_S8"
tenant-b_log_11.json,david.raj,PERSON,5422,5431,"GDPR_Art5_1a, DPDPA_S8"
tenant-b_log_11.json,david.raj,PERSON,6704,6713,"GDPR_Art5_1a, DPDPA_S8"
tenant-b_log_11.json,eve.patel,PERSON,7994,8003,"GDPR_Art5_1a, DPDPA_S8"
tenant-b_log_11.json,eve.patel,PERSON,9282,9291,"GDPR_Art5_1a, DPDPA_S8"
tenant-b_log_11.json,david.raj,PERSON,10562,10571,"GDPR_Art5_1a, DPDPA_S8"
tenant-b_log_11.json,eve.patel,PERSON,11845,11854,"GDPR_Art5_1a, DPDPA_S8"
tenant-b_log_11.json,frank.nair,PERSON,13121,13131,"GDPR_Art5_1a, DPDPA_S8"
tenant-b_log_11.json,eve.patel,PERSON,14395,14404,"GDPR_Art5_1a, DPDPA_S8"
tenant-b_log_11.json,frank.nair,PERSON,15679,15689,"GDPR_Art5_1a, DPDPA_S8"
tenant-b_log_11.json,frank.nair,PERSON,16969,16979,"GDPR_Art5_1a, DPDPA_S8"
tenant-b_log_11.json,eve.patel,PERSON,18247,18256,"GDPR_Art5_1a, DPDPA_S8"
tenant-b_log_11.json,david.raj,PERSON,19523,19532,"GDPR_Art5_1a, DPDPA_S8"
tenant-b_log_11.json,eve.patel,PERSON,20799,20808,"GDPR_Art5_1a, DPDPA_S8"
tenant-b_log_11.json,eve.patel,PERSON,22088,22097,"GDPR_Art5_1a, DPDPA_S8"
tenant-b_log_11.json,eve.patel,PERSON,23373,23382,"GDPR_Art5_1a, DPDPA_S8"
tenant-b_log_11.json,david.raj,PERSON,24647,24656,"GDPR_Art5_1a, DPDPA_S8"
tenant-b_log_11.json,192.168.128.224,IP_ADDRESS,677,692,"GDPR_Art5_1b, DPDPA_S8"
tenant-b_log_11.json,192.168.104.20,IP_ADDRESS,1965,1979,"GDPR_Art5_1b, DPDPA_S8"
tenant-b_log_11.json,10.8.167.50,IP_ADDRESS,3252,3263,"GDPR_Art5_1b, DPDPA_S8"
tenant-b_log_11.json,10.215.56.20,IP_ADDRESS,4530,4542,"GDPR_Art5_1b, DPDPA_S8"
tenant-b_log_11.json,10.234.64.229,IP_ADDRESS,5815,5828,"GDPR_Art5_1b, DPDPA_S8"
tenant-b_log_11.json,10.110.199.23,IP_ADDRESS,7097,7110,"GDPR_Art5_1b, DPDPA_S8"
tenant-b_log_11.json,10.210.181.135,IP_ADDRESS,8387,8401,"GDPR_Art5_1b, DPDPA_S8"
tenant-b_log_11.json,192.168.151.168,IP_ADDRESS,9675,9690,"GDPR_Art5_1b, DPDPA_S8"
tenant-b_log_11.json,192.168.222.228,IP_ADDRESS,10955,10970,"GDPR_Art5_1b, DPDPA_S8"
tenant-b_log_11.json,172.23.252.93,IP_ADDRESS,12238,12251,"GDPR_Art5_1b, DPDPA_S8"
tenant-b_log_11.json,192.168.60.135,IP_ADDRESS,13515,13529,"GDPR_Art5_1b, DPDPA_S8"
tenant-b_log_11.json,10.147.200.233,IP_ADDRESS,14788,14802,"GDPR_Art5_1b, DPDPA_S8"
tenant-b_log_11.json,172.22.172.99,IP_ADDRESS,16073,16086,"GDPR_Art5_1b, DPDPA_S8"
tenant-b_log_11.json,192.168.217.8,IP_ADDRESS,17363,17376,"GDPR_Art5_1b, DPDPA_S8"
tenant-b_log_11.json,10.248.107.200,IP_ADDRESS,18640,18654,"GDPR_Art5_1b, DPDPA_S8"
tenant-b_log_11.json,192.168.91.111,IP_ADDRESS,19916,19930,"GDPR_Art5_1b, DPDPA_S8"
tenant-b_log_11.json,172.21.205.142,IP_ADDRESS,21192,21206,"GDPR_Art5_1b, DPDPA_S8"
tenant-b_log_11.json,172.19.47.123,IP_ADDRESS,22481,22494,"GDPR_Art5_1b, DPDPA_S8"
tenant-b_log_11.json,10.128.241.181,IP_ADDRESS,23766,23780,"GDPR_Art5_1b, DPDPA_S8"
tenant-b_log_11.json,192.168.211.63,IP_ADDRESS,25040,25054,"GDPR_Art5_1b, DPDPA_S8"
tenant-b_log_11.json,arn:aws:iam::234567890123:user/eve.patel,AWS_ARN,183,223,"GDPR_Art5_1b, DPDPA_S8"
tenant-b_log_11.json,arn:aws:s3:::tenant-b-finance,AWS_ARN,1064,1093,"GDPR_Art5_1b, DPDPA_S8"
tenant-b_log_11.json,arn:aws:iam::234567890123:user/eve.patel,AWS_ARN,1471,1511,"GDPR_Art5_1b, DPDPA_S8"
tenant-b_log_11.json,arn:aws:s3:::tenant-b-finance,AWS_ARN,2349,2378,"GDPR_Art5_1b, DPDPA_S8"
tenant-b_log_11.json,arn:aws:iam::234567890123:user/frank.nair,AWS_ARN,2756,2797,"GDPR_Art5_1b, DPDPA_S8"
tenant-b_log_11.json,arn:aws:s3:::tenant-b-hr,AWS_ARN,3632,3656,"GDPR_Art5_1b, DPDPA_S8"
tenant-b_log_11.json,arn:aws:iam::234567890123:user/frank.nair,AWS_ARN,4034,4075,"GDPR_Art5_1b, DPDPA_S8"
tenant-b_log_11.json,arn:aws:s3:::tenant-b-finance,AWS_ARN,4914,4943,"GDPR_Art5_1b, DPDPA_S8"
tenant-b_log_11.json,arn:aws:iam::234567890123:user/david.raj,AWS_ARN,5321,5361,"GDPR_Art5_1b, DPDPA_S8"
tenant-b_log_11.json,arn:aws:s3:::tenant-b-finance,AWS_ARN,6196,6225,"GDPR_Art5_1b, DPDPA_S8"
tenant-b_log_11.json,arn:aws:iam::234567890123:user/david.raj,AWS_ARN,6603,6643,"GDPR_Art5_1b, DPDPA_S8"
tenant-b_log_11.json,arn:aws:s3:::tenant-b-finance,AWS_ARN,7486,7515,"GDPR_Art5_1b, DPDPA_S8"
tenant-b_log_11.json,arn:aws:iam::234567890123:user/eve.patel,AWS_ARN,7893,7933,"GDPR_Art5_1b, DPDPA_S8"
tenant-b_log_11.json,arn:aws:s3:::tenant-b-finance,AWS_ARN,8774,8803,"GDPR_Art5_1b, DPDPA_S8"
tenant-b_log_11.json,arn:aws:iam::234567890123:user/eve.patel,AWS_ARN,9181,9221,"GDPR_Art5_1b, DPDPA_S8"
tenant-b_log_11.json,arn:aws:s3:::tenant-b-hr,AWS_ARN,10059,10083,"GDPR_Art5_1b, DPDPA_S8"
tenant-b_log_11.json,arn:aws:iam::234567890123:user/david.raj,AWS_ARN,10461,10501,"GDPR_Art5_1b, DPDPA_S8"
tenant-b_log_11.json,arn:aws:s3:::tenant-b-finance,AWS_ARN,11337,11366,"GDPR_Art5_1b, DPDPA_S8"
tenant-b_log_11.json,arn:aws:iam::234567890123:user/eve.patel,AWS_ARN,11744,11784,"GDPR_Art5_1b, DPDPA_S8"
tenant-b_log_11.json,arn:aws:s3:::tenant-b-hr,AWS_ARN,12617,12641,"GDPR_Art5_1b, DPDPA_S8"
tenant-b_log_11.json,arn:aws:iam::234567890123:user/frank.nair,AWS_ARN,13019,13060,"GDPR_Art5_1b, DPDPA_S8"
tenant-b_log_11.json,arn:aws:s3:::tenant-b-hr,AWS_ARN,13892,13916,"GDPR_Art5_1b, DPDPA_S8"
tenant-b_log_11.json,arn:aws:iam::234567890123:user/eve.patel,AWS_ARN,14294,14334,"GDPR_Art5_1b, DPDPA_S8"
tenant-b_log_11.json,arn:aws:s3:::tenant-b-finance,AWS_ARN,15170,15199,"GDPR_Art5_1b, DPDPA_S8"
tenant-b_log_11.json,arn:aws:iam::234567890123:user/frank.nair,AWS_ARN,15577,15618,"GDPR_Art5_1b, DPDPA_S8"
tenant-b_log_11.json,arn:aws:s3:::tenant-b-finance,AWS_ARN,16460,16489,"GDPR_Art5_1b, DPDPA_S8"
tenant-b_log_11.json,arn:aws:iam::234567890123:user/frank.nair,AWS_ARN,16867,16908,"GDPR_Art5_1b, DPDPA_S8"
tenant-b_log_11.json,arn:aws:s3:::tenant-b-hr,AWS_ARN,17744,17768,"GDPR_Art5_1b, DPDPA_S8"
tenant-b_log_11.json,arn:aws:iam::234567890123:user/eve.patel,AWS_ARN,18146,18186,"GDPR_Art5_1b, DPDPA_S8"
tenant-b_log_11.json,arn:aws:s3:::tenant-b-hr,AWS_ARN,19020,19044,"GDPR_Art5_1b, DPDPA_S8"
tenant-b_log_11.json,arn:aws:iam::234567890123:user/david.raj,AWS_ARN,19422,19462,"GDPR_Art5_1b, DPDPA_S8"
tenant-b_log_11.json,arn:aws:s3:::tenant-b-hr,AWS_ARN,20296,20320,"GDPR_Art5_1b, DPDPA_S8"
tenant-b_log_11.json,arn:aws:iam::234567890123:user/eve.patel,AWS_ARN,20698,20738,"GDPR_Art5_1b, DPDPA_S8"
tenant-b_log_11.json,arn:aws:s3:::tenant-b-finance,AWS_ARN,21580,21609,"GDPR_Art5_1b, DPDPA_S8"
tenant-b_log_11.json,arn:aws:iam::234567890123:user/eve.patel,AWS_ARN,21987,22027,"GDPR_Art5_1b, DPDPA_S8"
tenant-b_log_11.json,arn:aws:s3:::tenant-b-finance,AWS_ARN,22865,22894,"GDPR_Art5_1b, DPDPA_S8"
tenant-b_log_11.json,arn:aws:iam::234567890123:user/eve.patel,AWS_ARN,23272,23312,"GDPR_Art5_1b, DPDPA_S8"
tenant-b_log_11.json,arn:aws:s3:::tenant-b-hr,AWS_ARN,24144,24168,"GDPR_Art5_1b, DPDPA_S8"
tenant-b_log_11.json,arn:aws:iam::234567890123:user/david.raj,AWS_ARN,24546,24586,"GDPR_Art5_1b, DPDPA_S8"
tenant-b_log_11.json,arn:aws:s3:::tenant-b-finance,AWS_ARN,25423,25452,"GDPR_Art5_1b, DPDPA_S8"
tenant-b_log_11.json,234567890123,AWS_ACCOUNT_ID,248,260,"GDPR_Art5_1b, DPDPA_S8"
tenant-b_log_11.json,234567890123,AWS_ACCOUNT_ID,1120,1132,"GDPR_Art5_1b, DPDPA_S8"
tenant-b_log_11.json,234567890123,AWS_ACCOUNT_ID,1284,1296,"GDPR_Art5_1b, DPDPA_S8"
tenant-b_log_11.json,234567890123,AWS_ACCOUNT_ID,1536,1548,"GDPR_Art5_1b, DPDPA_S8"
tenant-b_log_11.json,234567890123,AWS_ACCOUNT_ID,2405,2417,"GDPR_Art5_1b, DPDPA_S8"
tenant-b_log_11.json,234567890123,AWS_ACCOUNT_ID,2569,2581,"GDPR_Art5_1b, DPDPA_S8"
tenant-b_log_11.json,234567890123,AWS_ACCOUNT_ID,2822,2834,"GDPR_Art5_1b, DPDPA_S8"
tenant-b_log_11.json,234567890123,AWS_ACCOUNT_ID,3683,3695,"GDPR_Art5_1b, DPDPA_S8"
tenant-b_log_11.json,234567890123,AWS_ACCOUNT_ID,3847,3859,"GDPR_Art5_1b, DPDPA_S8"
tenant-b_log_11.json,234567890123,AWS_ACCOUNT_ID,4100,4112,"GDPR_Art5_1b, DPDPA_S8"
tenant-b_log_11.json,234567890123,AWS_ACCOUNT_ID,4970,4982,"GDPR_Art5_1b, DPDPA_S8"
tenant-b_log_11.json,234567890123,AWS_ACCOUNT_ID,5134,5146,"GDPR_Art5_1b, DPDPA_S8"
tenant-b_log_11.json,234567890123,AWS_ACCOUNT_ID,5386,5398,"GDPR_Art5_1b, DPDPA_S8"
tenant-b_log_11.json,234567890123,AWS_ACCOUNT_ID,6252,6264,"GDPR_Art5_1b, DPDPA_S8"
tenant-b_log_11.json,234567890123,AWS_ACCOUNT_ID,6416,6428,"GDPR_Art5_1b, DPDPA_S8"
tenant-b_log_11.json,234567890123,AWS_ACCOUNT_ID,6668,6680,"GDPR_Art5_1b, DPDPA_S8"
tenant-b_log_11.json,234567890123,AWS_ACCOUNT_ID,7542,7554,"GDPR_Art5_1b, DPDPA_S8"
tenant-b_log_11.json,234567890123,AWS_ACCOUNT_ID,7706,7718,"GDPR_Art5_1b, DPDPA_S8"
tenant-b_log_11.json,234567890123,AWS_ACCOUNT_ID,7958,7970,"GDPR_Art5_1b, DPDPA_S8"
tenant-b_log_11.json,234567890123,AWS_ACCOUNT_ID,8830,8842,"GDPR_Art5_1b, DPDPA_S8"
tenant-b_log_11.json,234567890123,AWS_ACCOUNT_ID,8994,9006,"GDPR_Art5_1b, DPDPA_S8"
tenant-b_log_11.json,234567890123,AWS_ACCOUNT_ID,9246,9258,"GDPR_Art5_1b, DPDPA_S8"
tenant-b_log_11.json,234567890123,AWS_ACCOUNT_ID,10110,10122,"GDPR_Art5_1b, DPDPA_S8"
tenant-b_log_11.json,234567890123,AWS_ACCOUNT_ID,10274,10286,"GDPR_Art5_1b, DPDPA_S8"
tenant-b_log_11.json,234567890123,AWS_ACCOUNT_ID,10526,10538,"GDPR_Art5_1b, DPDPA_S8"
tenant-b_log_11.json,234567890123,AWS_ACCOUNT_ID,11393,11405,"GDPR_Art5_1b, DPDPA_S8"
tenant-b_log_11.json,234567890123,AWS_ACCOUNT_ID,11557,11569,"GDPR_Art5_1b, DPDPA_S8"
tenant-b_log_11.json,234567890123,AWS_ACCOUNT_ID,11809,11821,"GDPR_Art5_1b, DPDPA_S8"
tenant-b_log_11.json,234567890123,AWS_ACCOUNT_ID,12668,12680,"GDPR_Art5_1b, DPDPA_S8"
tenant-b_log_11.json,234567890123,AWS_ACCOUNT_ID,12832,12844,"GDPR_Art5_1b, DPDPA_S8"
tenant-b_log_11.json,234567890123,AWS_ACCOUNT_ID,13085,13097,"GDPR_Art5_1b, DPDPA_S8"
tenant-b_log_11.json,234567890123,AWS_ACCOUNT_ID,13943,13955,"GDPR_Art5_1b, DPDPA_S8"
tenant-b_log_11.json,234567890123,AWS_ACCOUNT_ID,14107,14119,"GDPR_Art5_1b, DPDPA_S8"
tenant-b_log_11.json,234567890123,AWS_ACCOUNT_ID,14359,14371,"GDPR_Art5_1b, DPDPA_S8"
tenant-b_log_11.json,234567890123,AWS_ACCOUNT_ID,15226,15238,"GDPR_Art5_1b, DPDPA_S8"
tenant-b_log_11.json,234567890123,AWS_ACCOUNT_ID,15390,15402,"GDPR_Art5_1b, DPDPA_S8"
tenant-b_log_11.json,234567890123,AWS_ACCOUNT_ID,15643,15655,"GDPR_Art5_1b, DPDPA_S8"
tenant-b_log_11.json,234567890123,AWS_ACCOUNT_ID,16516,16528,"GDPR_Art5_1b, DPDPA_S8"
tenant-b_log_11.json,234567890123,AWS_ACCOUNT_ID,16680,16692,"GDPR_Art5_1b, DPDPA_S8"
tenant-b_log_11.json,234567890123,AWS_ACCOUNT_ID,16933,16945,"GDPR_Art5_1b, DPDPA_S8"
tenant-b_log_11.json,234567890123,AWS_ACCOUNT_ID,17795,17807,"GDPR_Art5_1b, DPDPA_S8"
tenant-b_log_11.json,234567890123,AWS_ACCOUNT_ID,17959,17971,"GDPR_Art5_1b, DPDPA_S8"
tenant-b_log_11.json,234567890123,AWS_ACCOUNT_ID,18211,18223,"GDPR_Art5_1b, DPDPA_S8"
tenant-b_log_11.json,234567890123,AWS_ACCOUNT_ID,19071,19083,"GDPR_Art5_1b, DPDPA_S8"
tenant-b_log_11.json,234567890123,AWS_ACCOUNT_ID,19235,19247,"GDPR_Art5_1b, DPDPA_S8"
tenant-b_log_11.json,234567890123,AWS_ACCOUNT_ID,19487,19499,"GDPR_Art5_1b, DPDPA_S8"
tenant-b_log_11.json,234567890123,AWS_ACCOUNT_ID,20347,20359,"GDPR_Art5_1b, DPDPA_S8"
tenant-b_log_11.json,234567890123,AWS_ACCOUNT_ID,20511,20523,"GDPR_Art5_1b, DPDPA_S8"
tenant-b_log_11.json,234567890123,AWS_ACCOUNT_ID,20763,20775,"GDPR_Art5_1b, DPDPA_S8"
tenant-b_log_11.json,234567890123,AWS_ACCOUNT_ID,21636,21648,"GDPR_Art5_1b, DPDPA_S8"
tenant-b_log_11.json,234567890123,AWS_ACCOUNT_ID,21800,21812,"GDPR_Art5_1b, DPDPA_S8"
tenant-b_log_11.json,234567890123,AWS_ACCOUNT_ID,22052,22064,"GDPR_Art5_1b, DPDPA_S8"
tenant-b_log_11.json,234567890123,AWS_ACCOUNT_ID,22921,22933,"GDPR_Art5_1b, DPDPA_S8"
tenant-b_log_11.json,234567890123,AWS_ACCOUNT_ID,23085,23097,"GDPR_Art5_1b, DPDPA_S8"
tenant-b_log_11.json,234567890123,AWS_ACCOUNT_ID,23337,23349,"GDPR_Art5_1b, DPDPA_S8"
tenant-b_log_11.json,234567890123,AWS_ACCOUNT_ID,24195,24207,"GDPR_Art5_1b, DPDPA_S8"
tenant-b_log_11.json,234567890123,AWS_ACCOUNT_ID,24359,24371,"GDPR_Art5_1b, DPDPA_S8"
tenant-b_log_11.json,234567890123,AWS_ACCOUNT_ID,24611,24623,"GDPR_Art5_1b, DPDPA_S8"
tenant-b_log_11.json,234567890123,AWS_ACCOUNT_ID,25479,25491,"GDPR_Art5_1b, DPDPA_S8"
tenant-b_log_11.json,234567890123,AWS_ACCOUNT_ID,25643,25655,"GDPR_Art5_1b, DPDPA_S8"
tenant-b_log_12.json,frank.nair,PERSON,285,295,"GDPR_Art5_1a, DPDPA_S8"
tenant-b_log_12.json,david.raj,PERSON,1559,1568,"GDPR_Art5_1a, DPDPA_S8"
tenant-b_log_12.json,david.raj,PERSON,2833,2842,"GDPR_Art5_1a, DPDPA_S8"
tenant-b_log_12.json,david.raj,PERSON,4109,4118,"GDPR_Art5_1a, DPDPA_S8"
tenant-b_log_12.json,eve.patel,PERSON,5394,5403,"GDPR_Art5_1a, DPDPA_S8"
tenant-b_log_12.json,eve.patel,PERSON,6669,6678,"GDPR_Art5_1a, DPDPA_S8"
tenant-b_log_12.json,david.raj,PERSON,7958,7967,"GDPR_Art5_1a, DPDPA_S8"
tenant-b_log_12.json,frank.nair,PERSON,9245,9255,"GDPR_Art5_1a, DPDPA_S8"
tenant-b_log_12.json,david.raj,PERSON,10531,10540,"GDPR_Art5_1a, DPDPA_S8"
tenant-b_log_12.json,eve.patel,PERSON,11807,11816,"GDPR_Art5_1a, DPDPA_S8"
tenant-b_log_12.json,david.raj,PERSON,13093,13102,"GDPR_Art5_1a, DPDPA_S8"
tenant-b_log_12.json,david.raj,PERSON,14369,14378,"GDPR_Art5_1a, DPDPA_S8"
tenant-b_log_12.json,frank.nair,PERSON,15659,15669,"GDPR_Art5_1a, DPDPA_S8"
tenant-b_log_12.json,frank.nair,PERSON,16936,16946,"GDPR_Art5_1a, DPDPA_S8"
tenant-b_log_12.json,eve.patel,PERSON,18226,18235,"GDPR_Art5_1a, DPDPA_S8"
tenant-b_log_12.json,eve.patel,PERSON,19498,19507,"GDPR_Art5_1a, DPDPA_S8"
tenant-b_log_12.json,david.raj,PERSON,20779,20788,"GDPR_Art5_1a, DPDPA_S8"
tenant-b_log_12.json,frank.nair,PERSON,22056,22066,"GDPR_Art5_1a, DPDPA_S8"
tenant-b_log_12.json,frank.nair,PERSON,23335,23345,"GDPR_Art5_1a, DPDPA_S8"
tenant-b_log_12.json,frank.nair,PERSON,24622,24632,"GDPR_Art5_1a, DPDPA_S8"
tenant-b_log_12.json,10.79.19.14,IP_ADDRESS,679,690,"GDPR_Art5_1b, DPDPA_S8"
tenant-b_log_12.json,172.31.106.80,IP_ADDRESS,1952,1965,"GDPR_Art5_1b, DPDPA_S8"
tenant-b_log_12.json,192.168.228.221,IP_ADDRESS,3226,3241,"GDPR_Art5_1b, DPDPA_S8"
tenant-b_log_12.json,10.184.169.229,IP_ADDRESS,4502,4516,"GDPR_Art5_1b, DPDPA_S8"
tenant-b_log_12.json,172.23.51.58,IP_ADDRESS,5787,5799,"GDPR_Art5_1b, DPDPA_S8"
tenant-b_log_12.json,172.24.104.155,IP_ADDRESS,7062,7076,"GDPR_Art5_1b, DPDPA_S8"
tenant-b_log_12.json,172.27.212.22,IP_ADDRESS,8351,8364,"GDPR_Art5_1b, DPDPA_S8"
tenant-b_log_12.json,192.168.169.193,IP_ADDRESS,9639,9654,"GDPR_Art5_1b, DPDPA_S8"
tenant-b_log_12.json,192.168.94.123,IP_ADDRESS,10924,10938,"GDPR_Art5_1b, DPDPA_S8"
tenant-b_log_12.json,192.168.194.4,IP_ADDRESS,12200,12213,"GDPR_Art5_1b, DPDPA_S8"
tenant-b_log_12.json,172.26.68.101,IP_ADDRESS,13486,13499,"GDPR_Art5_1b, DPDPA_S8"
tenant-b_log_12.json,192.168.2.20,IP_ADDRESS,14762,14774,"GDPR_Art5_1b, DPDPA_S8"
tenant-b_log_12.json,192.168.182.3,IP_ADDRESS,16053,16066,"GDPR_Art5_1b, DPDPA_S8"
tenant-b_log_12.json,192.168.54.203,IP_ADDRESS,17330,17344,"GDPR_Art5_1b, DPDPA_S8"
tenant-b_log_12.json,172.30.70.246,IP_ADDRESS,18619,18632,"GDPR_Art5_1b, DPDPA_S8"
tenant-b_log_12.json,192.168.54.43,IP_ADDRESS,19891,19904,"GDPR_Art5_1b, DPDPA_S8"
tenant-b_log_12.json,192.168.58.251,IP_ADDRESS,21172,21186,"GDPR_Art5_1b, DPDPA_S8"
tenant-b_log_12.json,172.24.112.251,IP_ADDRESS,22450,22464,"GDPR_Art5_1b, DPDPA_S8"
tenant-b_log_12.json,10.120.183.65,IP_ADDRESS,23729,23742,"GDPR_Art5_1b, DPDPA_S8"
tenant-b_log_12.json,172.28.128.39,IP_ADDRESS,25016,25029,"GDPR_Art5_1b, DPDPA_S8"
tenant-b_log_12.json,arn:aws:iam::234567890123:user/frank.nair,AWS_ARN,183,224,"GDPR_Art5_1b, DPDPA_S8"
tenant-b_log_12.json,arn:aws:s3:::tenant-b-hr,AWS_ARN,1056,1080,"GDPR_Art5_1b, DPDPA_S8"
tenant-b_log_12.json,arn:aws:iam::234567890123:user/david.raj,AWS_ARN,1458,1498,"GDPR_Art5_1b, DPDPA_S8"
tenant-b_log_12.json,arn:aws:s3:::tenant-b-hr,AWS_ARN,2330,2354,"GDPR_Art5_1b, DPDPA_S8"
tenant-b_log_12.json,arn:aws:iam::234567890123:user/david.raj,AWS_ARN,2732,2772,"GDPR_Art5_1b, DPDPA_S8"
tenant-b_log_12.json,arn:aws:s3:::tenant-b-hr,AWS_ARN,3606,3630,"GDPR_Art5_1b, DPDPA_S8"
tenant-b_log_12.json,arn:aws:iam::234567890123:user/david.raj,AWS_ARN,4008,4048,"GDPR_Art5_1b, DPDPA_S8"
tenant-b_log_12.json,arn:aws:s3:::tenant-b-finance,AWS_ARN,4886,4915,"GDPR_Art5_1b, DPDPA_S8"
tenant-b_log_12.json,arn:aws:iam::234567890123:user/eve.patel,AWS_ARN,5293,5333,"GDPR_Art5_1b, DPDPA_S8"
tenant-b_log_12.json,arn:aws:s3:::tenant-b-hr,AWS_ARN,6166,6190,"GDPR_Art5_1b, DPDPA_S8"
tenant-b_log_12.json,arn:aws:iam::234567890123:user/eve.patel,AWS_ARN,6568,6608,"GDPR_Art5_1b, DPDPA_S8"
tenant-b_log_12.json,arn:aws:s3:::tenant-b-finance,AWS_ARN,7450,7479,"GDPR_Art5_1b, DPDPA_S8"
tenant-b_log_12.json,arn:aws:iam::234567890123:user/david.raj,AWS_ARN,7857,7897,"GDPR_Art5_1b, DPDPA_S8"
tenant-b_log_12.json,arn:aws:s3:::tenant-b-finance,AWS_ARN,8736,8765,"GDPR_Art5_1b, DPDPA_S8"
tenant-b_log_12.json,arn:aws:iam::234567890123:user/frank.nair,AWS_ARN,9143,9184,"GDPR_Art5_1b, DPDPA_S8"
tenant-b_log_12.json,arn:aws:s3:::tenant-b-finance,AWS_ARN,10023,10052,"GDPR_Art5_1b, DPDPA_S8"
tenant-b_log_12.json,arn:aws:iam::234567890123:user/david.raj,AWS_ARN,10430,10470,"GDPR_Art5_1b, DPDPA_S8"
tenant-b_log_12.json,arn:aws:s3:::tenant-b-hr,AWS_ARN,11304,11328,"GDPR_Art5_1b, DPDPA_S8"
tenant-b_log_12.json,arn:aws:iam::234567890123:user/eve.patel,AWS_ARN,11706,11746,"GDPR_Art5_1b, DPDPA_S8"
tenant-b_log_12.json,arn:aws:s3:::tenant-b-finance,AWS_ARN,12585,12614,"GDPR_Art5_1b, DPDPA_S8"
tenant-b_log_12.json,arn:aws:iam::234567890123:user/david.raj,AWS_ARN,12992,13032,"GDPR_Art5_1b, DPDPA_S8"
tenant-b_log_12.json,arn:aws:s3:::tenant-b-hr,AWS_ARN,13866,13890,"GDPR_Art5_1b, DPDPA_S8"
tenant-b_log_12.json,arn:aws:iam::234567890123:user/david.raj,AWS_ARN,14268,14308,"GDPR_Art5_1b, DPDPA_S8"
tenant-b_log_12.json,arn:aws:s3:::tenant-b-finance,AWS_ARN,15150,15179,"GDPR_Art5_1b, DPDPA_S8"
tenant-b_log_12.json,arn:aws:iam::234567890123:user/frank.nair,AWS_ARN,15557,15598,"GDPR_Art5_1b, DPDPA_S8"
tenant-b_log_12.json,arn:aws:s3:::tenant-b-hr,AWS_ARN,16432,16456,"GDPR_Art5_1b, DPDPA_S8"
tenant-b_log_12.json,arn:aws:iam::234567890123:user/frank.nair,AWS_ARN,16834,16875,"GDPR_Art5_1b, DPDPA_S8"
tenant-b_log_12.json,arn:aws:s3:::tenant-b-finance,AWS_ARN,17718,17747,"GDPR_Art5_1b, DPDPA_S8"
tenant-b_log_12.json,arn:aws:iam::234567890123:user/eve.patel,AWS_ARN,18125,18165,"GDPR_Art5_1b, DPDPA_S8"
tenant-b_log_12.json,arn:aws:s3:::tenant-b-hr,AWS_ARN,18995,19019,"GDPR_Art5_1b, DPDPA_S8"
tenant-b_log_12.json,arn:aws:iam::234567890123:user/eve.patel,AWS_ARN,19397,19437,"GDPR_Art5_1b, DPDPA_S8"
tenant-b_log_12.json,arn:aws:s3:::tenant-b-finance,AWS_ARN,20271,20300,"GDPR_Art5_1b, DPDPA_S8"
tenant-b_log_12.json,arn:aws:iam::234567890123:user/david.raj,AWS_ARN,20678,20718,"GDPR_Art5_1b, DPDPA_S8"
tenant-b_log_12.json,arn:aws:s3:::tenant-b-hr,AWS_ARN,21552,21576,"GDPR_Art5_1b, DPDPA_S8"
tenant-b_log_12.json,arn:aws:iam::234567890123:user/frank.nair,AWS_ARN,21954,21995,"GDPR_Art5_1b, DPDPA_S8"
tenant-b_log_12.json,arn:aws:s3:::tenant-b-hr,AWS_ARN,22831,22855,"GDPR_Art5_1b, DPDPA_S8"
tenant-b_log_12.json,arn:aws:iam::234567890123:user/frank.nair,AWS_ARN,23233,23274,"GDPR_Art5_1b, DPDPA_S8"
tenant-b_log_12.json,arn:aws:s3:::tenant-b-finance,AWS_ARN,24113,24142,"GDPR_Art5_1b, DPDPA_S8"
tenant-b_log_12.json,arn:aws:iam::234567890123:user/frank.nair,AWS_ARN,24520,24561,"GDPR_Art5_1b, DPDPA_S8"
tenant-b_log_12.json,arn:aws:s3:::tenant-b-hr,AWS_ARN,25395,25419,"GDPR_Art5_1b, DPDPA_S8"
tenant-b_log_12.json,234567890123,AWS_ACCOUNT_ID,249,261,"GDPR_Art5_1b, DPDPA_S8"
tenant-b_log_12.json,234567890123,AWS_ACCOUNT_ID,1107,1119,"GDPR_Art5_1b, DPDPA_S8"
tenant-b_log_12.json,234567890123,AWS_ACCOUNT_ID,1271,1283,"GDPR_Art5_1b, DPDPA_S8"
tenant-b_log_12.json,234567890123,AWS_ACCOUNT_ID,1523,1535,"GDPR_Art5_1b, DPDPA_S8"
tenant-b_log_12.json,234567890123,AWS_ACCOUNT_ID,2381,2393,"GDPR_Art5_1b, DPDPA_S8"
tenant-b_log_12.json,234567890123,AWS_ACCOUNT_ID,2545,2557,"GDPR_Art5_1b, DPDPA_S8"
tenant-b_log_12.json,234567890123,AWS_ACCOUNT_ID,2797,2809,"GDPR_Art5_1b, DPDPA_S8"
tenant-b_log_12.json,234567890123,AWS_ACCOUNT_ID,3657,3669,"GDPR_Art5_1b, DPDPA_S8"
tenant-b_log_12.json,234567890123,AWS_ACCOUNT_ID,3821,3833,"GDPR_Art5_1b, DPDPA_S8"
tenant-b_log_12.json,234567890123,AWS_ACCOUNT_ID,4073,4085,"GDPR_Art5_1b, DPDPA_S8"
tenant-b_log_12.json,234567890123,AWS_ACCOUNT_ID,4942,4954,"GDPR_Art5_1b, DPDPA_S8"
tenant-b_log_12.json,234567890123,AWS_ACCOUNT_ID,5106,5118,"GDPR_Art5_1b, DPDPA_S8"
tenant-b_log_12.json,234567890123,AWS_ACCOUNT_ID,5358,5370,"GDPR_Art5_1b, DPDPA_S8"
tenant-b_log_12.json,234567890123,AWS_ACCOUNT_ID,6217,6229,"GDPR_Art5_1b, DPDPA_S8"
tenant-b_log_12.json,234567890123,AWS_ACCOUNT_ID,6381,6393,"GDPR_Art5_1b, DPDPA_S8"
tenant-b_log_12.json,234567890123,AWS_ACCOUNT_ID,6633,6645,"GDPR_Art5_1b, DPDPA_S8"
tenant-b_log_12.json,234567890123,AWS_ACCOUNT_ID,7506,7518,"GDPR_Art5_1b, DPDPA_S8"
tenant-b_log_12.json,234567890123,AWS_ACCOUNT_ID,7670,7682,"GDPR_Art5_1b, DPDPA_S8"
tenant-b_log_12.json,234567890123,AWS_ACCOUNT_ID,7922,7934,"GDPR_Art5_1b, DPDPA_S8"
tenant-b_log_12.json,234567890123,AWS_ACCOUNT_ID,8792,8804,"GDPR_Art5_1b, DPDPA_S8"
tenant-b_log_12.json,234567890123,AWS_ACCOUNT_ID,8956,8968,"GDPR_Art5_1b, DPDPA_S8"
tenant-b_log_12.json,234567890123,AWS_ACCOUNT_ID,9209,9221,"GDPR_Art5_1b, DPDPA_S8"
tenant-b_log_12.json,234567890123,AWS_ACCOUNT_ID,10079,10091,"GDPR_Art5_1b, DPDPA_S8"
tenant-b_log_12.json,234567890123,AWS_ACCOUNT_ID,10243,10255,"GDPR_Art5_1b, DPDPA_S8"
tenant-b_log_12.json,234567890123,AWS_ACCOUNT_ID,10495,10507,"GDPR_Art5_1b, DPDPA_S8"
tenant-b_log_12.json,234567890123,AWS_ACCOUNT_ID,11355,11367,"GDPR_Art5_1b, DPDPA_S8"
tenant-b_log_12.json,234567890123,AWS_ACCOUNT_ID,11519,11531,"GDPR_Art5_1b, DPDPA_S8"
tenant-b_log_12.json,234567890123,AWS_ACCOUNT_ID,11771,11783,"GDPR_Art5_1b, DPDPA_S8"
tenant-b_log_12.json,234567890123,AWS_ACCOUNT_ID,12641,12653,"GDPR_Art5_1b, DPDPA_S8"
tenant-b_log_12.json,234567890123,AWS_ACCOUNT_ID,12805,12817,"GDPR_Art5_1b, DPDPA_S8"
tenant-b_log_12.json,234567890123,AWS_ACCOUNT_ID,13057,13069,"GDPR_Art5_1b, DPDPA_S8"
tenant-b_log_12.json,234567890123,AWS_ACCOUNT_ID,13917,13929,"GDPR_Art5_1b, DPDPA_S8"
tenant-b_log_12.json,234567890123,AWS_ACCOUNT_ID,14081,14093,"GDPR_Art5_1b, DPDPA_S8"
tenant-b_log_12.json,234567890123,AWS_ACCOUNT_ID,14333,14345,"GDPR_Art5_1b, DPDPA_S8"
tenant-b_log_12.json,234567890123,AWS_ACCOUNT_ID,15206,15218,"GDPR_Art5_1b, DPDPA_S8"
tenant-b_log_12.json,234567890123,AWS_ACCOUNT_ID,15370,15382,"GDPR_Art5_1b, DPDPA_S8"
tenant-b_log_12.json,234567890123,AWS_ACCOUNT_ID,15623,15635,"GDPR_Art5_1b, DPDPA_S8"
tenant-b_log_12.json,234567890123,AWS_ACCOUNT_ID,16483,16495,"GDPR_Art5_1b, DPDPA_S8"
tenant-b_log_12.json,234567890123,AWS_ACCOUNT_ID,16647,16659,"GDPR_Art5_1b, DPDPA_S8"
tenant-b_log_12.json,234567890123,AWS_ACCOUNT_ID,16900,16912,"GDPR_Art5_1b, DPDPA_S8"
tenant-b_log_12.json,234567890123,AWS_ACCOUNT_ID,17774,17786,"GDPR_Art5_1b, DPDPA_S8"
tenant-b_log_12.json,234567890123,AWS_ACCOUNT_ID,17938,17950,"GDPR_Art5_1b, DPDPA_S8"
tenant-b_log_12.json,234567890123,AWS_ACCOUNT_ID,18190,18202,"GDPR_Art5_1b, DPDPA_S8"
tenant-b_log_12.json,234567890123,AWS_ACCOUNT_ID,19046,19058,"GDPR_Art5_1b, DPDPA_S8"
tenant-b_log_12.json,234567890123,AWS_ACCOUNT_ID,19210,19222,"GDPR_Art5_1b, DPDPA_S8"
tenant-b_log_12.json,234567890123,AWS_ACCOUNT_ID,19462,19474,"GDPR_Art5_1b, DPDPA_S8"
tenant-b_log_12.json,234567890123,AWS_ACCOUNT_ID,20327,20339,"GDPR_Art5_1b, DPDPA_S8"
tenant-b_log_12.json,234567890123,AWS_ACCOUNT_ID,20491,20503,"GDPR_Art5_1b, DPDPA_S8"
tenant-b_log_12.json,234567890123,AWS_ACCOUNT_ID,20743,20755,"GDPR_Art5_1b, DPDPA_S8"
tenant-b_log_12.json,234567890123,AWS_ACCOUNT_ID,21603,21615,"GDPR_Art5_1b, DPDPA_S8"
tenant-b_log_12.json,234567890123,AWS_ACCOUNT_ID,21767,21779,"GDPR_Art5_1b, DPDPA_S8"
tenant-b_log_12.json,234567890123,AWS_ACCOUNT_ID,22020,22032,"GDPR_Art5_1b, DPDPA_S8"
tenant-b_log_12.json,234567890123,AWS_ACCOUNT_ID,22882,22894,"GDPR_Art5_1b, DPDPA_S8"
tenant-b_log_12.json,234567890123,AWS_ACCOUNT_ID,23046,23058,"GDPR_Art5_1b, DPDPA_S8"
tenant-b_log_12.json,234567890123,AWS_ACCOUNT_ID,23299,23311,"GDPR_Art5_1b, DPDPA_S8"
tenant-b_log_12.json,234567890123,AWS_ACCOUNT_ID,24169,24181,"GDPR_Art5_1b, DPDPA_S8"
tenant-b_log_12.json,234567890123,AWS_ACCOUNT_ID,24333,24345,"GDPR_Art5_1b, DPDPA_S8"
tenant-b_log_12.json,234567890123,AWS_ACCOUNT_ID,24586,24598,"GDPR_Art5_1b, DPDPA_S8"
tenant-b_log_12.json,234567890123,AWS_ACCOUNT_ID,25446,25458,"GDPR_Art5_1b, DPDPA_S8"
tenant-b_log_12.json,234567890123,AWS_ACCOUNT_ID,25610,25622,"GDPR_Art5_1b, DPDPA_S8"
tenant-b_log_13.json,david.raj,PERSON,284,293,"GDPR_Art5_1a, DPDPA_S8"
tenant-b_log_13.json,eve.patel,PERSON,1561,1570,"GDPR_Art5_1a, DPDPA_S8"
tenant-b_log_13.json,frank.nair,PERSON,2834,2844,"GDPR_Art5_1a, DPDPA_S8"
tenant-b_log_13.json,frank.nair,PERSON,4120,4130,"GDPR_Art5_1a, DPDPA_S8"
tenant-b_log_13.json,frank.nair,PERSON,5407,5417,"GDPR_Art5_1a, DPDPA_S8"
tenant-b_log_13.json,frank.nair,PERSON,6696,6706,"GDPR_Art5_1a, DPDPA_S8"
tenant-b_log_13.json,david.raj,PERSON,7970,7979,"GDPR_Art5_1a, DPDPA_S8"
tenant-b_log_13.json,frank.nair,PERSON,9260,9270,"GDPR_Art5_1a, DPDPA_S8"
tenant-b_log_13.json,frank.nair,PERSON,10547,10557,"GDPR_Art5_1a, DPDPA_S8"
tenant-b_log_13.json,david.raj,PERSON,11821,11830,"GDPR_Art5_1a, DPDPA_S8"
tenant-b_log_13.json,david.raj,PERSON,13107,13116,"GDPR_Art5_1a, DPDPA_S8"
tenant-b_log_13.json,frank.nair,PERSON,14382,14392,"GDPR_Art5_1a, DPDPA_S8"
tenant-b_log_13.json,frank.nair,PERSON,15660,15670,"GDPR_Art5_1a, DPDPA_S8"
tenant-b_log_13.json,frank.nair,PERSON,16945,16955,"GDPR_Art5_1a, DPDPA_S8"
tenant-b_log_13.json,david.raj,PERSON,18231,18240,"GDPR_Art5_1a, DPDPA_S8"
tenant-b_log_13.json,david.raj,PERSON,19516,19525,"GDPR_Art5_1a, DPDPA_S8"
tenant-b_log_13.json,eve.patel,PERSON,20801,20810,"GDPR_Art5_1a, DPDPA_S8"
tenant-b_log_13.json,david.raj,PERSON,22087,22096,"GDPR_Art5_1a, DPDPA_S8"
tenant-b_log_13.json,eve.patel,PERSON,23376,23385,"GDPR_Art5_1a, DPDPA_S8"
tenant-b_log_13.json,eve.patel,PERSON,24650,24659,"GDPR_Art5_1a, DPDPA_S8"
tenant-b_log_13.json,10.148.179.237,IP_ADDRESS,677,691,"GDPR_Art5_1b, DPDPA_S8"
tenant-b_log_13.json,10.216.4.225,IP_ADDRESS,1954,1966,"GDPR_Art5_1b, DPDPA_S8"
tenant-b_log_13.json,172.27.112.217,IP_ADDRESS,3228,3242,"GDPR_Art5_1b, DPDPA_S8"
tenant-b_log_13.json,192.168.80.131,IP_ADDRESS,4514,4528,"GDPR_Art5_1b, DPDPA_S8"
tenant-b_log_13.json,10.197.122.159,IP_ADDRESS,5801,5815,"GDPR_Art5_1b, DPDPA_S8"
tenant-b_log_13.json,10.254.96.24,IP_ADDRESS,7090,7102,"GDPR_Art5_1b, DPDPA_S8"
tenant-b_log_13.json,10.194.252.168,IP_ADDRESS,8363,8377,"GDPR_Art5_1b, DPDPA_S8"
tenant-b_log_13.json,172.18.213.24,IP_ADDRESS,9654,9667,"GDPR_Art5_1b, DPDPA_S8"
tenant-b_log_13.json,172.16.42.152,IP_ADDRESS,10941,10954,"GDPR_Art5_1b, DPDPA_S8"
tenant-b_log_13.json,192.168.198.239,IP_ADDRESS,12214,12229,"GDPR_Art5_1b, DPDPA_S8"
tenant-b_log_13.json,10.91.116.59,IP_ADDRESS,13500,13512,"GDPR_Art5_1b, DPDPA_S8"
tenant-b_log_13.json,192.168.191.45,IP_ADDRESS,14776,14790,"GDPR_Art5_1b, DPDPA_S8"
tenant-b_log_13.json,10.58.33.139,IP_ADDRESS,16054,16066,"GDPR_Art5_1b, DPDPA_S8"
tenant-b_log_13.json,192.168.74.197,IP_ADDRESS,17339,17353,"GDPR_Art5_1b, DPDPA_S8"
tenant-b_log_13.json,10.190.27.176,IP_ADDRESS,18624,18637,"GDPR_Art5_1b, DPDPA_S8"
tenant-b_log_13.json,172.19.134.240,IP_ADDRESS,19909,19923,"GDPR_Art5_1b, DPDPA_S8"
tenant-b_log_13.json,192.168.107.214,IP_ADDRESS,21194,21209,"GDPR_Art5_1b, DPDPA_S8"
tenant-b_log_13.json,172.29.94.83,IP_ADDRESS,22480,22492,"GDPR_Art5_1b, DPDPA_S8"
tenant-b_log_13.json,192.168.6.245,IP_ADDRESS,23769,23782,"GDPR_Art5_1b, DPDPA_S8"
tenant-b_log_13.json,192.168.125.112,IP_ADDRESS,25043,25058,"GDPR_Art5_1b, DPDPA_S8"
tenant-b_log_13.json,arn:aws:iam::234567890123:user/david.raj,AWS_ARN,183,223,"GDPR_Art5_1b, DPDPA_S8"
tenant-b_log_13.json,arn:aws:s3:::tenant-b-hr,AWS_ARN,1058,1082,"GDPR_Art5_1b, DPDPA_S8"
tenant-b_log_13.json,arn:aws:iam::234567890123:user/eve.patel,AWS_ARN,1460,1500,"GDPR_Art5_1b, DPDPA_S8"
tenant-b_log_13.json,arn:aws:s3:::tenant-b-hr,AWS_ARN,2330,2354,"GDPR_Art5_1b, DPDPA_S8"
tenant-b_log_13.json,arn:aws:iam::234567890123:user/frank.nair,AWS_ARN,2732,2773,"GDPR_Art5_1b, DPDPA_S8"
tenant-b_log_13.json,arn:aws:s3:::tenant-b-finance,AWS_ARN,3611,3640,"GDPR_Art5_1b, DPDPA_S8"
tenant-b_log_13.json,arn:aws:iam::234567890123:user/frank.nair,AWS_ARN,4018,4059,"GDPR_Art5_1b, DPDPA_S8"
tenant-b_log_13.json,arn:aws:s3:::tenant-b-finance,AWS_ARN,4898,4927,"GDPR_Art5_1b, DPDPA_S8"
tenant-b_log_13.json,arn:aws:iam::234567890123:user/frank.nair,AWS_ARN,5305,5346,"GDPR_Art5_1b, DPDPA_S8"
tenant-b_log_13.json,arn:aws:s3:::tenant-b-finance,AWS_ARN,6187,6216,"GDPR_Art5_1b, DPDPA_S8"
tenant-b_log_13.json,arn:aws:iam::234567890123:user/frank.nair,AWS_ARN,6594,6635,"GDPR_Art5_1b, DPDPA_S8"
tenant-b_log_13.json,arn:aws:s3:::tenant-b-hr,AWS_ARN,7467,7491,"GDPR_Art5_1b, DPDPA_S8"
tenant-b_log_13.json,arn:aws:iam::234567890123:user/david.raj,AWS_ARN,7869,7909,"GDPR_Art5_1b, DPDPA_S8"
tenant-b_log_13.json,arn:aws:s3:::tenant-b-finance,AWS_ARN,8751,8780,"GDPR_Art5_1b, DPDPA_S8"
tenant-b_log_13.json,arn:aws:iam::234567890123:user/frank.nair,AWS_ARN,9158,9199,"GDPR_Art5_1b, DPDPA_S8"
tenant-b_log_13.json,arn:aws:s3:::tenant-b-finance,AWS_ARN,10038,10067,"GDPR_Art5_1b, DPDPA_S8"
tenant-b_log_13.json,arn:aws:iam::234567890123:user/frank.nair,AWS_ARN,10445,10486,"GDPR_Art5_1b, DPDPA_S8"
tenant-b_log_13.json,arn:aws:s3:::tenant-b-hr,AWS_ARN,11318,11342,"GDPR_Art5_1b, DPDPA_S8"
tenant-b_log_13.json,arn:aws:iam::234567890123:user/david.raj,AWS_ARN,11720,11760,"GDPR_Art5_1b, DPDPA_S8"
tenant-b_log_13.json,arn:aws:s3:::tenant-b-finance,AWS_ARN,12599,12628,"GDPR_Art5_1b, DPDPA_S8"
tenant-b_log_13.json,arn:aws:iam::234567890123:user/david.raj,AWS_ARN,13006,13046,"GDPR_Art5_1b, DPDPA_S8"
tenant-b_log_13.json,arn:aws:s3:::tenant-b-hr,AWS_ARN,13878,13902,"GDPR_Art5_1b, DPDPA_S8"
tenant-b_log_13.json,arn:aws:iam::234567890123:user/frank.nair,AWS_ARN,14280,14321,"GDPR_Art5_1b, DPDPA_S8"
tenant-b_log_13.json,arn:aws:s3:::tenant-b-hr,AWS_ARN,15156,15180,"GDPR_Art5_1b, DPDPA_S8"
tenant-b_log_13.json,arn:aws:iam::234567890123:user/frank.nair,AWS_ARN,15558,15599,"GDPR_Art5_1b, DPDPA_S8"
tenant-b_log_13.json,arn:aws:s3:::tenant-b-finance,AWS_ARN,16436,16465,"GDPR_Art5_1b, DPDPA_S8"
tenant-b_log_13.json,arn:aws:iam::234567890123:user/frank.nair,AWS_ARN,16843,16884,"GDPR_Art5_1b, DPDPA_S8"
tenant-b_log_13.json,arn:aws:s3:::tenant-b-finance,AWS_ARN,17723,17752,"GDPR_Art5_1b, DPDPA_S8"
tenant-b_log_13.json,arn:aws:iam::234567890123:user/david.raj,AWS_ARN,18130,18170,"GDPR_Art5_1b, DPDPA_S8"
tenant-b_log_13.json,arn:aws:s3:::tenant-b-finance,AWS_ARN,19008,19037,"GDPR_Art5_1b, DPDPA_S8"
tenant-b_log_13.json,arn:aws:iam::234567890123:user/david.raj,AWS_ARN,19415,19455,"GDPR_Art5_1b, DPDPA_S8"
tenant-b_log_13.json,arn:aws:s3:::tenant-b-finance,AWS_ARN,20293,20322,"GDPR_Art5_1b, DPDPA_S8"
tenant-b_log_13.json,arn:aws:iam::234567890123:user/eve.patel,AWS_ARN,20700,20740,"GDPR_Art5_1b, DPDPA_S8"
tenant-b_log_13.json,arn:aws:s3:::tenant-b-finance,AWS_ARN,21579,21608,"GDPR_Art5_1b, DPDPA_S8"
tenant-b_log_13.json,arn:aws:iam::234567890123:user/david.raj,AWS_ARN,21986,22026,"GDPR_Art5_1b, DPDPA_S8"
tenant-b_log_13.json,arn:aws:s3:::tenant-b-finance,AWS_ARN,22868,22897,"GDPR_Art5_1b, DPDPA_S8"
tenant-b_log_13.json,arn:aws:iam::234567890123:user/eve.patel,AWS_ARN,23275,23315,"GDPR_Art5_1b, DPDPA_S8"
tenant-b_log_13.json,arn:aws:s3:::tenant-b-hr,AWS_ARN,24147,24171,"GDPR_Art5_1b, DPDPA_S8"
tenant-b_log_13.json,arn:aws:iam::234567890123:user/eve.patel,AWS_ARN,24549,24589,"GDPR_Art5_1b, DPDPA_S8"
tenant-b_log_13.json,arn:aws:s3:::tenant-b-finance,AWS_ARN,25430,25459,"GDPR_Art5_1b, DPDPA_S8"
tenant-b_log_13.json,234567890123,AWS_ACCOUNT_ID,248,260,"GDPR_Art5_1b, DPDPA_S8"
tenant-b_log_13.json,234567890123,AWS_ACCOUNT_ID,1109,1121,"GDPR_Art5_1b, DPDPA_S8"
tenant-b_log_13.json,234567890123,AWS_ACCOUNT_ID,1273,1285,"GDPR_Art5_1b, DPDPA_S8"
tenant-b_log_13.json,234567890123,AWS_ACCOUNT_ID,1525,1537,"GDPR_Art5_1b, DPDPA_S8"
tenant-b_log_13.json,234567890123,AWS_ACCOUNT_ID,2381,2393,"GDPR_Art5_1b, DPDPA_S8"
tenant-b_log_13.json,234567890123,AWS_ACCOUNT_ID,2545,2557,"GDPR_Art5_1b, DPDPA_S8"
tenant-b_log_13.json,234567890123,AWS_ACCOUNT_ID,2798,2810,"GDPR_Art5_1b, DPDPA_S8"
tenant-b_log_13.json,234567890123,AWS_ACCOUNT_ID,3667,3679,"GDPR_Art5_1b, DPDPA_S8"
tenant-b_log_13.json,234567890123,AWS_ACCOUNT_ID,3831,3843,"GDPR_Art5_1b, DPDPA_S8"
tenant-b_log_13.json,234567890123,AWS_ACCOUNT_ID,4084,4096,"GDPR_Art5_1b, DPDPA_S8"
tenant-b_log_13.json,234567890123,AWS_ACCOUNT_ID,4954,4966,"GDPR_Art5_1b, DPDPA_S8"
tenant-b_log_13.json,234567890123,AWS_ACCOUNT_ID,5118,5130,"GDPR_Art5_1b, DPDPA_S8"
tenant-b_log_13.json,234567890123,AWS_ACCOUNT_ID,5371,5383,"GDPR_Art5_1b, DPDPA_S8"
tenant-b_log_13.json,234567890123,AWS_ACCOUNT_ID,6243,6255,"GDPR_Art5_1b, DPDPA_S8"
tenant-b_log_13.json,234567890123,AWS_ACCOUNT_ID,6407,6419,"GDPR_Art5_1b, DPDPA_S8"
tenant-b_log_13.json,234567890123,AWS_ACCOUNT_ID,6660,6672,"GDPR_Art5_1b, DPDPA_S8"
tenant-b_log_13.json,234567890123,AWS_ACCOUNT_ID,7518,7530,"GDPR_Art5_1b, DPDPA_S8"
tenant-b_log_13.json,234567890123,AWS_ACCOUNT_ID,7682,7694,"GDPR_Art5_1b, DPDPA_S8"
tenant-b_log_13.json,234567890123,AWS_ACCOUNT_ID,7934,7946,"GDPR_Art5_1b, DPDPA_S8"
tenant-b_log_13.json,234567890123,AWS_ACCOUNT_ID,8807,8819,"GDPR_Art5_1b, DPDPA_S8"
tenant-b_log_13.json,234567890123,AWS_ACCOUNT_ID,8971,8983,"GDPR_Art5_1b, DPDPA_S8"
tenant-b_log_13.json,234567890123,AWS_ACCOUNT_ID,9224,9236,"GDPR_Art5_1b, DPDPA_S8"
tenant-b_log_13.json,234567890123,AWS_ACCOUNT_ID,10094,10106,"GDPR_Art5_1b, DPDPA_S8"
tenant-b_log_13.json,234567890123,AWS_ACCOUNT_ID,10258,10270,"GDPR_Art5_1b, DPDPA_S8"
tenant-b_log_13.json,234567890123,AWS_ACCOUNT_ID,10511,10523,"GDPR_Art5_1b, DPDPA_S8"
tenant-b_log_13.json,234567890123,AWS_ACCOUNT_ID,11369,11381,"GDPR_Art5_1b, DPDPA_S8"
tenant-b_log_13.json,234567890123,AWS_ACCOUNT_ID,11533,11545,"GDPR_Art5_1b, DPDPA_S8"
tenant-b_log_13.json,234567890123,AWS_ACCOUNT_ID,11785,11797,"GDPR_Art5_1b, DPDPA_S8"
tenant-b_log_13.json,234567890123,AWS_ACCOUNT_ID,12655,12667,"GDPR_Art5_1b, DPDPA_S8"
tenant-b_log_13.json,234567890123,AWS_ACCOUNT_ID,12819,12831,"GDPR_Art5_1b, DPDPA_S8"
tenant-b_log_13.json,234567890123,AWS_ACCOUNT_ID,13071,13083,"GDPR_Art5_1b, DPDPA_S8"
tenant-b_log_13.json,234567890123,AWS_ACCOUNT_ID,13929,13941,"GDPR_Art5_1b, DPDPA_S8"
tenant-b_log_13.json,234567890123,AWS_ACCOUNT_ID,14093,14105,"GDPR_Art5_1b, DPDPA_S8"
tenant-b_log_13.json,234567890123,AWS_ACCOUNT_ID,14346,14358,"GDPR_Art5_1b, DPDPA_S8"
tenant-b_log_13.json,234567890123,AWS_ACCOUNT_ID,15207,15219,"GDPR_Art5_1b, DPDPA_S8"
tenant-b_log_13.json,234567890123,AWS_ACCOUNT_ID,15371,15383,"GDPR_Art5_1b, DPDPA_S8"
tenant-b_log_13.json,234567890123,AWS_ACCOUNT_ID,15624,15636,"GDPR_Art5_1b, DPDPA_S8"
tenant-b_log_13.json,234567890123,AWS_ACCOUNT_ID,16492,16504,"GDPR_Art5_1b, DPDPA_S8"
tenant-b_log_13.json,234567890123,AWS_ACCOUNT_ID,16656,16668,"GDPR_Art5_1b, DPDPA_S8"
tenant-b_log_13.json,234567890123,AWS_ACCOUNT_ID,16909,16921,"GDPR_Art5_1b, DPDPA_S8"
tenant-b_log_13.json,234567890123,AWS_ACCOUNT_ID,17779,17791,"GDPR_Art5_1b, DPDPA_S8"
tenant-b_log_13.json,234567890123,AWS_ACCOUNT_ID,17943,17955,"GDPR_Art5_1b, DPDPA_S8"
tenant-b_log_13.json,234567890123,AWS_ACCOUNT_ID,18195,18207,"GDPR_Art5_1b, DPDPA_S8"
tenant-b_log_13.json,234567890123,AWS_ACCOUNT_ID,19064,19076,"GDPR_Art5_1b, DPDPA_S8"
tenant-b_log_13.json,234567890123,AWS_ACCOUNT_ID,19228,19240,"GDPR_Art5_1b, DPDPA_S8"
tenant-b_log_13.json,234567890123,AWS_ACCOUNT_ID,19480,19492,"GDPR_Art5_1b, DPDPA_S8"
tenant-b_log_13.json,234567890123,AWS_ACCOUNT_ID,20349,20361,"GDPR_Art5_1b, DPDPA_S8"
tenant-b_log_13.json,234567890123,AWS_ACCOUNT_ID,20513,20525,"GDPR_Art5_1b, DPDPA_S8"
tenant-b_log_13.json,234567890123,AWS_ACCOUNT_ID,20765,20777,"GDPR_Art5_1b, DPDPA_S8"
tenant-b_log_13.json,234567890123,AWS_ACCOUNT_ID,21635,21647,"GDPR_Art5_1b, DPDPA_S8"
tenant-b_log_13.json,234567890123,AWS_ACCOUNT_ID,21799,21811,"GDPR_Art5_1b, DPDPA_S8"
tenant-b_log_13.json,234567890123,AWS_ACCOUNT_ID,22051,22063,"GDPR_Art5_1b, DPDPA_S8"
tenant-b_log_13.json,234567890123,AWS_ACCOUNT_ID,22924,22936,"GDPR_Art5_1b, DPDPA_S8"
tenant-b_log_13.json,234567890123,AWS_ACCOUNT_ID,23088,23100,"GDPR_Art5_1b, DPDPA_S8"
tenant-b_log_13.json,234567890123,AWS_ACCOUNT_ID,23340,23352,"GDPR_Art5_1b, DPDPA_S8"
tenant-b_log_13.json,234567890123,AWS_ACCOUNT_ID,24198,24210,"GDPR_Art5_1b, DPDPA_S8"
tenant-b_log_13.json,234567890123,AWS_ACCOUNT_ID,24362,24374,"GDPR_Art5_1b, DPDPA_S8"
tenant-b_log_13.json,234567890123,AWS_ACCOUNT_ID,24614,24626,"GDPR_Art5_1b, DPDPA_S8"
tenant-b_log_13.json,234567890123,AWS_ACCOUNT_ID,25486,25498,"GDPR_Art5_1b, DPDPA_S8"
tenant-b_log_13.json,234567890123,AWS_ACCOUNT_ID,25650,25662,"GDPR_Art5_1b, DPDPA_S8"
tenant-b_log_14.json,frank.nair,PERSON,285,295,"GDPR_Art5_1a, DPDPA_S8"
tenant-b_log_14.json,david.raj,PERSON,1558,1567,"GDPR_Art5_1a, DPDPA_S8"
tenant-b_log_14.json,frank.nair,PERSON,2832,2842,"GDPR_Art5_1a, DPDPA_S8"
tenant-b_log_14.json,eve.patel,PERSON,4119,4128,"GDPR_Art5_1a, DPDPA_S8"
tenant-b_log_14.json,david.raj,PERSON,5403,5412,"GDPR_Art5_1a, DPDPA_S8"
tenant-b_log_14.json,frank.nair,PERSON,6682,6692,"GDPR_Art5_1a, DPDPA_S8"
tenant-b_log_14.json,frank.nair,PERSON,7972,7982,"GDPR_Art5_1a, DPDPA_S8"
tenant-b_log_14.json,frank.nair,PERSON,9258,9268,"GDPR_Art5_1a, DPDPA_S8"
tenant-b_log_14.json,eve.patel,PERSON,10550,10559,"GDPR_Art5_1a, DPDPA_S8"
tenant-b_log_14.json,eve.patel,PERSON,11830,11839,"GDPR_Art5_1a, DPDPA_S8"
tenant-b_log_14.json,frank.nair,PERSON,13104,13114,"GDPR_Art5_1a, DPDPA_S8"
tenant-b_log_14.json,david.raj,PERSON,14378,14387,"GDPR_Art5_1a, DPDPA_S8"
tenant-b_log_14.json,eve.patel,PERSON,15649,15658,"GDPR_Art5_1a, DPDPA_S8"
tenant-b_log_14.json,frank.nair,PERSON,16924,16934,"GDPR_Art5_1a, DPDPA_S8"
tenant-b_log_14.json,eve.patel,PERSON,18212,18221,"GDPR_Art5_1a, DPDPA_S8"
tenant-b_log_14.json,eve.patel,PERSON,19502,19511,"GDPR_Art5_1a, DPDPA_S8"
tenant-b_log_14.json,david.raj,PERSON,20785,20794,"GDPR_Art5_1a, DPDPA_S8"
tenant-b_log_14.json,frank.nair,PERSON,22059,22069,"GDPR_Art5_1a, DPDPA_S8"
tenant-b_log_14.json,frank.nair,PERSON,23333,23343,"GDPR_Art5_1a, DPDPA_S8"
tenant-b_log_14.json,frank.nair,PERSON,24620,24630,"GDPR_Art5_1a, DPDPA_S8"
tenant-b_log_14.json,10.38.142.10,IP_ADDRESS,679,691,"GDPR_Art5_1b, DPDPA_S8"
tenant-b_log_14.json,10.209.60.9,IP_ADDRESS,1951,1962,"GDPR_Art5_1b, DPDPA_S8"
tenant-b_log_14.json,10.172.227.224,IP_ADDRESS,3226,3240,"GDPR_Art5_1b, DPDPA_S8"
tenant-b_log_14.json,172.20.236.71,IP_ADDRESS,4512,4525,"GDPR_Art5_1b, DPDPA_S8"
tenant-b_log_14.json,172.23.216.234,IP_ADDRESS,5796,5810,"GDPR_Art5_1b, DPDPA_S8"
tenant-b_log_14.json,10.81.159.116,IP_ADDRESS,7076,7089,"GDPR_Art5_1b, DPDPA_S8"
tenant-b_log_14.json,10.199.33.197,IP_ADDRESS,8366,8379,"GDPR_Art5_1b, DPDPA_S8"
tenant-b_log_14.json,192.168.228.62,IP_ADDRESS,9652,9666,"GDPR_Art5_1b, DPDPA_S8"
tenant-b_log_14.json,10.103.145.208,IP_ADDRESS,10943,10957,"GDPR_Art5_1b, DPDPA_S8"
tenant-b_log_14.json,10.83.250.123,IP_ADDRESS,12223,12236,"GDPR_Art5_1b, DPDPA_S8"
tenant-b_log_14.json,192.168.34.79,IP_ADDRESS,13498,13511,"GDPR_Art5_1b, DPDPA_S8"
tenant-b_log_14.json,10.11.34.45,IP_ADDRESS,14771,14782,"GDPR_Art5_1b, DPDPA_S8"
tenant-b_log_14.json,10.202.197.59,IP_ADDRESS,16042,16055,"GDPR_Art5_1b, DPDPA_S8"
tenant-b_log_14.json,10.83.93.251,IP_ADDRESS,17318,17330,"GDPR_Art5_1b, DPDPA_S8"
tenant-b_log_14.json,192.168.247.33,IP_ADDRESS,18605,18619,"GDPR_Art5_1b, DPDPA_S8"
tenant-b_log_14.json,10.65.120.24,IP_ADDRESS,19895,19907,"GDPR_Art5_1b, DPDPA_S8"
tenant-b_log_14.json,172.22.70.109,IP_ADDRESS,21178,21191,"GDPR_Art5_1b, DPDPA_S8"
tenant-b_log_14.json,172.18.73.108,IP_ADDRESS,22453,22466,"GDPR_Art5_1b, DPDPA_S8"
tenant-b_log_14.json,192.168.102.248,IP_ADDRESS,23727,23742,"GDPR_Art5_1b, DPDPA_S8"
tenant-b_log_14.json,10.226.178.80,IP_ADDRESS,25014,25027,"GDPR_Art5_1b, DPDPA_S8"
tenant-b_log_14.json,arn:aws:iam::234567890123:user/frank.nair,AWS_ARN,183,224,"GDPR_Art5_1b, DPDPA_S8"
tenant-b_log_14.json,arn:aws:s3:::tenant-b-hr,AWS_ARN,1055,1079,"GDPR_Art5_1b, DPDPA_S8"
tenant-b_log_14.json,arn:aws:iam::234567890123:user/david.raj,AWS_ARN,1457,1497,"GDPR_Art5_1b, DPDPA_S8"
tenant-b_log_14.json,arn:aws:s3:::tenant-b-hr,AWS_ARN,2328,2352,"GDPR_Art5_1b, DPDPA_S8"
tenant-b_log_14.json,arn:aws:iam::234567890123:user/frank.nair,AWS_ARN,2730,2771,"GDPR_Art5_1b, DPDPA_S8"
tenant-b_log_14.json,arn:aws:s3:::tenant-b-finance,AWS_ARN,3611,3640,"GDPR_Art5_1b, DPDPA_S8"
tenant-b_log_14.json,arn:aws:iam::234567890123:user/eve.patel,AWS_ARN,4018,4058,"GDPR_Art5_1b, DPDPA_S8"
tenant-b_log_14.json,arn:aws:s3:::tenant-b-finance,AWS_ARN,4895,4924,"GDPR_Art5_1b, DPDPA_S8"
tenant-b_log_14.json,arn:aws:iam::234567890123:user/david.raj,AWS_ARN,5302,5342,"GDPR_Art5_1b, DPDPA_S8"
tenant-b_log_14.json,arn:aws:s3:::tenant-b-hr,AWS_ARN,6178,6202,"GDPR_Art5_1b, DPDPA_S8"
tenant-b_log_14.json,arn:aws:iam::234567890123:user/frank.nair,AWS_ARN,6580,6621,"GDPR_Art5_1b, DPDPA_S8"
tenant-b_log_14.json,arn:aws:s3:::tenant-b-finance,AWS_ARN,7463,7492,"GDPR_Art5_1b, DPDPA_S8"
tenant-b_log_14.json,arn:aws:iam::234567890123:user/frank.nair,AWS_ARN,7870,7911,"GDPR_Art5_1b, DPDPA_S8"
tenant-b_log_14.json,arn:aws:s3:::tenant-b-finance,AWS_ARN,8749,8778,"GDPR_Art5_1b, DPDPA_S8"
tenant-b_log_14.json,arn:aws:iam::234567890123:user/frank.nair,AWS_ARN,9156,9197,"GDPR_Art5_1b, DPDPA_S8"
tenant-b_log_14.json,arn:aws:s3:::tenant-b-finance,AWS_ARN,10042,10071,"GDPR_Art5_1b, DPDPA_S8"
tenant-b_log_14.json,arn:aws:iam::234567890123:user/eve.patel,AWS_ARN,10449,10489,"GDPR_Art5_1b, DPDPA_S8"
tenant-b_log_14.json,arn:aws:s3:::tenant-b-hr,AWS_ARN,11327,11351,"GDPR_Art5_1b, DPDPA_S8"
tenant-b_log_14.json,arn:aws:iam::234567890123:user/eve.patel,AWS_ARN,11729,11769,"GDPR_Art5_1b, DPDPA_S8"
tenant-b_log_14.json,arn:aws:s3:::tenant-b-hr,AWS_ARN,12600,12624,"GDPR_Art5_1b, DPDPA_S8"
tenant-b_log_14.json,arn:aws:iam::234567890123:user/frank.nair,AWS_ARN,13002,13043,"GDPR_Art5_1b, DPDPA_S8"
tenant-b_log_14.json,arn:aws:s3:::tenant-b-hr,AWS_ARN,13875,13899,"GDPR_Art5_1b, DPDPA_S8"
tenant-b_log_14.json,arn:aws:iam::234567890123:user/david.raj,AWS_ARN,14277,14317,"GDPR_Art5_1b, DPDPA_S8"
tenant-b_log_14.json,arn:aws:s3:::tenant-b-hr,AWS_ARN,15146,15170,"GDPR_Art5_1b, DPDPA_S8"
tenant-b_log_14.json,arn:aws:iam::234567890123:user/eve.patel,AWS_ARN,15548,15588,"GDPR_Art5_1b, DPDPA_S8"
tenant-b_log_14.json,arn:aws:s3:::tenant-b-hr,AWS_ARN,16420,16444,"GDPR_Art5_1b, DPDPA_S8"
tenant-b_log_14.json,arn:aws:iam::234567890123:user/frank.nair,AWS_ARN,16822,16863,"GDPR_Art5_1b, DPDPA_S8"
tenant-b_log_14.json,arn:aws:s3:::tenant-b-finance,AWS_ARN,17704,17733,"GDPR_Art5_1b, DPDPA_S8"
tenant-b_log_14.json,arn:aws:iam::234567890123:user/eve.patel,AWS_ARN,18111,18151,"GDPR_Art5_1b, DPDPA_S8"
tenant-b_log_14.json,arn:aws:s3:::tenant-b-finance,AWS_ARN,18994,19023,"GDPR_Art5_1b, DPDPA_S8"
tenant-b_log_14.json,arn:aws:iam::234567890123:user/eve.patel,AWS_ARN,19401,19441,"GDPR_Art5_1b, DPDPA_S8"
tenant-b_log_14.json,arn:aws:s3:::tenant-b-finance,AWS_ARN,20277,20306,"GDPR_Art5_1b, DPDPA_S8"
tenant-b_log_14.json,arn:aws:iam::234567890123:user/david.raj,AWS_ARN,20684,20724,"GDPR_Art5_1b, DPDPA_S8"
tenant-b_log_14.json,arn:aws:s3:::tenant-b-hr,AWS_ARN,21555,21579,"GDPR_Art5_1b, DPDPA_S8"
tenant-b_log_14.json,arn:aws:iam::234567890123:user/frank.nair,AWS_ARN,21957,21998,"GDPR_Art5_1b, DPDPA_S8"
tenant-b_log_14.json,arn:aws:s3:::tenant-b-hr,AWS_ARN,22829,22853,"GDPR_Art5_1b, DPDPA_S8"
tenant-b_log_14.json,arn:aws:iam::234567890123:user/frank.nair,AWS_ARN,23231,23272,"GDPR_Art5_1b, DPDPA_S8"
tenant-b_log_14.json,arn:aws:s3:::tenant-b-finance,AWS_ARN,24111,24140,"GDPR_Art5_1b, DPDPA_S8"
tenant-b_log_14.json,arn:aws:iam::234567890123:user/frank.nair,AWS_ARN,24518,24559,"GDPR_Art5_1b, DPDPA_S8"
tenant-b_log_14.json,arn:aws:s3:::tenant-b-hr,AWS_ARN,25393,25417,"GDPR_Art5_1b, DPDPA_S8"
tenant-b_log_14.json,234567890123,AWS_ACCOUNT_ID,249,261,"GDPR_Art5_1b, DPDPA_S8"
tenant-b_log_14.json,234567890123,AWS_ACCOUNT_ID,1106,1118,"GDPR_Art5_1b, DPDPA_S8"
tenant-b_log_14.json,234567890123,AWS_ACCOUNT_ID,1270,1282,"GDPR_Art5_1b, DPDPA_S8"
tenant-b_log_14.json,234567890123,AWS_ACCOUNT_ID,1522,1534,"GDPR_Art5_1b, DPDPA_S8"
tenant-b_log_14.json,234567890123,AWS_ACCOUNT_ID,2379,2391,"GDPR_Art5_1b, DPDPA_S8"
tenant-b_log_14.json,234567890123,AWS_ACCOUNT_ID,2543,2555,"GDPR_Art5_1b, DPDPA_S8"
tenant-b_log_14.json,234567890123,AWS_ACCOUNT_ID,2796,2808,"GDPR_Art5_1b, DPDPA_S8"
tenant-b_log_14.json,234567890123,AWS_ACCOUNT_ID,3667,3679,"GDPR_Art5_1b, DPDPA_S8"
tenant-b_log_14.json,234567890123,AWS_ACCOUNT_ID,3831,3843,"GDPR_Art5_1b, DPDPA_S8"
tenant-b_log_14.json,234567890123,AWS_ACCOUNT_ID,4083,4095,"GDPR_Art5_1b, DPDPA_S8"
tenant-b_log_14.json,234567890123,AWS_ACCOUNT_ID,4951,4963,"GDPR_Art5_1b, DPDPA_S8"
tenant-b_log_14.json,234567890123,AWS_ACCOUNT_ID,5115,5127,"GDPR_Art5_1b, DPDPA_S8"
tenant-b_log_14.json,234567890123,AWS_ACCOUNT_ID,5367,5379,"GDPR_Art5_1b, DPDPA_S8"
tenant-b_log_14.json,234567890123,AWS_ACCOUNT_ID,6229,6241,"GDPR_Art5_1b, DPDPA_S8"
tenant-b_log_14.json,234567890123,AWS_ACCOUNT_ID,6393,6405,"GDPR_Art5_1b, DPDPA_S8"
tenant-b_log_14.json,234567890123,AWS_ACCOUNT_ID,6646,6658,"GDPR_Art5_1b, DPDPA_S8"
tenant-b_log_14.json,234567890123,AWS_ACCOUNT_ID,7519,7531,"GDPR_Art5_1b, DPDPA_S8"
tenant-b_log_14.json,234567890123,AWS_ACCOUNT_ID,7683,7695,"GDPR_Art5_1b, DPDPA_S8"
tenant-b_log_14.json,234567890123,AWS_ACCOUNT_ID,7936,7948,"GDPR_Art5_1b, DPDPA_S8"
tenant-b_log_14.json,234567890123,AWS_ACCOUNT_ID,8805,8817,"GDPR_Art5_1b, DPDPA_S8"
tenant-b_log_14.json,234567890123,AWS_ACCOUNT_ID,8969,8981,"GDPR_Art5_1b, DPDPA_S8"
tenant-b_log_14.json,234567890123,AWS_ACCOUNT_ID,9222,9234,"GDPR_Art5_1b, DPDPA_S8"
tenant-b_log_14.json,234567890123,AWS_ACCOUNT_ID,10098,10110,"GDPR_Art5_1b, DPDPA_S8"
tenant-b_log_14.json,234567890123,AWS_ACCOUNT_ID,10262,10274,"GDPR_Art5_1b, DPDPA_S8"
tenant-b_log_14.json,234567890123,AWS_ACCOUNT_ID,10514,10526,"GDPR_Art5_1b, DPDPA_S8"
tenant-b_log_14.json,234567890123,AWS_ACCOUNT_ID,11378,11390,"GDPR_Art5_1b, DPDPA_S8"
tenant-b_log_14.json,234567890123,AWS_ACCOUNT_ID,11542,11554,"GDPR_Art5_1b, DPDPA_S8"
tenant-b_log_14.json,234567890123,AWS_ACCOUNT_ID,11794,11806,"GDPR_Art5_1b, DPDPA_S8"
tenant-b_log_14.json,234567890123,AWS_ACCOUNT_ID,12651,12663,"GDPR_Art5_1b, DPDPA_S8"
tenant-b_log_14.json,234567890123,AWS_ACCOUNT_ID,12815,12827,"GDPR_Art5_1b, DPDPA_S8"
tenant-b_log_14.json,234567890123,AWS_ACCOUNT_ID,13068,13080,"GDPR_Art5_1b, DPDPA_S8"
tenant-b_log_14.json,234567890123,AWS_ACCOUNT_ID,13926,13938,"GDPR_Art5_1b, DPDPA_S8"
tenant-b_log_14.json,234567890123,AWS_ACCOUNT_ID,14090,14102,"GDPR_Art5_1b, DPDPA_S8"
tenant-b_log_14.json,234567890123,AWS_ACCOUNT_ID,14342,14354,"GDPR_Art5_1b, DPDPA_S8"
tenant-b_log_14.json,234567890123,AWS_ACCOUNT_ID,15197,15209,"GDPR_Art5_1b, DPDPA_S8"
tenant-b_log_14.json,234567890123,AWS_ACCOUNT_ID,15361,15373,"GDPR_Art5_1b, DPDPA_S8"
tenant-b_log_14.json,234567890123,AWS_ACCOUNT_ID,15613,15625,"GDPR_Art5_1b, DPDPA_S8"
tenant-b_log_14.json,234567890123,AWS_ACCOUNT_ID,16471,16483,"GDPR_Art5_1b, DPDPA_S8"
tenant-b_log_14.json,234567890123,AWS_ACCOUNT_ID,16635,16647,"GDPR_Art5_1b, DPDPA_S8"
tenant-b_log_14.json,234567890123,AWS_ACCOUNT_ID,16888,16900,"GDPR_Art5_1b, DPDPA_S8"
tenant-b_log_14.json,234567890123,AWS_ACCOUNT_ID,17760,17772,"GDPR_Art5_1b, DPDPA_S8"
tenant-b_log_14.json,234567890123,AWS_ACCOUNT_ID,17924,17936,"GDPR_Art5_1b, DPDPA_S8"
tenant-b_log_14.json,234567890123,AWS_ACCOUNT_ID,18176,18188,"GDPR_Art5_1b, DPDPA_S8"
tenant-b_log_14.json,234567890123,AWS_ACCOUNT_ID,19050,19062,"GDPR_Art5_1b, DPDPA_S8"
tenant-b_log_14.json,234567890123,AWS_ACCOUNT_ID,19214,19226,"GDPR_Art5_1b, DPDPA_S8"
tenant-b_log_14.json,234567890123,AWS_ACCOUNT_ID,19466,19478,"GDPR_Art5_1b, DPDPA_S8"
tenant-b_log_14.json,234567890123,AWS_ACCOUNT_ID,20333,20345,"GDPR_Art5_1b, DPDPA_S8"
tenant-b_log_14.json,234567890123,AWS_ACCOUNT_ID,20497,20509,"GDPR_Art5_1b, DPDPA_S8"
tenant-b_log_14.json,234567890123,AWS_ACCOUNT_ID,20749,20761,"GDPR_Art5_1b, DPDPA_S8"
tenant-b_log_14.json,234567890123,AWS_ACCOUNT_ID,21606,21618,"GDPR_Art5_1b, DPDPA_S8"
tenant-b_log_14.json,234567890123,AWS_ACCOUNT_ID,21770,21782,"GDPR_Art5_1b, DPDPA_S8"
tenant-b_log_14.json,234567890123,AWS_ACCOUNT_ID,22023,22035,"GDPR_Art5_1b, DPDPA_S8"
tenant-b_log_14.json,234567890123,AWS_ACCOUNT_ID,22880,22892,"GDPR_Art5_1b, DPDPA_S8"
tenant-b_log_14.json,234567890123,AWS_ACCOUNT_ID,23044,23056,"GDPR_Art5_1b, DPDPA_S8"
tenant-b_log_14.json,234567890123,AWS_ACCOUNT_ID,23297,23309,"GDPR_Art5_1b, DPDPA_S8"
tenant-b_log_14.json,234567890123,AWS_ACCOUNT_ID,24167,24179,"GDPR_Art5_1b, DPDPA_S8"
tenant-b_log_14.json,234567890123,AWS_ACCOUNT_ID,24331,24343,"GDPR_Art5_1b, DPDPA_S8"
tenant-b_log_14.json,234567890123,AWS_ACCOUNT_ID,24584,24596,"GDPR_Art5_1b, DPDPA_S8"
tenant-b_log_14.json,234567890123,AWS_ACCOUNT_ID,25444,25456,"GDPR_Art5_1b, DPDPA_S8"
tenant-b_log_14.json,234567890123,AWS_ACCOUNT_ID,25608,25620,"GDPR_Art5_1b, DPDPA_S8"
tenant-b_log_15.json,eve.patel,PERSON,284,293,"GDPR_Art5_1a, DPDPA_S8"
tenant-b_log_15.json,eve.patel,PERSON,1558,1567,"GDPR_Art5_1a, DPDPA_S8"
tenant-b_log_15.json,frank.nair,PERSON,2832,2842,"GDPR_Art5_1a, DPDPA_S8"
tenant-b_log_15.json,eve.patel,PERSON,4118,4127,"GDPR_Art5_1a, DPDPA_S8"
tenant-b_log_15.json,david.raj,PERSON,5406,5415,"GDPR_Art5_1a, DPDPA_S8"
tenant-b_log_15.json,eve.patel,PERSON,6682,6691,"GDPR_Art5_1a, DPDPA_S8"
tenant-b_log_15.json,eve.patel,PERSON,7964,7973,"GDPR_Art5_1a, DPDPA_S8"
tenant-b_log_15.json,frank.nair,PERSON,9255,9265,"GDPR_Art5_1a, DPDPA_S8"
tenant-b_log_15.json,david.raj,PERSON,10529,10538,"GDPR_Art5_1a, DPDPA_S8"
tenant-b_log_15.json,david.raj,PERSON,11808,11817,"GDPR_Art5_1a, DPDPA_S8"
tenant-b_log_15.json,david.raj,PERSON,13092,13101,"GDPR_Art5_1a, DPDPA_S8"
tenant-b_log_15.json,eve.patel,PERSON,14379,14388,"GDPR_Art5_1a, DPDPA_S8"
tenant-b_log_15.json,david.raj,PERSON,15653,15662,"GDPR_Art5_1a, DPDPA_S8"
tenant-b_log_15.json,frank.nair,PERSON,16929,16939,"GDPR_Art5_1a, DPDPA_S8"
tenant-b_log_15.json,frank.nair,PERSON,18204,18214,"GDPR_Art5_1a, DPDPA_S8"
tenant-b_log_15.json,eve.patel,PERSON,19492,19501,"GDPR_Art5_1a, DPDPA_S8"
tenant-b_log_15.json,eve.patel,PERSON,20778,20787,"GDPR_Art5_1a, DPDPA_S8"
tenant-b_log_15.json,david.raj,PERSON,22063,22072,"GDPR_Art5_1a, DPDPA_S8"
tenant-b_log_15.json,eve.patel,PERSON,23340,23349,"GDPR_Art5_1a, DPDPA_S8"
tenant-b_log_15.json,eve.patel,PERSON,24628,24637,"GDPR_Art5_1a, DPDPA_S8"
tenant-b_log_15.json,10.234.88.171,IP_ADDRESS,677,690,"GDPR_Art5_1b, DPDPA_S8"
tenant-b_log_15.json,192.168.134.69,IP_ADDRESS,1951,1965,"GDPR_Art5_1b, DPDPA_S8"
tenant-b_log_15.json,192.168.148.197,IP_ADDRESS,3226,3241,"GDPR_Art5_1b, DPDPA_S8"
tenant-b_log_15.json,192.168.150.148,IP_ADDRESS,4511,4526,"GDPR_Art5_1b, DPDPA_S8"
tenant-b_log_15.json,172.20.199.38,IP_ADDRESS,5799,5812,"GDPR_Art5_1b, DPDPA_S8"
tenant-b_log_15.json,192.168.110.28,IP_ADDRESS,7075,7089,"GDPR_Art5_1b, DPDPA_S8"
tenant-b_log_15.json,10.115.182.191,IP_ADDRESS,8357,8371,"GDPR_Art5_1b, DPDPA_S8"
tenant-b_log_15.json,172.28.41.49,IP_ADDRESS,9649,9661,"GDPR_Art5_1b, DPDPA_S8"
tenant-b_log_15.json,192.168.224.227,IP_ADDRESS,10922,10937,"GDPR_Art5_1b, DPDPA_S8"
tenant-b_log_15.json,172.31.29.184,IP_ADDRESS,12201,12214,"GDPR_Art5_1b, DPDPA_S8"
tenant-b_log_15.json,192.168.169.67,IP_ADDRESS,13485,13499,"GDPR_Art5_1b, DPDPA_S8"
tenant-b_log_15.json,10.217.186.198,IP_ADDRESS,14772,14786,"GDPR_Art5_1b, DPDPA_S8"
tenant-b_log_15.json,172.23.47.120,IP_ADDRESS,16046,16059,"GDPR_Art5_1b, DPDPA_S8"
tenant-b_log_15.json,10.218.81.39,IP_ADDRESS,17323,17335,"GDPR_Art5_1b, DPDPA_S8"
tenant-b_log_15.json,10.138.184.158,IP_ADDRESS,18598,18612,"GDPR_Art5_1b, DPDPA_S8"
tenant-b_log_15.json,192.168.172.171,IP_ADDRESS,19885,19900,"GDPR_Art5_1b, DPDPA_S8"
tenant-b_log_15.json,172.20.55.254,IP_ADDRESS,21171,21184,"GDPR_Art5_1b, DPDPA_S8"
tenant-b_log_15.json,172.18.147.129,IP_ADDRESS,22456,22470,"GDPR_Art5_1b, DPDPA_S8"
tenant-b_log_15.json,192.168.143.204,IP_ADDRESS,23733,23748,"GDPR_Art5_1b, DPDPA_S8"
tenant-b_log_15.json,192.168.46.84,IP_ADDRESS,25021,25034,"GDPR_Art5_1b, DPDPA_S8"
tenant-b_log_15.json,arn:aws:iam::234567890123:user/eve.patel,AWS_ARN,183,223,"GDPR_Art5_1b, DPDPA_S8"
tenant-b_log_15.json,arn:aws:s3:::tenant-b-hr,AWS_ARN,1055,1079,"GDPR_Art5_1b, DPDPA_S8"
tenant-b_log_15.json,arn:aws:iam::234567890123:user/eve.patel,AWS_ARN,1457,1497,"GDPR_Art5_1b, DPDPA_S8"
tenant-b_log_15.json,arn:aws:s3:::tenant-b-hr,AWS_ARN,2328,2352,"GDPR_Art5_1b, DPDPA_S8"
tenant-b_log_15.json,arn:aws:iam::234567890123:user/frank.nair,AWS_ARN,2730,2771,"GDPR_Art5_1b, DPDPA_S8"
tenant-b_log_15.json,arn:aws:s3:::tenant-b-finance,AWS_ARN,3610,3639,"GDPR_Art5_1b, DPDPA_S8"
tenant-b_log_15.json,arn:aws:iam::234567890123:user/eve.patel,AWS_ARN,4017,4057,"GDPR_Art5_1b, DPDPA_S8"
tenant-b_log_15.json,arn:aws:s3:::tenant-b-finance,AWS_ARN,4898,4927,"GDPR_Art5_1b, DPDPA_S8"
tenant-b_log_15.json,arn:aws:iam::234567890123:user/david.raj,AWS_ARN,5305,5345,"GDPR_Art5_1b, DPDPA_S8"
tenant-b_log_15.json,arn:aws:s3:::tenant-b-hr,AWS_ARN,6179,6203,"GDPR_Art5_1b, DPDPA_S8"
tenant-b_log_15.json,arn:aws:iam::234567890123:user/eve.patel,AWS_ARN,6581,6621,"GDPR_Art5_1b, DPDPA_S8"
tenant-b_log_15.json,arn:aws:s3:::tenant-b-finance,AWS_ARN,7456,7485,"GDPR_Art5_1b, DPDPA_S8"
tenant-b_log_15.json,arn:aws:iam::234567890123:user/eve.patel,AWS_ARN,7863,7903,"GDPR_Art5_1b, DPDPA_S8"
tenant-b_log_15.json,arn:aws:s3:::tenant-b-finance,AWS_ARN,8746,8775,"GDPR_Art5_1b, DPDPA_S8"
tenant-b_log_15.json,arn:aws:iam::234567890123:user/frank.nair,AWS_ARN,9153,9194,"GDPR_Art5_1b, DPDPA_S8"
tenant-b_log_15.json,arn:aws:s3:::tenant-b-hr,AWS_ARN,10026,10050,"GDPR_Art5_1b, DPDPA_S8"
tenant-b_log_15.json,arn:aws:iam::234567890123:user/david.raj,AWS_ARN,10428,10468,"GDPR_Art5_1b, DPDPA_S8"
tenant-b_log_15.json,arn:aws:s3:::tenant-b-hr,AWS_ARN,11305,11329,"GDPR_Art5_1b, DPDPA_S8"
tenant-b_log_15.json,arn:aws:iam::234567890123:user/david.raj,AWS_ARN,11707,11747,"GDPR_Art5_1b, DPDPA_S8"
tenant-b_log_15.json,arn:aws:s3:::tenant-b-finance,AWS_ARN,12584,12613,"GDPR_Art5_1b, DPDPA_S8"
tenant-b_log_15.json,arn:aws:iam::234567890123:user/david.raj,AWS_ARN,12991,13031,"GDPR_Art5_1b, DPDPA_S8"
tenant-b_log_15.json,arn:aws:s3:::tenant-b-finance,AWS_ARN,13871,13900,"GDPR_Art5_1b, DPDPA_S8"
tenant-b_log_15.json,arn:aws:iam::234567890123:user/eve.patel,AWS_ARN,14278,14318,"GDPR_Art5_1b, DPDPA_S8"
tenant-b_log_15.json,arn:aws:s3:::tenant-b-hr,AWS_ARN,15150,15174,"GDPR_Art5_1b, DPDPA_S8"
tenant-b_log_15.json,arn:aws:iam::234567890123:user/david.raj,AWS_ARN,15552,15592,"GDPR_Art5_1b, DPDPA_S8"
tenant-b_log_15.json,arn:aws:s3:::tenant-b-hr,AWS_ARN,16425,16449,"GDPR_Art5_1b, DPDPA_S8"
tenant-b_log_15.json,arn:aws:iam::234567890123:user/frank.nair,AWS_ARN,16827,16868,"GDPR_Art5_1b, DPDPA_S8"
tenant-b_log_15.json,arn:aws:s3:::tenant-b-hr,AWS_ARN,17700,17724,"GDPR_Art5_1b, DPDPA_S8"
tenant-b_log_15.json,arn:aws:iam::234567890123:user/frank.nair,AWS_ARN,18102,18143,"GDPR_Art5_1b, DPDPA_S8"
tenant-b_log_15.json,arn:aws:s3:::tenant-b-finance,AWS_ARN,18984,19013,"GDPR_Art5_1b, DPDPA_S8"
tenant-b_log_15.json,arn:aws:iam::234567890123:user/eve.patel,AWS_ARN,19391,19431,"GDPR_Art5_1b, DPDPA_S8"
tenant-b_log_15.json,arn:aws:s3:::tenant-b-finance,AWS_ARN,20270,20299,"GDPR_Art5_1b, DPDPA_S8"
tenant-b_log_15.json,arn:aws:iam::234567890123:user/eve.patel,AWS_ARN,20677,20717,"GDPR_Art5_1b, DPDPA_S8"
tenant-b_log_15.json,arn:aws:s3:::tenant-b-finance,AWS_ARN,21555,21584,"GDPR_Art5_1b, DPDPA_S8"
tenant-b_log_15.json,arn:aws:iam::234567890123:user/david.raj,AWS_ARN,21962,22002,"GDPR_Art5_1b, DPDPA_S8"
tenant-b_log_15.json,arn:aws:s3:::tenant-b-hr,AWS_ARN,22837,22861,"GDPR_Art5_1b, DPDPA_S8"
tenant-b_log_15.json,arn:aws:iam::234567890123:user/eve.patel,AWS_ARN,23239,23279,"GDPR_Art5_1b, DPDPA_S8"
tenant-b_log_15.json,arn:aws:s3:::tenant-b-finance,AWS_ARN,24120,24149,"GDPR_Art5_1b, DPDPA_S8"
tenant-b_log_15.json,arn:aws:iam::234567890123:user/eve.patel,AWS_ARN,24527,24567,"GDPR_Art5_1b, DPDPA_S8"
tenant-b_log_15.json,arn:aws:s3:::tenant-b-finance,AWS_ARN,25403,25432,"GDPR_Art5_1b, DPDPA_S8"
tenant-b_log_15.json,234567890123,AWS_ACCOUNT_ID,248,260,"GDPR_Art5_1b, DPDPA_S8"
tenant-b_log_15.json,234567890123,AWS_ACCOUNT_ID,1106,1118,"GDPR_Art5_1b, DPDPA_S8"
tenant-b_log_15.json,234567890123,AWS_ACCOUNT_ID,1270,1282,"GDPR_Art5_1b, DPDPA_S8"
tenant-b_log_15.json,234567890123,AWS_ACCOUNT_ID,1522,1534,"GDPR_Art5_1b, DPDPA_S8"
tenant-b_log_15.json,234567890123,AWS_ACCOUNT_ID,2379,2391,"GDPR_Art5_1b, DPDPA_S8"
tenant-b_log_15.json,234567890123,AWS_ACCOUNT_ID,2543,2555,"GDPR_Art5_1b, DPDPA_S8"
tenant-b_log_15.json,234567890123,AWS_ACCOUNT_ID,2796,2808,"GDPR_Art5_1b, DPDPA_S8"
tenant-b_log_15.json,234567890123,AWS_ACCOUNT_ID,3666,3678,"GDPR_Art5_1b, DPDPA_S8"
tenant-b_log_15.json,234567890123,AWS_ACCOUNT_ID,3830,3842,"GDPR_Art5_1b, DPDPA_S8"
tenant-b_log_15.json,234567890123,AWS_ACCOUNT_ID,4082,4094,"GDPR_Art5_1b, DPDPA_S8"
tenant-b_log_15.json,234567890123,AWS_ACCOUNT_ID,4954,4966,"GDPR_Art5_1b, DPDPA_S8"
tenant-b_log_15.json,234567890123,AWS_ACCOUNT_ID,5118,5130,"GDPR_Art5_1b, DPDPA_S8"
tenant-b_log_15.json,234567890123,AWS_ACCOUNT_ID,5370,5382,"GDPR_Art5_1b, DPDPA_S8"
tenant-b_log_15.json,234567890123,AWS_ACCOUNT_ID,6230,6242,"GDPR_Art5_1b, DPDPA_S8"
tenant-b_log_15.json,234567890123,AWS_ACCOUNT_ID,6394,6406,"GDPR_Art5_1b, DPDPA_S8"
tenant-b_log_15.json,234567890123,AWS_ACCOUNT_ID,6646,6658,"GDPR_Art5_1b, DPDPA_S8"
tenant-b_log_15.json,234567890123,AWS_ACCOUNT_ID,7512,7524,"GDPR_Art5_1b, DPDPA_S8"
tenant-b_log_15.json,234567890123,AWS_ACCOUNT_ID,7676,7688,"GDPR_Art5_1b, DPDPA_S8"
tenant-b_log_15.json,234567890123,AWS_ACCOUNT_ID,7928,7940,"GDPR_Art5_1b, DPDPA_S8"
tenant-b_log_15.json,234567890123,AWS_ACCOUNT_ID,8802,8814,"GDPR_Art5_1b, DPDPA_S8"
tenant-b_log_15.json,234567890123,AWS_ACCOUNT_ID,8966,8978,"GDPR_Art5_1b, DPDPA_S8"
tenant-b_log_15.json,234567890123,AWS_ACCOUNT_ID,9219,9231,"GDPR_Art5_1b, DPDPA_S8"
tenant-b_log_15.json,234567890123,AWS_ACCOUNT_ID,10077,10089,"GDPR_Art5_1b, DPDPA_S8"
tenant-b_log_15.json,234567890123,AWS_ACCOUNT_ID,10241,10253,"GDPR_Art5_1b, DPDPA_S8"
tenant-b_log_15.json,234567890123,AWS_ACCOUNT_ID,10493,10505,"GDPR_Art5_1b, DPDPA_S8"
tenant-b_log_15.json,234567890123,AWS_ACCOUNT_ID,11356,11368,"GDPR_Art5_1b, DPDPA_S8"
tenant-b_log_15.json,234567890123,AWS_ACCOUNT_ID,11520,11532,"GDPR_Art5_1b, DPDPA_S8"
tenant-b_log_15.json,234567890123,AWS_ACCOUNT_ID,11772,11784,"GDPR_Art5_1b, DPDPA_S8"
tenant-b_log_15.json,234567890123,AWS_ACCOUNT_ID,12640,12652,"GDPR_Art5_1b, DPDPA_S8"
tenant-b_log_15.json,234567890123,AWS_ACCOUNT_ID,12804,12816,"GDPR_Art5_1b, DPDPA_S8"
tenant-b_log_15.json,234567890123,AWS_ACCOUNT_ID,13056,13068,"GDPR_Art5_1b, DPDPA_S8"
tenant-b_log_15.json,234567890123,AWS_ACCOUNT_ID,13927,13939,"GDPR_Art5_1b, DPDPA_S8"
tenant-b_log_15.json,234567890123,AWS_ACCOUNT_ID,14091,14103,"GDPR_Art5_1b, DPDPA_S8"
tenant-b_log_15.json,234567890123,AWS_ACCOUNT_ID,14343,14355,"GDPR_Art5_1b, DPDPA_S8"
tenant-b_log_15.json,234567890123,AWS_ACCOUNT_ID,15201,15213,"GDPR_Art5_1b, DPDPA_S8"
tenant-b_log_15.json,234567890123,AWS_ACCOUNT_ID,15365,15377,"GDPR_Art5_1b, DPDPA_S8"
tenant-b_log_15.json,234567890123,AWS_ACCOUNT_ID,15617,15629,"GDPR_Art5_1b, DPDPA_S8"
tenant-b_log_15.json,234567890123,AWS_ACCOUNT_ID,16476,16488,"GDPR_Art5_1b, DPDPA_S8"
tenant-b_log_15.json,234567890123,AWS_ACCOUNT_ID,16640,16652,"GDPR_Art5_1b, DPDPA_S8"
tenant-b_log_15.json,234567890123,AWS_ACCOUNT_ID,16893,16905,"GDPR_Art5_1b, DPDPA_S8"
tenant-b_log_15.json,234567890123,AWS_ACCOUNT_ID,17751,17763,"GDPR_Art5_1b, DPDPA_S8"
tenant-b_log_15.json,234567890123,AWS_ACCOUNT_ID,17915,17927,"GDPR_Art5_1b, DPDPA_S8"
tenant-b_log_15.json,234567890123,AWS_ACCOUNT_ID,18168,18180,"GDPR_Art5_1b, DPDPA_S8"
tenant-b_log_15.json,234567890123,AWS_ACCOUNT_ID,19040,19052,"GDPR_Art5_1b, DPDPA_S8"
tenant-b_log_15.json,234567890123,AWS_ACCOUNT_ID,19204,19216,"GDPR_Art5_1b, DPDPA_S8"
tenant-b_log_15.json,234567890123,AWS_ACCOUNT_ID,19456,19468,"GDPR_Art5_1b, DPDPA_S8"
tenant-b_log_15.json,234567890123,AWS_ACCOUNT_ID,20326,20338,"GDPR_Art5_1b, DPDPA_S8"
tenant-b_log_15.json,234567890123,AWS_ACCOUNT_ID,20490,20502,"GDPR_Art5_1b, DPDPA_S8"
tenant-b_log_15.json,234567890123,AWS_ACCOUNT_ID,20742,20754,"GDPR_Art5_1b, DPDPA_S8"
tenant-b_log_15.json,234567890123,AWS_ACCOUNT_ID,21611,21623,"GDPR_Art5_1b, DPDPA_S8"
tenant-b_log_15.json,234567890123,AWS_ACCOUNT_ID,21775,21787,"GDPR_Art5_1b, DPDPA_S8"
tenant-b_log_15.json,234567890123,AWS_ACCOUNT_ID,22027,22039,"GDPR_Art5_1b, DPDPA_S8"
tenant-b_log_15.json,234567890123,AWS_ACCOUNT_ID,22888,22900,"GDPR_Art5_1b, DPDPA_S8"
tenant-b_log_15.json,234567890123,AWS_ACCOUNT_ID,23052,23064,"GDPR_Art5_1b, DPDPA_S8"
tenant-b_log_15.json,234567890123,AWS_ACCOUNT_ID,23304,23316,"GDPR_Art5_1b, DPDPA_S8"
tenant-b_log_15.json,234567890123,AWS_ACCOUNT_ID,24176,24188,"GDPR_Art5_1b, DPDPA_S8"
tenant-b_log_15.json,234567890123,AWS_ACCOUNT_ID,24340,24352,"GDPR_Art5_1b, DPDPA_S8"
tenant-b_log_15.json,234567890123,AWS_ACCOUNT_ID,24592,24604,"GDPR_Art5_1b, DPDPA_S8"
tenant-b_log_15.json,234567890123,AWS_ACCOUNT_ID,25459,25471,"GDPR_Art5_1b, DPDPA_S8"
tenant-b_log_15.json,234567890123,AWS_ACCOUNT_ID,25623,25635,"GDPR_Art5_1b, DPDPA_S8"
tenant-b_log_16.json,frank.nair,PERSON,285,295,"GDPR_Art5_1a, DPDPA_S8"
tenant-b_log_16.json,frank.nair,PERSON,1571,1581,"GDPR_Art5_1a, DPDPA_S8"
tenant-b_log_16.json,eve.patel,PERSON,2843,2852,"GDPR_Art5_1a, DPDPA_S8"
tenant-b_log_16.json,eve.patel,PERSON,4125,4134,"GDPR_Art5_1a, DPDPA_S8"
tenant-b_log_16.json,eve.patel,PERSON,5404,5413,"GDPR_Art5_1a, DPDPA_S8"
tenant-b_log_16.json,frank.nair,PERSON,6691,6701,"GDPR_Art5_1a, DPDPA_S8"
tenant-b_log_16.json,david.raj,PERSON,7975,7984,"GDPR_Art5_1a, DPDPA_S8"
tenant-b_log_16.json,frank.nair,PERSON,9249,9259,"GDPR_Art5_1a, DPDPA_S8"
tenant-b_log_16.json,eve.patel,PERSON,10525,10534,"GDPR_Art5_1a, DPDPA_S8"
tenant-b_log_16.json,eve.patel,PERSON,11818,11827,"GDPR_Art5_1a, DPDPA_S8"
tenant-b_log_16.json,frank.nair,PERSON,13099,13109,"GDPR_Art5_1a, DPDPA_S8"
tenant-b_log_16.json,frank.nair,PERSON,14376,14386,"GDPR_Art5_1a, DPDPA_S8"
tenant-b_log_16.json,frank.nair,PERSON,15664,15674,"GDPR_Art5_1a, DPDPA_S8"
tenant-b_log_16.json,frank.nair,PERSON,16938,16948,"GDPR_Art5_1a, DPDPA_S8"
tenant-b_log_16.json,frank.nair,PERSON,18226,18236,"GDPR_Art5_1a, DPDPA_S8"
tenant-b_log_16.json,eve.patel,PERSON,19512,19521,"GDPR_Art5_1a, DPDPA_S8"
tenant-b_log_16.json,eve.patel,PERSON,20798,20807,"GDPR_Art5_1a, DPDPA_S8"
tenant-b_log_16.json,david.raj,PERSON,22083,22092,"GDPR_Art5_1a, DPDPA_S8"
tenant-b_log_16.json,eve.patel,PERSON,23355,23364,"GDPR_Art5_1a, DPDPA_S8"
tenant-b_log_16.json,david.raj,PERSON,24632,24641,"GDPR_Art5_1a, DPDPA_S8"
tenant-b_log_16.json,10.14.156.24,IP_ADDRESS,679,691,"GDPR_Art5_1b, DPDPA_S8"
tenant-b_log_16.json,172.27.2.32,IP_ADDRESS,1965,1976,"GDPR_Art5_1b, DPDPA_S8"
tenant-b_log_16.json,172.29.20.177,IP_ADDRESS,3236,3249,"GDPR_Art5_1b, DPDPA_S8"
tenant-b_log_16.json,172.23.128.217,IP_ADDRESS,4518,4532,"GDPR_Art5_1b, DPDPA_S8"
tenant-b_log_16.json,172.29.89.238,IP_ADDRESS,5797,5810,"GDPR_Art5_1b, DPDPA_S8"
tenant-b_log_16.json,10.98.108.11,IP_ADDRESS,7085,7097,"GDPR_Art5_1b, DPDPA_S8"
tenant-b_log_16.json,10.97.101.39,IP_ADDRESS,8368,8380,"GDPR_Art5_1b, DPDPA_S8"
tenant-b_log_16.json,192.168.86.219,IP_ADDRESS,9643,9657,"GDPR_Art5_1b, DPDPA_S8"
tenant-b_log_16.json,192.168.250.254,IP_ADDRESS,10918,10933,"GDPR_Art5_1b, DPDPA_S8"
tenant-b_log_16.json,192.168.173.148,IP_ADDRESS,12211,12226,"GDPR_Art5_1b, DPDPA_S8"
tenant-b_log_16.json,192.168.163.194,IP_ADDRESS,13493,13508,"GDPR_Art5_1b, DPDPA_S8"
tenant-b_log_16.json,172.30.162.158,IP_ADDRESS,14770,14784,"GDPR_Art5_1b, DPDPA_S8"
tenant-b_log_16.json,172.21.5.156,IP_ADDRESS,16058,16070,"GDPR_Art5_1b, DPDPA_S8"
tenant-b_log_16.json,192.168.133.32,IP_ADDRESS,17332,17346,"GDPR_Art5_1b, DPDPA_S8"
tenant-b_log_16.json,192.168.247.31,IP_ADDRESS,18620,18634,"GDPR_Art5_1b, DPDPA_S8"
tenant-b_log_16.json,10.32.168.207,IP_ADDRESS,19905,19918,"GDPR_Art5_1b, DPDPA_S8"
tenant-b_log_16.json,10.104.239.230,IP_ADDRESS,21191,21205,"GDPR_Art5_1b, DPDPA_S8"
tenant-b_log_16.json,172.27.144.6,IP_ADDRESS,22476,22488,"GDPR_Art5_1b, DPDPA_S8"
tenant-b_log_16.json,192.168.225.112,IP_ADDRESS,23748,23763,"GDPR_Art5_1b, DPDPA_S8"
tenant-b_log_16.json,192.168.184.143,IP_ADDRESS,25025,25040,"GDPR_Art5_1b, DPDPA_S8"
tenant-b_log_16.json,arn:aws:iam::234567890123:user/frank.nair,AWS_ARN,183,224,"GDPR_Art5_1b, DPDPA_S8"
tenant-b_log_16.json,arn:aws:s3:::tenant-b-finance,AWS_ARN,1062,1091,"GDPR_Art5_1b, DPDPA_S8"
tenant-b_log_16.json,arn:aws:iam::234567890123:user/frank.nair,AWS_ARN,1469,1510,"GDPR_Art5_1b, DPDPA_S8"
tenant-b_log_16.json,arn:aws:s3:::tenant-b-hr,AWS_ARN,2340,2364,"GDPR_Art5_1b, DPDPA_S8"
tenant-b_log_16.json,arn:aws:iam::234567890123:user/eve.patel,AWS_ARN,2742,2782,"GDPR_Art5_1b, DPDPA_S8"
tenant-b_log_16.json,arn:aws:s3:::tenant-b-finance,AWS_ARN,3617,3646,"GDPR_Art5_1b, DPDPA_S8"
tenant-b_log_16.json,arn:aws:iam::234567890123:user/eve.patel,AWS_ARN,4024,4064,"GDPR_Art5_1b, DPDPA_S8"
tenant-b_log_16.json,arn:aws:s3:::tenant-b-hr,AWS_ARN,4901,4925,"GDPR_Art5_1b, DPDPA_S8"
tenant-b_log_16.json,arn:aws:iam::234567890123:user/eve.patel,AWS_ARN,5303,5343,"GDPR_Art5_1b, DPDPA_S8"
tenant-b_log_16.json,arn:aws:s3:::tenant-b-finance,AWS_ARN,6182,6211,"GDPR_Art5_1b, DPDPA_S8"
tenant-b_log_16.json,arn:aws:iam::234567890123:user/frank.nair,AWS_ARN,6589,6630,"GDPR_Art5_1b, DPDPA_S8"
tenant-b_log_16.json,arn:aws:s3:::tenant-b-finance,AWS_ARN,7467,7496,"GDPR_Art5_1b, DPDPA_S8"
tenant-b_log_16.json,arn:aws:iam::234567890123:user/david.raj,AWS_ARN,7874,7914,"GDPR_Art5_1b, DPDPA_S8"
tenant-b_log_16.json,arn:aws:s3:::tenant-b-hr,AWS_ARN,8745,8769,"GDPR_Art5_1b, DPDPA_S8"
tenant-b_log_16.json,arn:aws:iam::234567890123:user/frank.nair,AWS_ARN,9147,9188,"GDPR_Art5_1b, DPDPA_S8"
tenant-b_log_16.json,arn:aws:s3:::tenant-b-hr,AWS_ARN,10022,10046,"GDPR_Art5_1b, DPDPA_S8"
tenant-b_log_16.json,arn:aws:iam::234567890123:user/eve.patel,AWS_ARN,10424,10464,"GDPR_Art5_1b, DPDPA_S8"
tenant-b_log_16.json,arn:aws:s3:::tenant-b-finance,AWS_ARN,11310,11339,"GDPR_Art5_1b, DPDPA_S8"
tenant-b_log_16.json,arn:aws:iam::234567890123:user/eve.patel,AWS_ARN,11717,11757,"GDPR_Art5_1b, DPDPA_S8"
tenant-b_log_16.json,arn:aws:s3:::tenant-b-hr,AWS_ARN,12595,12619,"GDPR_Art5_1b, DPDPA_S8"
tenant-b_log_16.json,arn:aws:iam::234567890123:user/frank.nair,AWS_ARN,12997,13038,"GDPR_Art5_1b, DPDPA_S8"
tenant-b_log_16.json,arn:aws:s3:::tenant-b-hr,AWS_ARN,13872,13896,"GDPR_Art5_1b, DPDPA_S8"
tenant-b_log_16.json,arn:aws:iam::234567890123:user/frank.nair,AWS_ARN,14274,14315,"GDPR_Art5_1b, DPDPA_S8"
tenant-b_log_16.json,arn:aws:s3:::tenant-b-finance,AWS_ARN,15155,15184,"GDPR_Art5_1b, DPDPA_S8"
tenant-b_log_16.json,arn:aws:iam::234567890123:user/frank.nair,AWS_ARN,15562,15603,"GDPR_Art5_1b, DPDPA_S8"
tenant-b_log_16.json,arn:aws:s3:::tenant-b-hr,AWS_ARN,16434,16458,"GDPR_Art5_1b, DPDPA_S8"
tenant-b_log_16.json,arn:aws:iam::234567890123:user/frank.nair,AWS_ARN,16836,16877,"GDPR_Art5_1b, DPDPA_S8"
tenant-b_log_16.json,arn:aws:s3:::tenant-b-finance,AWS_ARN,17717,17746,"GDPR_Art5_1b, DPDPA_S8"
tenant-b_log_16.json,arn:aws:iam::234567890123:user/frank.nair,AWS_ARN,18124,18165,"GDPR_Art5_1b, DPDPA_S8"
tenant-b_log_16.json,arn:aws:s3:::tenant-b-finance,AWS_ARN,19004,19033,"GDPR_Art5_1b, DPDPA_S8"
tenant-b_log_16.json,arn:aws:iam::234567890123:user/eve.patel,AWS_ARN,19411,19451,"GDPR_Art5_1b, DPDPA_S8"
tenant-b_log_16.json,arn:aws:s3:::tenant-b-finance,AWS_ARN,20290,20319,"GDPR_Art5_1b, DPDPA_S8"
tenant-b_log_16.json,arn:aws:iam::234567890123:user/eve.patel,AWS_ARN,20697,20737,"GDPR_Art5_1b, DPDPA_S8"
tenant-b_log_16.json,arn:aws:s3:::tenant-b-finance,AWS_ARN,21575,21604,"GDPR_Art5_1b, DPDPA_S8"
tenant-b_log_16.json,arn:aws:iam::234567890123:user/david.raj,AWS_ARN,21982,22022,"GDPR_Art5_1b, DPDPA_S8"
tenant-b_log_16.json,arn:aws:s3:::tenant-b-hr,AWS_ARN,22852,22876,"GDPR_Art5_1b, DPDPA_S8"
tenant-b_log_16.json,arn:aws:iam::234567890123:user/eve.patel,AWS_ARN,23254,23294,"GDPR_Art5_1b, DPDPA_S8"
tenant-b_log_16.json,arn:aws:s3:::tenant-b-hr,AWS_ARN,24129,24153,"GDPR_Art5_1b, DPDPA_S8"
tenant-b_log_16.json,arn:aws:iam::234567890123:user/david.raj,AWS_ARN,24531,24571,"GDPR_Art5_1b, DPDPA_S8"
tenant-b_log_16.json,arn:aws:s3:::tenant-b-finance,AWS_ARN,25419,25448,"GDPR_Art5_1b, DPDPA_S8"
tenant-b_log_16.json,234567890123,AWS_ACCOUNT_ID,249,261,"GDPR_Art5_1b, DPDPA_S8"
tenant-b_log_16.json,234567890123,AWS_ACCOUNT_ID,1118,1130,"GDPR_Art5_1b, DPDPA_S8"
tenant-b_log_16.json,234567890123,AWS_ACCOUNT_ID,1282,1294,"GDPR_Art5_1b, DPDPA_S8"
tenant-b_log_16.json,234567890123,AWS_ACCOUNT_ID,1535,1547,"GDPR_Art5_1b, DPDPA_S8"
tenant-b_log_16.json,234567890123,AWS_ACCOUNT_ID,2391,2403,"GDPR_Art5_1b, DPDPA_S8"
tenant-b_log_16.json,234567890123,AWS_ACCOUNT_ID,2555,2567,"GDPR_Art5_1b, DPDPA_S8"
tenant-b_log_16.json,234567890123,AWS_ACCOUNT_ID,2807,2819,"GDPR_Art5_1b, DPDPA_S8"
tenant-b_log_16.json,234567890123,AWS_ACCOUNT_ID,3673,3685,"GDPR_Art5_1b, DPDPA_S8"
tenant-b_log_16.json,234567890123,AWS_ACCOUNT_ID,3837,3849,"GDPR_Art5_1b, DPDPA_S8"
tenant-b_log_16.json,234567890123,AWS_ACCOUNT_ID,4089,4101,"GDPR_Art5_1b, DPDPA_S8"
tenant-b_log_16.json,234567890123,AWS_ACCOUNT_ID,4952,4964,"GDPR_Art5_1b, DPDPA_S8"
tenant-b_log_16.json,234567890123,AWS_ACCOUNT_ID,5116,5128,"GDPR_Art5_1b, DPDPA_S8"
tenant-b_log_16.json,234567890123,AWS_ACCOUNT_ID,5368,5380,"GDPR_Art5_1b, DPDPA_S8"
tenant-b_log_16.json,234567890123,AWS_ACCOUNT_ID,6238,6250,"GDPR_Art5_1b, DPDPA_S8"
tenant-b_log_16.json,234567890123,AWS_ACCOUNT_ID,6402,6414,"GDPR_Art5_1b, DPDPA_S8"
tenant-b_log_16.json,234567890123,AWS_ACCOUNT_ID,6655,6667,"GDPR_Art5_1b, DPDPA_S8"
tenant-b_log_16.json,234567890123,AWS_ACCOUNT_ID,7523,7535,"GDPR_Art5_1b, DPDPA_S8"
tenant-b_log_16.json,234567890123,AWS_ACCOUNT_ID,7687,7699,"GDPR_Art5_1b, DPDPA_S8"
tenant-b_log_16.json,234567890123,AWS_ACCOUNT_ID,7939,7951,"GDPR_Art5_1b, DPDPA_S8"
tenant-b_log_16.json,234567890123,AWS_ACCOUNT_ID,8796,8808,"GDPR_Art5_1b, DPDPA_S8"
tenant-b_log_16.json,234567890123,AWS_ACCOUNT_ID,8960,8972,"GDPR_Art5_1b, DPDPA_S8"
tenant-b_log_16.json,234567890123,AWS_ACCOUNT_ID,9213,9225,"GDPR_Art5_1b, DPDPA_S8"
tenant-b_log_16.json,234567890123,AWS_ACCOUNT_ID,10073,10085,"GDPR_Art5_1b, DPDPA_S8"
tenant-b_log_16.json,234567890123,AWS_ACCOUNT_ID,10237,10249,"GDPR_Art5_1b, DPDPA_S8"
tenant-b_log_16.json,234567890123,AWS_ACCOUNT_ID,10489,10501,"GDPR_Art5_1b, DPDPA_S8"
tenant-b_log_16.json,234567890123,AWS_ACCOUNT_ID,11366,11378,"GDPR_Art5_1b, DPDPA_S8"
tenant-b_log_16.json,234567890123,AWS_ACCOUNT_ID,11530,11542,"GDPR_Art5_1b, DPDPA_S8"
tenant-b_log_16.json,234567890123,AWS_ACCOUNT_ID,11782,11794,"GDPR_Art5_1b, DPDPA_S8"
tenant-b_log_16.json,234567890123,AWS_ACCOUNT_ID,12646,12658,"GDPR_Art5_1b, DPDPA_S8"
tenant-b_log_16.json,234567890123,AWS_ACCOUNT_ID,12810,12822,"GDPR_Art5_1b, DPDPA_S8"
tenant-b_log_16.json,234567890123,AWS_ACCOUNT_ID,13063,13075,"GDPR_Art5_1b, DPDPA_S8"
tenant-b_log_16.json,234567890123,AWS_ACCOUNT_ID,13923,13935,"GDPR_Art5_1b, DPDPA_S8"
tenant-b_log_16.json,234567890123,AWS_ACCOUNT_ID,14087,14099,"GDPR_Art5_1b, DPDPA_S8"
tenant-b_log_16.json,234567890123,AWS_ACCOUNT_ID,14340,14352,"GDPR_Art5_1b, DPDPA_S8"
tenant-b_log_16.json,234567890123,AWS_ACCOUNT_ID,15211,15223,"GDPR_Art5_1b, DPDPA_S8"
tenant-b_log_16.json,234567890123,AWS_ACCOUNT_ID,15375,15387,"GDPR_Art5_1b, DPDPA_S8"
tenant-b_log_16.json,234567890123,AWS_ACCOUNT_ID,15628,15640,"GDPR_Art5_1b, DPDPA_S8"
tenant-b_log_16.json,234567890123,AWS_ACCOUNT_ID,16485,16497,"GDPR_Art5_1b, DPDPA_S8"
tenant-b_log_16.json,234567890123,AWS_ACCOUNT_ID,16649,16661,"GDPR_Art5_1b, DPDPA_S8"
tenant-b_log_16.json,234567890123,AWS_ACCOUNT_ID,16902,16914,"GDPR_Art5_1b, DPDPA_S8"
tenant-b_log_16.json,234567890123,AWS_ACCOUNT_ID,17773,17785,"GDPR_Art5_1b, DPDPA_S8"
tenant-b_log_16.json,234567890123,AWS_ACCOUNT_ID,17937,17949,"GDPR_Art5_1b, DPDPA_S8"
tenant-b_log_16.json,234567890123,AWS_ACCOUNT_ID,18190,18202,"GDPR_Art5_1b, DPDPA_S8"
tenant-b_log_16.json,234567890123,AWS_ACCOUNT_ID,19060,19072,"GDPR_Art5_1b, DPDPA_S8"
tenant-b_log_16.json,234567890123,AWS_ACCOUNT_ID,19224,19236,"GDPR_Art5_1b, DPDPA_S8"
tenant-b_log_16.json,234567890123,AWS_ACCOUNT_ID,19476,19488,"GDPR_Art5_1b, DPDPA_S8"
tenant-b_log_16.json,234567890123,AWS_ACCOUNT_ID,20346,20358,"GDPR_Art5_1b, DPDPA_S8"
tenant-b_log_16.json,234567890123,AWS_ACCOUNT_ID,20510,20522,"GDPR_Art5_1b, DPDPA_S8"
tenant-b_log_16.json,234567890123,AWS_ACCOUNT_ID,20762,20774,"GDPR_Art5_1b, DPDPA_S8"
tenant-b_log_16.json,234567890123,AWS_ACCOUNT_ID,21631,21643,"GDPR_Art5_1b, DPDPA_S8"
tenant-b_log_16.json,234567890123,AWS_ACCOUNT_ID,21795,21807,"GDPR_Art5_1b, DPDPA_S8"
tenant-b_log_16.json,234567890123,AWS_ACCOUNT_ID,22047,22059,"GDPR_Art5_1b, DPDPA_S8"
tenant-b_log_16.json,234567890123,AWS_ACCOUNT_ID,22903,22915,"GDPR_Art5_1b, DPDPA_S8"
tenant-b_log_16.json,234567890123,AWS_ACCOUNT_ID,23067,23079,"GDPR_Art5_1b, DPDPA_S8"
tenant-b_log_16.json,234567890123,AWS_ACCOUNT_ID,23319,23331,"GDPR_Art5_1b, DPDPA_S8"
tenant-b_log_16.json,234567890123,AWS_ACCOUNT_ID,24180,24192,"GDPR_Art5_1b, DPDPA_S8"
tenant-b_log_16.json,234567890123,AWS_ACCOUNT_ID,24344,24356,"GDPR_Art5_1b, DPDPA_S8"
tenant-b_log_16.json,234567890123,AWS_ACCOUNT_ID,24596,24608,"GDPR_Art5_1b, DPDPA_S8"
tenant-b_log_16.json,234567890123,AWS_ACCOUNT_ID,25475,25487,"GDPR_Art5_1b, DPDPA_S8"
tenant-b_log_16.json,234567890123,AWS_ACCOUNT_ID,25639,25651,"GDPR_Art5_1b, DPDPA_S8"
tenant-c_log_00.json,henry.das,PERSON,284,293,"GDPR_Art5_1a, DPDPA_S8"
tenant-c_log_00.json,iris.menon,PERSON,1570,1580,"GDPR_Art5_1a, DPDPA_S8"
tenant-c_log_00.json,iris.menon,PERSON,2852,2862,"GDPR_Art5_1a, DPDPA_S8"
tenant-c_log_00.json,iris.menon,PERSON,4138,4148,"GDPR_Art5_1a, DPDPA_S8"
tenant-c_log_00.json,grace.iyer,PERSON,5427,5437,"GDPR_Art5_1a, DPDPA_S8"
tenant-c_log_00.json,henry.das,PERSON,6714,6723,"GDPR_Art5_1a, DPDPA_S8"
tenant-c_log_00.json,iris.menon,PERSON,7997,8007,"GDPR_Art5_1a, DPDPA_S8"
tenant-c_log_00.json,henry.das,PERSON,9279,9288,"GDPR_Art5_1a, DPDPA_S8"
tenant-c_log_00.json,grace.iyer,PERSON,10562,10572,"GDPR_Art5_1a, DPDPA_S8"
tenant-c_log_00.json,henry.das,PERSON,11844,11853,"GDPR_Art5_1a, DPDPA_S8"
tenant-c_log_00.json,grace.iyer,PERSON,13135,13145,"GDPR_Art5_1a, DPDPA_S8"
tenant-c_log_00.json,henry.das,PERSON,14423,14432,"GDPR_Art5_1a, DPDPA_S8"
tenant-c_log_00.json,grace.iyer,PERSON,15714,15724,"GDPR_Art5_1a, DPDPA_S8"
tenant-c_log_00.json,grace.iyer,PERSON,16994,17004,"GDPR_Art5_1a, DPDPA_S8"
tenant-c_log_00.json,iris.menon,PERSON,18276,18286,"GDPR_Art5_1a, DPDPA_S8"
tenant-c_log_00.json,grace.iyer,PERSON,19561,19571,"GDPR_Art5_1a, DPDPA_S8"
tenant-c_log_00.json,grace.iyer,PERSON,20851,20861,"GDPR_Art5_1a, DPDPA_S8"
tenant-c_log_00.json,grace.iyer,PERSON,22136,22146,"GDPR_Art5_1a, DPDPA_S8"
tenant-c_log_00.json,grace.iyer,PERSON,23424,23434,"GDPR_Art5_1a, DPDPA_S8"
tenant-c_log_00.json,grace.iyer,PERSON,24710,24720,"GDPR_Art5_1a, DPDPA_S8"
tenant-c_log_00.json,henry.das,PERSON,25997,26006,"GDPR_Art5_1a, DPDPA_S8"
tenant-c_log_00.json,iris.menon,PERSON,27290,27300,"GDPR_Art5_1a, DPDPA_S8"
tenant-c_log_00.json,grace.iyer,PERSON,28574,28584,"GDPR_Art5_1a, DPDPA_S8"
tenant-c_log_00.json,grace.iyer,PERSON,29860,29870,"GDPR_Art5_1a, DPDPA_S8"
tenant-c_log_00.json,grace.iyer,PERSON,31146,31156,"GDPR_Art5_1a, DPDPA_S8"
tenant-c_log_00.json,grace.iyer,PERSON,32436,32446,"GDPR_Art5_1a, DPDPA_S8"
tenant-c_log_00.json,iris.menon,PERSON,33734,33744,"GDPR_Art5_1a, DPDPA_S8"
tenant-c_log_00.json,grace.iyer,PERSON,35018,35028,"GDPR_Art5_1a, DPDPA_S8"
tenant-c_log_00.json,iris.menon,PERSON,36302,36312,"GDPR_Art5_1a, DPDPA_S8"
tenant-c_log_00.json,iris.menon,PERSON,37588,37598,"GDPR_Art5_1a, DPDPA_S8"
tenant-c_log_00.json,henry.das,PERSON,38881,38890,"GDPR_Art5_1a, DPDPA_S8"
tenant-c_log_00.json,grace.iyer,PERSON,40171,40181,"GDPR_Art5_1a, DPDPA_S8"
tenant-c_log_00.json,iris.menon,PERSON,41463,41473,"GDPR_Art5_1a, DPDPA_S8"
tenant-c_log_00.json,henry.das,PERSON,42756,42765,"GDPR_Art5_1a, DPDPA_S8"
tenant-c_log_00.json,iris.menon,PERSON,44042,44052,"GDPR_Art5_1a, DPDPA_S8"
tenant-c_log_00.json,henry.das,PERSON,45334,45343,"GDPR_Art5_1a, DPDPA_S8"
tenant-c_log_00.json,henry.das,PERSON,46622,46631,"GDPR_Art5_1a, DPDPA_S8"
tenant-c_log_00.json,grace.iyer,PERSON,47906,47916,"GDPR_Art5_1a, DPDPA_S8"
tenant-c_log_00.json,henry.das,PERSON,49199,49208,"GDPR_Art5_1a, DPDPA_S8"
tenant-c_log_00.json,iris.menon,PERSON,50484,50494,"GDPR_Art5_1a, DPDPA_S8"
tenant-c_log_00.json,210.254.246.207,IP_ADDRESS,678,693,"GDPR_Art5_1b, DPDPA_S8"
tenant-c_log_00.json,84.29.229.151,IP_ADDRESS,1965,1978,"GDPR_Art5_1b, DPDPA_S8"
tenant-c_log_00.json,187.253.25.39,IP_ADDRESS,3247,3260,"GDPR_Art5_1b, DPDPA_S8"
tenant-c_log_00.json,219.90.100.105,IP_ADDRESS,4533,4547,"GDPR_Art5_1b, DPDPA_S8"
tenant-c_log_00.json,204.214.158.0,IP_ADDRESS,5822,5835,"GDPR_Art5_1b, DPDPA_S8"
tenant-c_log_00.json,112.64.139.127,IP_ADDRESS,7108,7122,"GDPR_Art5_1b, DPDPA_S8"
tenant-c_log_00.json,74.242.2.115,IP_ADDRESS,8392,8404,"GDPR_Art5_1b, DPDPA_S8"
tenant-c_log_00.json,68.237.218.143,IP_ADDRESS,9673,9687,"GDPR_Art5_1b, DPDPA_S8"
tenant-c_log_00.json,185.116.12.124,IP_ADDRESS,10957,10971,"GDPR_Art5_1b, DPDPA_S8"
tenant-c_log_00.json,117.113.244.115,IP_ADDRESS,12238,12253,"GDPR_Art5_1b, DPDPA_S8"
tenant-c_log_00.json,119.61.70.123,IP_ADDRESS,13530,13543,"GDPR_Art5_1b, DPDPA_S8"
tenant-c_log_00.json,156.96.212.249,IP_ADDRESS,14817,14831,"GDPR_Art5_1b, DPDPA_S8"
tenant-c_log_00.json,93.39.44.213,IP_ADDRESS,16109,16121,"GDPR_Art5_1b, DPDPA_S8"
tenant-c_log_00.json,181.225.125.35,IP_ADDRESS,17389,17403,"GDPR_Art5_1b, DPDPA_S8"
tenant-c_log_00.json,66.73.81.184,IP_ADDRESS,18671,18683,"GDPR_Art5_1b, DPDPA_S8"
tenant-c_log_00.json,165.50.99.79,IP_ADDRESS,19956,19968,"GDPR_Art5_1b, DPDPA_S8"
tenant-c_log_00.json,84.18.180.49,IP_ADDRESS,21246,21258,"GDPR_Art5_1b, DPDPA_S8"
tenant-c_log_00.json,118.190.73.18,IP_ADDRESS,22531,22544,"GDPR_Art5_1b, DPDPA_S8"
tenant-c_log_00.json,76.243.244.229,IP_ADDRESS,23819,23833,"GDPR_Art5_1b, DPDPA_S8"
tenant-c_log_00.json,22.52.223.233,IP_ADDRESS,25105,25118,"GDPR_Art5_1b, DPDPA_S8"
tenant-c_log_00.json,106.43.28.176,IP_ADDRESS,26394,26407,"GDPR_Art5_1b, DPDPA_S8"
tenant-c_log_00.json,21.134.2.150,IP_ADDRESS,27688,27700,"GDPR_Art5_1b, DPDPA_S8"
tenant-c_log_00.json,195.125.14.224,IP_ADDRESS,28972,28986,"GDPR_Art5_1b, DPDPA_S8"
tenant-c_log_00.json,49.167.58.141,IP_ADDRESS,30258,30271,"GDPR_Art5_1b, DPDPA_S8"
tenant-c_log_00.json,169.149.76.56,IP_ADDRESS,31544,31557,"GDPR_Art5_1b, DPDPA_S8"
tenant-c_log_00.json,101.240.110.148,IP_ADDRESS,32834,32849,"GDPR_Art5_1b, DPDPA_S8"
tenant-c_log_00.json,156.30.0.227,IP_ADDRESS,34132,34144,"GDPR_Art5_1b, DPDPA_S8"
tenant-c_log_00.json,92.41.68.117,IP_ADDRESS,35416,35428,"GDPR_Art5_1b, DPDPA_S8"
tenant-c_log_00.json,196.190.115.44,IP_ADDRESS,36700,36714,"GDPR_Art5_1b, DPDPA_S8"
tenant-c_log_00.json,215.168.46.80,IP_ADDRESS,37986,37999,"GDPR_Art5_1b, DPDPA_S8"
tenant-c_log_00.json,78.169.156.206,IP_ADDRESS,39278,39292,"GDPR_Art5_1b, DPDPA_S8"
tenant-c_log_00.json,116.191.3.49,IP_ADDRESS,40569,40581,"GDPR_Art5_1b, DPDPA_S8"
tenant-c_log_00.json,194.60.27.205,IP_ADDRESS,41861,41874,"GDPR_Art5_1b, DPDPA_S8"
tenant-c_log_00.json,162.119.104.149,IP_ADDRESS,43153,43168,"GDPR_Art5_1b, DPDPA_S8"
tenant-c_log_00.json,99.34.233.38,IP_ADDRESS,44440,44452,"GDPR_Art5_1b, DPDPA_S8"
tenant-c_log_00.json,154.89.163.151,IP_ADDRESS,45731,45745,"GDPR_Art5_1b, DPDPA_S8"
tenant-c_log_00.json,42.2.63.46,IP_ADDRESS,47019,47029,"GDPR_Art5_1b, DPDPA_S8"
tenant-c_log_00.json,132.54.48.168,IP_ADDRESS,48304,48317,"GDPR_Art5_1b, DPDPA_S8"
tenant-c_log_00.json,17.76.4.60,IP_ADDRESS,49596,49606,"GDPR_Art5_1b, DPDPA_S8"
tenant-c_log_00.json,23.112.142.197,IP_ADDRESS,50882,50896,"GDPR_Art5_1b, DPDPA_S8"
tenant-c_log_00.json,arn:aws:iam::345678901234:user/henry.das,AWS_ARN,183,223,"GDPR_Art5_1b, DPDPA_S8"
tenant-c_log_00.json,arn:aws:s3:::tenant-c-prod,AWS_ARN,1064,1090,"GDPR_Art5_1b, DPDPA_S8"
tenant-c_log_00.json,arn:aws:iam::345678901234:user/iris.menon,AWS_ARN,1468,1509,"GDPR_Art5_1b, DPDPA_S8"
tenant-c_log_00.json,arn:aws:s3:::tenant-c-prod,AWS_ARN,2346,2372,"GDPR_Art5_1b, DPDPA_S8"
tenant-c_log_00.json,arn:aws:iam::345678901234:user/iris.menon,AWS_ARN,2750,2791,"GDPR_Art5_1b, DPDPA_S8"
tenant-c_log_00.json,arn:aws:s3:::tenant-c-archive,AWS_ARN,3629,3658,"GDPR_Art5_1b, DPDPA_S8"
tenant-c_log_00.json,arn:aws:iam::345678901234:user/iris.menon,AWS_ARN,4036,4077,"GDPR_Art5_1b, DPDPA_S8"
tenant-c_log_00.json,arn:aws:s3:::tenant-c-archive,AWS_ARN,4918,4947,"GDPR_Art5_1b, DPDPA_S8"
tenant-c_log_00.json,arn:aws:iam::345678901234:user/grace.iyer,AWS_ARN,5325,5366,"GDPR_Art5_1b, DPDPA_S8"
tenant-c_log_00.json,arn:aws:s3:::tenant-c-archive,AWS_ARN,6206,6235,"GDPR_Art5_1b, DPDPA_S8"
tenant-c_log_00.json,arn:aws:iam::345678901234:user/henry.das,AWS_ARN,6613,6653,"GDPR_Art5_1b, DPDPA_S8"
tenant-c_log_00.json,arn:aws:s3:::tenant-c-prod,AWS_ARN,7491,7517,"GDPR_Art5_1b, DPDPA_S8"
tenant-c_log_00.json,arn:aws:iam::345678901234:user/iris.menon,AWS_ARN,7895,7936,"GDPR_Art5_1b, DPDPA_S8"
tenant-c_log_00.json,arn:aws:s3:::tenant-c-prod,AWS_ARN,8774,8800,"GDPR_Art5_1b, DPDPA_S8"
tenant-c_log_00.json,arn:aws:iam::345678901234:user/henry.das,AWS_ARN,9178,9218,"GDPR_Art5_1b, DPDPA_S8"
tenant-c_log_00.json,arn:aws:s3:::tenant-c-prod,AWS_ARN,10056,10082,"GDPR_Art5_1b, DPDPA_S8"
tenant-c_log_00.json,arn:aws:iam::345678901234:user/grace.iyer,AWS_ARN,10460,10501,"GDPR_Art5_1b, DPDPA_S8"
tenant-c_log_00.json,arn:aws:s3:::tenant-c-prod,AWS_ARN,11339,11365,"GDPR_Art5_1b, DPDPA_S8"
tenant-c_log_00.json,arn:aws:iam::345678901234:user/henry.das,AWS_ARN,11743,11783,"GDPR_Art5_1b, DPDPA_S8"
tenant-c_log_00.json,arn:aws:s3:::tenant-c-archive,AWS_ARN,12626,12655,"GDPR_Art5_1b, DPDPA_S8"
tenant-c_log_00.json,arn:aws:iam::345678901234:user/grace.iyer,AWS_ARN,13033,13074,"GDPR_Art5_1b, DPDPA_S8"
tenant-c_log_00.json,arn:aws:s3:::tenant-c-archive,AWS_ARN,13915,13944,"GDPR_Art5_1b, DPDPA_S8"
tenant-c_log_00.json,arn:aws:iam::345678901234:user/henry.das,AWS_ARN,14322,14362,"GDPR_Art5_1b, DPDPA_S8"
tenant-c_log_00.json,arn:aws:s3:::tenant-c-archive,AWS_ARN,15205,15234,"GDPR_Art5_1b, DPDPA_S8"
tenant-c_log_00.json,arn:aws:iam::345678901234:user/grace.iyer,AWS_ARN,15612,15653,"GDPR_Art5_1b, DPDPA_S8"
tenant-c_log_00.json,arn:aws:s3:::tenant-c-prod,AWS_ARN,16488,16514,"GDPR_Art5_1b, DPDPA_S8"
tenant-c_log_00.json,arn:aws:iam::345678901234:user/grace.iyer,AWS_ARN,16892,16933,"GDPR_Art5_1b, DPDPA_S8"
tenant-c_log_00.json,arn:aws:s3:::tenant-c-prod,AWS_ARN,17770,17796,"GDPR_Art5_1b, DPDPA_S8"
tenant-c_log_00.json,arn:aws:iam::345678901234:user/iris.menon,AWS_ARN,18174,18215,"GDPR_Art5_1b, DPDPA_S8"
tenant-c_log_00.json,arn:aws:s3:::tenant-c-prod,AWS_ARN,19055,19081,"GDPR_Art5_1b, DPDPA_S8"
tenant-c_log_00.json,arn:aws:iam::345678901234:user/grace.iyer,AWS_ARN,19459,19500,"GDPR_Art5_1b, DPDPA_S8"
tenant-c_log_00.json,arn:aws:s3:::tenant-c-archive,AWS_ARN,20342,20371,"GDPR_Art5_1b, DPDPA_S8"
tenant-c_log_00.json,arn:aws:iam::345678901234:user/grace.iyer,AWS_ARN,20749,20790,"GDPR_Art5_1b, DPDPA_S8"
tenant-c_log_00.json,arn:aws:s3:::tenant-c-prod,AWS_ARN,21630,21656,"GDPR_Art5_1b, DPDPA_S8"
tenant-c_log_00.json,arn:aws:iam::345678901234:user/grace.iyer,AWS_ARN,22034,22075,"GDPR_Art5_1b, DPDPA_S8"
tenant-c_log_00.json,arn:aws:s3:::tenant-c-archive,AWS_ARN,22915,22944,"GDPR_Art5_1b, DPDPA_S8"
tenant-c_log_00.json,arn:aws:iam::345678901234:user/grace.iyer,AWS_ARN,23322,23363,"GDPR_Art5_1b, DPDPA_S8"
tenant-c_log_00.json,arn:aws:s3:::tenant-c-prod,AWS_ARN,24204,24230,"GDPR_Art5_1b, DPDPA_S8"
tenant-c_log_00.json,arn:aws:iam::345678901234:user/grace.iyer,AWS_ARN,24608,24649,"GDPR_Art5_1b, DPDPA_S8"
tenant-c_log_00.json,arn:aws:s3:::tenant-c-archive,AWS_ARN,25489,25518,"GDPR_Art5_1b, DPDPA_S8"
tenant-c_log_00.json,arn:aws:iam::345678901234:user/henry.das,AWS_ARN,25896,25936,"GDPR_Art5_1b, DPDPA_S8"
tenant-c_log_00.json,arn:aws:s3:::tenant-c-archive,AWS_ARN,26781,26810,"GDPR_Art5_1b, DPDPA_S8"
tenant-c_log_00.json,arn:aws:iam::345678901234:user/iris.menon,AWS_ARN,27188,27229,"GDPR_Art5_1b, DPDPA_S8"
tenant-c_log_00.json,arn:aws:s3:::tenant-c-prod,AWS_ARN,28068,28094,"GDPR_Art5_1b, DPDPA_S8"
tenant-c_log_00.json,arn:aws:iam::345678901234:user/grace.iyer,AWS_ARN,28472,28513,"GDPR_Art5_1b, DPDPA_S8"
tenant-c_log_00.json,arn:aws:s3:::tenant-c-prod,AWS_ARN,29354,29380,"GDPR_Art5_1b, DPDPA_S8"
tenant-c_log_00.json,arn:aws:iam::345678901234:user/grace.iyer,AWS_ARN,29758,29799,"GDPR_Art5_1b, DPDPA_S8"
tenant-c_log_00.json,arn:aws:s3:::tenant-c-prod,AWS_ARN,30640,30666,"GDPR_Art5_1b, DPDPA_S8"
tenant-c_log_00.json,arn:aws:iam::345678901234:user/grace.iyer,AWS_ARN,31044,31085,"GDPR_Art5_1b, DPDPA_S8"
tenant-c_log_00.json,arn:aws:s3:::tenant-c-archive,AWS_ARN,31927,31956,"GDPR_Art5_1b, DPDPA_S8"
tenant-c_log_00.json,arn:aws:iam::345678901234:user/grace.iyer,AWS_ARN,32334,32375,"GDPR_Art5_1b, DPDPA_S8"
tenant-c_log_00.json,arn:aws:s3:::tenant-c-archive,AWS_ARN,33225,33254,"GDPR_Art5_1b, DPDPA_S8"
tenant-c_log_00.json,arn:aws:iam::345678901234:user/iris.menon,AWS_ARN,33632,33673,"GDPR_Art5_1b, DPDPA_S8"
tenant-c_log_00.json,arn:aws:s3:::tenant-c-prod,AWS_ARN,34512,34538,"GDPR_Art5_1b, DPDPA_S8"
tenant-c_log_00.json,arn:aws:iam::345678901234:user/grace.iyer,AWS_ARN,34916,34957,"GDPR_Art5_1b, DPDPA_S8"
tenant-c_log_00.json,arn:aws:s3:::tenant-c-prod,AWS_ARN,35796,35822,"GDPR_Art5_1b, DPDPA_S8"
tenant-c_log_00.json,arn:aws:iam::345678901234:user/iris.menon,AWS_ARN,36200,36241,"GDPR_Art5_1b, DPDPA_S8"
tenant-c_log_00.json,arn:aws:s3:::tenant-c-prod,AWS_ARN,37082,37108,"GDPR_Art5_1b, DPDPA_S8"
tenant-c_log_00.json,arn:aws:iam::345678901234:user/iris.menon,AWS_ARN,37486,37527,"GDPR_Art5_1b, DPDPA_S8"
tenant-c_log_00.json,arn:aws:s3:::tenant-c-archive,AWS_ARN,38373,38402,"GDPR_Art5_1b, DPDPA_S8"
tenant-c_log_00.json,arn:aws:iam::345678901234:user/henry.das,AWS_ARN,38780,38820,"GDPR_Art5_1b, DPDPA_S8"
tenant-c_log_00.json,arn:aws:s3:::tenant-c-archive,AWS_ARN,39662,39691,"GDPR_Art5_1b, DPDPA_S8"
tenant-c_log_00.json,arn:aws:iam::345678901234:user/grace.iyer,AWS_ARN,40069,40110,"GDPR_Art5_1b, DPDPA_S8"
tenant-c_log_00.json,arn:aws:s3:::tenant-c-archive,AWS_ARN,40954,40983,"GDPR_Art5_1b, DPDPA_S8"
tenant-c_log_00.json,arn:aws:iam::345678901234:user/iris.menon,AWS_ARN,41361,41402,"GDPR_Art5_1b, DPDPA_S8"
tenant-c_log_00.json,arn:aws:s3:::tenant-c-archive,AWS_ARN,42248,42277,"GDPR_Art5_1b, DPDPA_S8"
tenant-c_log_00.json,arn:aws:iam::345678901234:user/henry.das,AWS_ARN,42655,42695,"GDPR_Art5_1b, DPDPA_S8"
tenant-c_log_00.json,arn:aws:s3:::tenant-c-prod,AWS_ARN,43536,43562,"GDPR_Art5_1b, DPDPA_S8"
tenant-c_log_00.json,arn:aws:iam::345678901234:user/iris.menon,AWS_ARN,43940,43981,"GDPR_Art5_1b, DPDPA_S8"
tenant-c_log_00.json,arn:aws:s3:::tenant-c-archive,AWS_ARN,44826,44855,"GDPR_Art5_1b, DPDPA_S8"
tenant-c_log_00.json,arn:aws:iam::345678901234:user/henry.das,AWS_ARN,45233,45273,"GDPR_Art5_1b, DPDPA_S8"
tenant-c_log_00.json,arn:aws:s3:::tenant-c-prod,AWS_ARN,46117,46143,"GDPR_Art5_1b, DPDPA_S8"
tenant-c_log_00.json,arn:aws:iam::345678901234:user/henry.das,AWS_ARN,46521,46561,"GDPR_Art5_1b, DPDPA_S8"
tenant-c_log_00.json,arn:aws:s3:::tenant-c-prod,AWS_ARN,47400,47426,"GDPR_Art5_1b, DPDPA_S8"
tenant-c_log_00.json,arn:aws:iam::345678901234:user/grace.iyer,AWS_ARN,47804,47845,"GDPR_Art5_1b, DPDPA_S8"
tenant-c_log_00.json,arn:aws:s3:::tenant-c-archive,AWS_ARN,48691,48720,"GDPR_Art5_1b, DPDPA_S8"
tenant-c_log_00.json,arn:aws:iam::345678901234:user/henry.das,AWS_ARN,49098,49138,"GDPR_Art5_1b, DPDPA_S8"
tenant-c_log_00.json,arn:aws:s3:::tenant-c-prod,AWS_ARN,49978,50004,"GDPR_Art5_1b, DPDPA_S8"
tenant-c_log_00.json,arn:aws:iam::345678901234:user/iris.menon,AWS_ARN,50382,50423,"GDPR_Art5_1b, DPDPA_S8"
tenant-c_log_00.json,arn:aws:s3:::tenant-c-prod,AWS_ARN,51268,51294,"GDPR_Art5_1b, DPDPA_S8"
tenant-c_log_00.json,345678901234,AWS_ACCOUNT_ID,248,260,"GDPR_Art5_1b, DPDPA_S8"
tenant-c_log_00.json,345678901234,AWS_ACCOUNT_ID,1117,1129,"GDPR_Art5_1b, DPDPA_S8"
tenant-c_log_00.json,345678901234,AWS_ACCOUNT_ID,1281,1293,"GDPR_Art5_1b, DPDPA_S8"
tenant-c_log_00.json,345678901234,AWS_ACCOUNT_ID,1534,1546,"GDPR_Art5_1b, DPDPA_S8"
tenant-c_log_00.json,345678901234,AWS_ACCOUNT_ID,2399,2411,"GDPR_Art5_1b, DPDPA_S8"
tenant-c_log_00.json,345678901234,AWS_ACCOUNT_ID,2563,2575,"GDPR_Art5_1b, DPDPA_S8"
tenant-c_log_00.json,345678901234,AWS_ACCOUNT_ID,2816,2828,"GDPR_Art5_1b, DPDPA_S8"
tenant-c_log_00.json,345678901234,AWS_ACCOUNT_ID,3685,3697,"GDPR_Art5_1b, DPDPA_S8"
tenant-c_log_00.json,345678901234,AWS_ACCOUNT_ID,3849,3861,"GDPR_Art5_1b, DPDPA_S8"
tenant-c_log_00.json,345678901234,AWS_ACCOUNT_ID,4102,4114,"GDPR_Art5_1b, DPDPA_S8"
tenant-c_log_00.json,345678901234,AWS_ACCOUNT_ID,4974,4986,"GDPR_Art5_1b, DPDPA_S8"
tenant-c_log_00.json,345678901234,AWS_ACCOUNT_ID,5138,5150,"GDPR_Art5_1b, DPDPA_S8"
tenant-c_log_00.json,345678901234,AWS_ACCOUNT_ID,5391,5403,"GDPR_Art5_1b, DPDPA_S8"
tenant-c_log_00.json,345678901234,AWS_ACCOUNT_ID,6262,6274,"GDPR_Art5_1b, DPDPA_S8"
tenant-c_log_00.json,345678901234,AWS_ACCOUNT_ID,6426,6438,"GDPR_Art5_1b, DPDPA_S8"
tenant-c_log_00.json,345678901234,AWS_ACCOUNT_ID,6678,6690,"GDPR_Art5_1b, DPDPA_S8"
tenant-c_log_00.json,345678901234,AWS_ACCOUNT_ID,7544,7556,"GDPR_Art5_1b, DPDPA_S8"
tenant-c_log_00.json,345678901234,AWS_ACCOUNT_ID,7708,7720,"GDPR_Art5_1b, DPDPA_S8"
tenant-c_log_00.json,345678901234,AWS_ACCOUNT_ID,7961,7973,"GDPR_Art5_1b, DPDPA_S8"
tenant-c_log_00.json,345678901234,AWS_ACCOUNT_ID,8827,8839,"GDPR_Art5_1b, DPDPA_S8"
tenant-c_log_00.json,345678901234,AWS_ACCOUNT_ID,8991,9003,"GDPR_Art5_1b, DPDPA_S8"
tenant-c_log_00.json,345678901234,AWS_ACCOUNT_ID,9243,9255,"GDPR_Art5_1b, DPDPA_S8"
tenant-c_log_00.json,345678901234,AWS_ACCOUNT_ID,10109,10121,"GDPR_Art5_1b, DPDPA_S8"
tenant-c_log_00.json,345678901234,AWS_ACCOUNT_ID,10273,10285,"GDPR_Art5_1b, DPDPA_S8"
tenant-c_log_00.json,345678901234,AWS_ACCOUNT_ID,10526,10538,"GDPR_Art5_1b, DPDPA_S8"
tenant-c_log_00.json,345678901234,AWS_ACCOUNT_ID,11392,11404,"GDPR_Art5_1b, DPDPA_S8"
tenant-c_log_00.json,345678901234,AWS_ACCOUNT_ID,11556,11568,"GDPR_Art5_1b, DPDPA_S8"
tenant-c_log_00.json,345678901234,AWS_ACCOUNT_ID,11808,11820,"GDPR_Art5_1b, DPDPA_S8"
tenant-c_log_00.json,345678901234,AWS_ACCOUNT_ID,12682,12694,"GDPR_Art5_1b, DPDPA_S8"
tenant-c_log_00.json,345678901234,AWS_ACCOUNT_ID,12846,12858,"GDPR_Art5_1b, DPDPA_S8"
tenant-c_log_00.json,345678901234,AWS_ACCOUNT_ID,13099,13111,"GDPR_Art5_1b, DPDPA_S8"
tenant-c_log_00.json,345678901234,AWS_ACCOUNT_ID,13971,13983,"GDPR_Art5_1b, DPDPA_S8"
tenant-c_log_00.json,345678901234,AWS_ACCOUNT_ID,14135,14147,"GDPR_Art5_1b, DPDPA_S8"
tenant-c_log_00.json,345678901234,AWS_ACCOUNT_ID,14387,14399,"GDPR_Art5_1b, DPDPA_S8"
tenant-c_log_00.json,345678901234,AWS_ACCOUNT_ID,15261,15273,"GDPR_Art5_1b, DPDPA_S8"
tenant-c_log_00.json,345678901234,AWS_ACCOUNT_ID,15425,15437,"GDPR_Art5_1b, DPDPA_S8"
tenant-c_log_00.json,345678901234,AWS_ACCOUNT_ID,15678,15690,"GDPR_Art5_1b, DPDPA_S8"
tenant-c_log_00.json,345678901234,AWS_ACCOUNT_ID,16541,16553,"GDPR_Art5_1b, DPDPA_S8"
tenant-c_log_00.json,345678901234,AWS_ACCOUNT_ID,16705,16717,"GDPR_Art5_1b, DPDPA_S8"
tenant-c_log_00.json,345678901234,AWS_ACCOUNT_ID,16958,16970,"GDPR_Art5_1b, DPDPA_S8"
tenant-c_log_00.json,345678901234,AWS_ACCOUNT_ID,17823,17835,"GDPR_Art5_1b, DPDPA_S8"
tenant-c_log_00.json,345678901234,AWS_ACCOUNT_ID,17987,17999,"GDPR_Art5_1b, DPDPA_S8"
tenant-c_log_00.json,345678901234,AWS_ACCOUNT_ID,18240,18252,"GDPR_Art5_1b, DPDPA_S8"
tenant-c_log_00.json,345678901234,AWS_ACCOUNT_ID,19108,19120,"GDPR_Art5_1b, DPDPA_S8"
tenant-c_log_00.json,345678901234,AWS_ACCOUNT_ID,19272,19284,"GDPR_Art5_1b, DPDPA_S8"
tenant-c_log_00.json,345678901234,AWS_ACCOUNT_ID,19525,19537,"GDPR_Art5_1b, DPDPA_S8"
tenant-c_log_00.json,345678901234,AWS_ACCOUNT_ID,20398,20410,"GDPR_Art5_1b, DPDPA_S8"
tenant-c_log_00.json,345678901234,AWS_ACCOUNT_ID,20562,20574,"GDPR_Art5_1b, DPDPA_S8"
tenant-c_log_00.json,345678901234,AWS_ACCOUNT_ID,20815,20827,"GDPR_Art5_1b, DPDPA_S8"
tenant-c_log_00.json,345678901234,AWS_ACCOUNT_ID,21683,21695,"GDPR_Art5_1b, DPDPA_S8"
tenant-c_log_00.json,345678901234,AWS_ACCOUNT_ID,21847,21859,"GDPR_Art5_1b, DPDPA_S8"
tenant-c_log_00.json,345678901234,AWS_ACCOUNT_ID,22100,22112,"GDPR_Art5_1b, DPDPA_S8"
tenant-c_log_00.json,345678901234,AWS_ACCOUNT_ID,22971,22983,"GDPR_Art5_1b, DPDPA_S8"
tenant-c_log_00.json,345678901234,AWS_ACCOUNT_ID,23135,23147,"GDPR_Art5_1b, DPDPA_S8"
tenant-c_log_00.json,345678901234,AWS_ACCOUNT_ID,23388,23400,"GDPR_Art5_1b, DPDPA_S8"
tenant-c_log_00.json,345678901234,AWS_ACCOUNT_ID,24257,24269,"GDPR_Art5_1b, DPDPA_S8"
tenant-c_log_00.json,345678901234,AWS_ACCOUNT_ID,24421,24433,"GDPR_Art5_1b, DPDPA_S8"
tenant-c_log_00.json,345678901234,AWS_ACCOUNT_ID,24674,24686,"GDPR_Art5_1b, DPDPA_S8"
tenant-c_log_00.json,345678901234,AWS_ACCOUNT_ID,25545,25557,"GDPR_Art5_1b, DPDPA_S8"
tenant-c_log_00.json,345678901234,AWS_ACCOUNT_ID,25709,25721,"GDPR_Art5_1b, DPDPA_S8"
tenant-c_log_00.json,345678901234,AWS_ACCOUNT_ID,25961,25973,"GDPR_Art5_1b, DPDPA_S8"
tenant-c_log_00.json,345678901234,AWS_ACCOUNT_ID,26837,26849,"GDPR_Art5_1b, DPDPA_S8"
tenant-c_log_00.json,345678901234,AWS_ACCOUNT_ID,27001,27013,"GDPR_Art5_1b, DPDPA_S8"
tenant-c_log_00.json,345678901234,AWS_ACCOUNT_ID,27254,27266,"GDPR_Art5_1b, DPDPA_S8"
tenant-c_log_00.json,345678901234,AWS_ACCOUNT_ID,28121,28133,"GDPR_Art5_1b, DPDPA_S8"
tenant-c_log_00.json,345678901234,AWS_ACCOUNT_ID,28285,28297,"GDPR_Art5_1b, DPDPA_S8"
tenant-c_log_00.json,345678901234,AWS_ACCOUNT_ID,28538,28550,"GDPR_Art5_1b, DPDPA_S8"
tenant-c_log_00.json,345678901234,AWS_ACCOUNT_ID,29407,29419,"GDPR_Art5_1b, DPDPA_S8"
tenant-c_log_00.json,345678901234,AWS_ACCOUNT_ID,29571,29583,"GDPR_Art5_1b, DPDPA_S8"
tenant-c_log_00.json,345678901234,AWS_ACCOUNT_ID,29824,29836,"GDPR_Art5_1b, DPDPA_S8"
tenant-c_log_00.json,345678901234,AWS_ACCOUNT_ID,30693,30705,"GDPR_Art5_1b, DPDPA_S8"
tenant-c_log_00.json,345678901234,AWS_ACCOUNT_ID,30857,30869,"GDPR_Art5_1b, DPDPA_S8"
tenant-c_log_00.json,345678901234,AWS_ACCOUNT_ID,31110,31122,"GDPR_Art5_1b, DPDPA_S8"
tenant-c_log_00.json,345678901234,AWS_ACCOUNT_ID,31983,31995,"GDPR_Art5_1b, DPDPA_S8"
tenant-c_log_00.json,345678901234,AWS_ACCOUNT_ID,32147,32159,"GDPR_Art5_1b, DPDPA_S8"
tenant-c_log_00.json,345678901234,AWS_ACCOUNT_ID,32400,32412,"GDPR_Art5_1b, DPDPA_S8"
tenant-c_log_00.json,345678901234,AWS_ACCOUNT_ID,33281,33293,"GDPR_Art5_1b, DPDPA_S8"
tenant-c_log_00.json,345678901234,AWS_ACCOUNT_ID,33445,33457,"GDPR_Art5_1b, DPDPA_S8"
tenant-c_log_00.json,345678901234,AWS_ACCOUNT_ID,33698,33710,"GDPR_Art5_1b, DPDPA_S8"
tenant-c_log_00.json,345678901234,AWS_ACCOUNT_ID,34565,34577,"GDPR_Art5_1b, DPDPA_S8"
tenant-c_log_00.json,345678901234,AWS_ACCOUNT_ID,34729,34741,"GDPR_Art5_1b, DPDPA_S8"
tenant-c_log_00.json,345678901234,AWS_ACCOUNT_ID,34982,34994,"GDPR_Art5_1b, DPDPA_S8"
tenant-c_log_00.json,345678901234,AWS_ACCOUNT_ID,35849,35861,"GDPR_Art5_1b, DPDPA_S8"
tenant-c_log_00.json,345678901234,AWS_ACCOUNT_ID,36013,36025,"GDPR_Art5_1b, DPDPA_S8"
tenant-c_log_00.json,345678901234,AWS_ACCOUNT_ID,36266,36278,"GDPR_Art5_1b, DPDPA_S8"
tenant-c_log_00.json,345678901234,AWS_ACCOUNT_ID,37135,37147,"GDPR_Art5_1b, DPDPA_S8"
tenant-c_log_00.json,345678901234,AWS_ACCOUNT_ID,37299,37311,"GDPR_Art5_1b, DPDPA_S8"
tenant-c_log_00.json,345678901234,AWS_ACCOUNT_ID,37552,37564,"GDPR_Art5_1b, DPDPA_S8"
tenant-c_log_00.json,345678901234,AWS_ACCOUNT_ID,38429,38441,"GDPR_Art5_1b, DPDPA_S8"
tenant-c_log_00.json,345678901234,AWS_ACCOUNT_ID,38593,38605,"GDPR_Art5_1b, DPDPA_S8"
tenant-c_log_00.json,345678901234,AWS_ACCOUNT_ID,38845,38857,"GDPR_Art5_1b, DPDPA_S8"
tenant-c_log_00.json,345678901234,AWS_ACCOUNT_ID,39718,39730,"GDPR_Art5_1b, DPDPA_S8"
tenant-c_log_00.json,345678901234,AWS_ACCOUNT_ID,39882,39894,"GDPR_Art5_1b, DPDPA_S8"
tenant-c_log_00.json,345678901234,AWS_ACCOUNT_ID,40135,40147,"GDPR_Art5_1b, DPDPA_S8"
tenant-c_log_00.json,345678901234,AWS_ACCOUNT_ID,41010,41022,"GDPR_Art5_1b, DPDPA_S8"
tenant-c_log_00.json,345678901234,AWS_ACCOUNT_ID,41174,41186,"GDPR_Art5_1b, DPDPA_S8"
tenant-c_log_00.json,345678901234,AWS_ACCOUNT_ID,41427,41439,"GDPR_Art5_1b, DPDPA_S8"
tenant-c_log_00.json,345678901234,AWS_ACCOUNT_ID,42304,42316,"GDPR_Art5_1b, DPDPA_S8"
tenant-c_log_00.json,345678901234,AWS_ACCOUNT_ID,42468,42480,"GDPR_Art5_1b, DPDPA_S8"
tenant-c_log_00.json,345678901234,AWS_ACCOUNT_ID,42720,42732,"GDPR_Art5_1b, DPDPA_S8"
tenant-c_log_00.json,345678901234,AWS_ACCOUNT_ID,43589,43601,"GDPR_Art5_1b, DPDPA_S8"
tenant-c_log_00.json,345678901234,AWS_ACCOUNT_ID,43753,43765,"GDPR_Art5_1b, DPDPA_S8"
tenant-c_log_00.json,345678901234,AWS_ACCOUNT_ID,44006,44018,"GDPR_Art5_1b, DPDPA_S8"
tenant-c_log_00.json,345678901234,AWS_ACCOUNT_ID,44882,44894,"GDPR_Art5_1b, DPDPA_S8"
tenant-c_log_00.json,345678901234,AWS_ACCOUNT_ID,45046,45058,"GDPR_Art5_1b, DPDPA_S8"
tenant-c_log_00.json,345678901234,AWS_ACCOUNT_ID,45298,45310,"GDPR_Art5_1b, DPDPA_S8"
tenant-c_log_00.json,345678901234,AWS_ACCOUNT_ID,46170,46182,"GDPR_Art5_1b, DPDPA_S8"
tenant-c_log_00.json,345678901234,AWS_ACCOUNT_ID,46334,46346,"GDPR_Art5_1b, DPDPA_S8"
tenant-c_log_00.json,345678901234,AWS_ACCOUNT_ID,46586,46598,"GDPR_Art5_1b, DPDPA_S8"
tenant-c_log_00.json,345678901234,AWS_ACCOUNT_ID,47453,47465,"GDPR_Art5_1b, DPDPA_S8"
tenant-c_log_00.json,345678901234,AWS_ACCOUNT_ID,47617,47629,"GDPR_Art5_1b, DPDPA_S8"
tenant-c_log_00.json,345678901234,AWS_ACCOUNT_ID,47870,47882,"GDPR_Art5_1b, DPDPA_S8"
tenant-c_log_00.json,345678901234,AWS_ACCOUNT_ID,48747,48759,"GDPR_Art5_1b, DPDPA_S8"
tenant-c_log_00.json,345678901234,AWS_ACCOUNT_ID,48911,48923,"GDPR_Art5_1b, DPDPA_S8"
tenant-c_log_00.json,345678901234,AWS_ACCOUNT_ID,49163,49175,"GDPR_Art5_1b, DPDPA_S8"
tenant-c_log_00.json,345678901234,AWS_ACCOUNT_ID,50031,50043,"GDPR_Art5_1b, DPDPA_S8"
tenant-c_log_00.json,345678901234,AWS_ACCOUNT_ID,50195,50207,"GDPR_Art5_1b, DPDPA_S8"
tenant-c_log_00.json,345678901234,AWS_ACCOUNT_ID,50448,50460,"GDPR_Art5_1b, DPDPA_S8"
tenant-c_log_00.json,345678901234,AWS_ACCOUNT_ID,51321,51333,"GDPR_Art5_1b, DPDPA_S8"
tenant-c_log_00.json,345678901234,AWS_ACCOUNT_ID,51485,51497,"GDPR_Art5_1b, DPDPA_S8"
tenant-c_log_01.json,henry.das,PERSON,284,293,"GDPR_Art5_1a, DPDPA_S8"
tenant-c_log_01.json,grace.iyer,PERSON,1563,1573,"GDPR_Art5_1a, DPDPA_S8"
tenant-c_log_01.json,iris.menon,PERSON,2851,2861,"GDPR_Art5_1a, DPDPA_S8"
tenant-c_log_01.json,henry.das,PERSON,4134,4143,"GDPR_Art5_1a, DPDPA_S8"
tenant-c_log_01.json,iris.menon,PERSON,5423,5433,"GDPR_Art5_1a, DPDPA_S8"
tenant-c_log_01.json,grace.iyer,PERSON,6711,6721,"GDPR_Art5_1a, DPDPA_S8"
tenant-c_log_01.json,iris.menon,PERSON,7994,8004,"GDPR_Art5_1a, DPDPA_S8"
tenant-c_log_01.json,henry.das,PERSON,9282,9291,"GDPR_Art5_1a, DPDPA_S8"
tenant-c_log_01.json,iris.menon,PERSON,10562,10572,"GDPR_Art5_1a, DPDPA_S8"
tenant-c_log_01.json,henry.das,PERSON,11851,11860,"GDPR_Art5_1a, DPDPA_S8"
tenant-c_log_01.json,grace.iyer,PERSON,13136,13146,"GDPR_Art5_1a, DPDPA_S8"
tenant-c_log_01.json,henry.das,PERSON,14417,14426,"GDPR_Art5_1a, DPDPA_S8"
tenant-c_log_01.json,grace.iyer,PERSON,15699,15709,"GDPR_Art5_1a, DPDPA_S8"
tenant-c_log_01.json,iris.menon,PERSON,16981,16991,"GDPR_Art5_1a, DPDPA_S8"
tenant-c_log_01.json,iris.menon,PERSON,18266,18276,"GDPR_Art5_1a, DPDPA_S8"
tenant-c_log_01.json,iris.menon,PERSON,19550,19560,"GDPR_Art5_1a, DPDPA_S8"
tenant-c_log_01.json,henry.das,PERSON,20844,20853,"GDPR_Art5_1a, DPDPA_S8"
tenant-c_log_01.json,henry.das,PERSON,22129,22138,"GDPR_Art5_1a, DPDPA_S8"
tenant-c_log_01.json,iris.menon,PERSON,23416,23426,"GDPR_Art5_1a, DPDPA_S8"
tenant-c_log_01.json,iris.menon,PERSON,24696,24706,"GDPR_Art5_1a, DPDPA_S8"
tenant-c_log_01.json,grace.iyer,PERSON,25975,25985,"GDPR_Art5_1a, DPDPA_S8"
tenant-c_log_01.json,iris.menon,PERSON,27267,27277,"GDPR_Art5_1a, DPDPA_S8"
tenant-c_log_01.json,iris.menon,PERSON,28548,28558,"GDPR_Art5_1a, DPDPA_S8"
tenant-c_log_01.json,henry.das,PERSON,29836,29845,"GDPR_Art5_1a, DPDPA_S8"
tenant-c_log_01.json,grace.iyer,PERSON,31127,31137,"GDPR_Art5_1a, DPDPA_S8"
tenant-c_log_01.json,henry.das,PERSON,32416,32425,"GDPR_Art5_1a, DPDPA_S8"
tenant-c_log_01.json,iris.menon,PERSON,33711,33721,"GDPR_Art5_1a, DPDPA_S8"
tenant-c_log_01.json,grace.iyer,PERSON,35006,35016,"GDPR_Art5_1a, DPDPA_S8"
tenant-c_log_01.json,iris.menon,PERSON,36292,36302,"GDPR_Art5_1a, DPDPA_S8"
tenant-c_log_01.json,iris.menon,PERSON,37586,37596,"GDPR_Art5_1a, DPDPA_S8"
tenant-c_log_01.json,iris.menon,PERSON,38878,38888,"GDPR_Art5_1a, DPDPA_S8"
tenant-c_log_01.json,henry.das,PERSON,40173,40182,"GDPR_Art5_1a, DPDPA_S8"
tenant-c_log_01.json,henry.das,PERSON,41461,41470,"GDPR_Art5_1a, DPDPA_S8"
tenant-c_log_01.json,grace.iyer,PERSON,42747,42757,"GDPR_Art5_1a, DPDPA_S8"
tenant-c_log_01.json,iris.menon,PERSON,44040,44050,"GDPR_Art5_1a, DPDPA_S8"
tenant-c_log_01.json,iris.menon,PERSON,45325,45335,"GDPR_Art5_1a, DPDPA_S8"
tenant-c_log_01.json,henry.das,PERSON,46614,46623,"GDPR_Art5_1a, DPDPA_S8"
tenant-c_log_01.json,iris.menon,PERSON,47905,47915,"GDPR_Art5_1a, DPDPA_S8"
tenant-c_log_01.json,iris.menon,PERSON,49194,49204,"GDPR_Art5_1a, DPDPA_S8"
tenant-c_log_01.json,henry.das,PERSON,50483,50492,"GDPR_Art5_1a, DPDPA_S8"
tenant-c_log_01.json,141.226.170.240,IP_ADDRESS,678,693,"GDPR_Art5_1b, DPDPA_S8"
tenant-c_log_01.json,29.45.198.253,IP_ADDRESS,1958,1971,"GDPR_Art5_1b, DPDPA_S8"
tenant-c_log_01.json,96.201.65.135,IP_ADDRESS,3246,3259,"GDPR_Art5_1b, DPDPA_S8"
tenant-c_log_01.json,202.210.238.229,IP_ADDRESS,4528,4543,"GDPR_Art5_1b, DPDPA_S8"
tenant-c_log_01.json,183.235.50.120,IP_ADDRESS,5818,5832,"GDPR_Art5_1b, DPDPA_S8"
tenant-c_log_01.json,180.109.174.106,IP_ADDRESS,7106,7121,"GDPR_Art5_1b, DPDPA_S8"
tenant-c_log_01.json,139.236.200.35,IP_ADDRESS,8389,8403,"GDPR_Art5_1b, DPDPA_S8"
tenant-c_log_01.json,137.56.1.179,IP_ADDRESS,9676,9688,"GDPR_Art5_1b, DPDPA_S8"
tenant-c_log_01.json,90.166.143.98,IP_ADDRESS,10957,10970,"GDPR_Art5_1b, DPDPA_S8"
tenant-c_log_01.json,109.25.239.29,IP_ADDRESS,12245,12258,"GDPR_Art5_1b, DPDPA_S8"
tenant-c_log_01.json,22.18.105.170,IP_ADDRESS,13531,13544,"GDPR_Art5_1b, DPDPA_S8"
tenant-c_log_01.json,204.175.174.173,IP_ADDRESS,14811,14826,"GDPR_Art5_1b, DPDPA_S8"
tenant-c_log_01.json,86.110.242.158,IP_ADDRESS,16094,16108,"GDPR_Art5_1b, DPDPA_S8"
tenant-c_log_01.json,119.11.246.6,IP_ADDRESS,17376,17388,"GDPR_Art5_1b, DPDPA_S8"
tenant-c_log_01.json,83.93.117.105,IP_ADDRESS,18661,18674,"GDPR_Art5_1b, DPDPA_S8"
tenant-c_log_01.json,109.220.71.140,IP_ADDRESS,19945,19959,"GDPR_Art5_1b, DPDPA_S8"
tenant-c_log_01.json,34.228.211.86,IP_ADDRESS,21238,21251,"GDPR_Art5_1b, DPDPA_S8"
tenant-c_log_01.json,220.28.253.44,IP_ADDRESS,22523,22536,"GDPR_Art5_1b, DPDPA_S8"
tenant-c_log_01.json,194.33.150.93,IP_ADDRESS,23811,23824,"GDPR_Art5_1b, DPDPA_S8"
tenant-c_log_01.json,74.31.224.96,IP_ADDRESS,25091,25103,"GDPR_Art5_1b, DPDPA_S8"
tenant-c_log_01.json,106.247.255.81,IP_ADDRESS,26373,26387,"GDPR_Art5_1b, DPDPA_S8"
tenant-c_log_01.json,24.4.5.228,IP_ADDRESS,27665,27675,"GDPR_Art5_1b, DPDPA_S8"
tenant-c_log_01.json,51.226.192.209,IP_ADDRESS,28946,28960,"GDPR_Art5_1b, DPDPA_S8"
tenant-c_log_01.json,71.189.162.166,IP_ADDRESS,30233,30247,"GDPR_Art5_1b, DPDPA_S8"
tenant-c_log_01.json,119.158.244.240,IP_ADDRESS,31525,31540,"GDPR_Art5_1b, DPDPA_S8"
tenant-c_log_01.json,201.250.207.121,IP_ADDRESS,32813,32828,"GDPR_Art5_1b, DPDPA_S8"
tenant-c_log_01.json,1.60.103.139,IP_ADDRESS,34109,34121,"GDPR_Art5_1b, DPDPA_S8"
tenant-c_log_01.json,184.28.18.139,IP_ADDRESS,35404,35417,"GDPR_Art5_1b, DPDPA_S8"
tenant-c_log_01.json,156.200.104.247,IP_ADDRESS,36690,36705,"GDPR_Art5_1b, DPDPA_S8"
tenant-c_log_01.json,45.145.85.0,IP_ADDRESS,37984,37995,"GDPR_Art5_1b, DPDPA_S8"
tenant-c_log_01.json,11.63.87.219,IP_ADDRESS,39276,39288,"GDPR_Art5_1b, DPDPA_S8"
tenant-c_log_01.json,165.35.163.192,IP_ADDRESS,40570,40584,"GDPR_Art5_1b, DPDPA_S8"
tenant-c_log_01.json,162.147.177.165,IP_ADDRESS,41858,41873,"GDPR_Art5_1b, DPDPA_S8"
tenant-c_log_01.json,160.186.61.172,IP_ADDRESS,43145,43159,"GDPR_Art5_1b, DPDPA_S8"
tenant-c_log_01.json,153.67.38.237,IP_ADDRESS,44438,44451,"GDPR_Art5_1b, DPDPA_S8"
tenant-c_log_01.json,188.242.135.154,IP_ADDRESS,45723,45738,"GDPR_Art5_1b, DPDPA_S8"
tenant-c_log_01.json,220.247.213.71,IP_ADDRESS,47011,47025,"GDPR_Art5_1b, DPDPA_S8"
tenant-c_log_01.json,143.136.155.98,IP_ADDRESS,48303,48317,"GDPR_Art5_1b, DPDPA_S8"
tenant-c_log_01.json,101.7.65.130,IP_ADDRESS,49592,49604,"GDPR_Art5_1b, DPDPA_S8"
tenant-c_log_01.json,71.20.171.47,IP_ADDRESS,50880,50892,"GDPR_Art5_1b, DPDPA_S8"
tenant-c_log_01.json,arn:aws:iam::345678901234:user/henry.das,AWS_ARN,183,223,"GDPR_Art5_1b, DPDPA_S8"
tenant-c_log_01.json,arn:aws:s3:::tenant-c-prod,AWS_ARN,1057,1083,"GDPR_Art5_1b, DPDPA_S8"
tenant-c_log_01.json,arn:aws:iam::345678901234:user/grace.iyer,AWS_ARN,1461,1502,"GDPR_Art5_1b, DPDPA_S8"
tenant-c_log_01.json,arn:aws:s3:::tenant-c-archive,AWS_ARN,2342,2371,"GDPR_Art5_1b, DPDPA_S8"
tenant-c_log_01.json,arn:aws:iam::345678901234:user/iris.menon,AWS_ARN,2749,2790,"GDPR_Art5_1b, DPDPA_S8"
tenant-c_log_01.json,arn:aws:s3:::tenant-c-prod,AWS_ARN,3629,3655,"GDPR_Art5_1b, DPDPA_S8"
tenant-c_log_01.json,arn:aws:iam::345678901234:user/henry.das,AWS_ARN,4033,4073,"GDPR_Art5_1b, DPDPA_S8"
tenant-c_log_01.json,arn:aws:s3:::tenant-c-archive,AWS_ARN,4914,4943,"GDPR_Art5_1b, DPDPA_S8"
tenant-c_log_01.json,arn:aws:iam::345678901234:user/iris.menon,AWS_ARN,5321,5362,"GDPR_Art5_1b, DPDPA_S8"
tenant-c_log_01.json,arn:aws:s3:::tenant-c-archive,AWS_ARN,6202,6231,"GDPR_Art5_1b, DPDPA_S8"
tenant-c_log_01.json,arn:aws:iam::345678901234:user/grace.iyer,AWS_ARN,6609,6650,"GDPR_Art5_1b, DPDPA_S8"
tenant-c_log_01.json,arn:aws:s3:::tenant-c-prod,AWS_ARN,7488,7514,"GDPR_Art5_1b, DPDPA_S8"
tenant-c_log_01.json,arn:aws:iam::345678901234:user/iris.menon,AWS_ARN,7892,7933,"GDPR_Art5_1b, DPDPA_S8"
tenant-c_log_01.json,arn:aws:s3:::tenant-c-archive,AWS_ARN,8774,8803,"GDPR_Art5_1b, DPDPA_S8"
tenant-c_log_01.json,arn:aws:iam::345678901234:user/henry.das,AWS_ARN,9181,9221,"GDPR_Art5_1b, DPDPA_S8"
tenant-c_log_01.json,arn:aws:s3:::tenant-c-prod,AWS_ARN,10056,10082,"GDPR_Art5_1b, DPDPA_S8"
tenant-c_log_01.json,arn:aws:iam::345678901234:user/iris.menon,AWS_ARN,10460,10501,"GDPR_Art5_1b, DPDPA_S8"
tenant-c_log_01.json,arn:aws:s3:::tenant-c-archive,AWS_ARN,11343,11372,"GDPR_Art5_1b, DPDPA_S8"
tenant-c_log_01.json,arn:aws:iam::345678901234:user/henry.das,AWS_ARN,11750,11790,"GDPR_Art5_1b, DPDPA_S8"
tenant-c_log_01.json,arn:aws:s3:::tenant-c-archive,AWS_ARN,12627,12656,"GDPR_Art5_1b, DPDPA_S8"
tenant-c_log_01.json,arn:aws:iam::345678901234:user/grace.iyer,AWS_ARN,13034,13075,"GDPR_Art5_1b, DPDPA_S8"
tenant-c_log_01.json,arn:aws:s3:::tenant-c-prod,AWS_ARN,13912,13938,"GDPR_Art5_1b, DPDPA_S8"
tenant-c_log_01.json,arn:aws:iam::345678901234:user/henry.das,AWS_ARN,14316,14356,"GDPR_Art5_1b, DPDPA_S8"
tenant-c_log_01.json,arn:aws:s3:::tenant-c-prod,AWS_ARN,15193,15219,"GDPR_Art5_1b, DPDPA_S8"
tenant-c_log_01.json,arn:aws:iam::345678901234:user/grace.iyer,AWS_ARN,15597,15638,"GDPR_Art5_1b, DPDPA_S8"
tenant-c_log_01.json,arn:aws:s3:::tenant-c-prod,AWS_ARN,16475,16501,"GDPR_Art5_1b, DPDPA_S8"
tenant-c_log_01.json,arn:aws:iam::345678901234:user/iris.menon,AWS_ARN,16879,16920,"GDPR_Art5_1b, DPDPA_S8"
tenant-c_log_01.json,arn:aws:s3:::tenant-c-prod,AWS_ARN,17760,17786,"GDPR_Art5_1b, DPDPA_S8"
tenant-c_log_01.json,arn:aws:iam::345678901234:user/iris.menon,AWS_ARN,18164,18205,"GDPR_Art5_1b, DPDPA_S8"
tenant-c_log_01.json,arn:aws:s3:::tenant-c-prod,AWS_ARN,19044,19070,"GDPR_Art5_1b, DPDPA_S8"
tenant-c_log_01.json,arn:aws:iam::345678901234:user/iris.menon,AWS_ARN,19448,19489,"GDPR_Art5_1b, DPDPA_S8"
tenant-c_log_01.json,arn:aws:s3:::tenant-c-archive,AWS_ARN,20336,20365,"GDPR_Art5_1b, DPDPA_S8"
tenant-c_log_01.json,arn:aws:iam::345678901234:user/henry.das,AWS_ARN,20743,20783,"GDPR_Art5_1b, DPDPA_S8"
tenant-c_log_01.json,arn:aws:s3:::tenant-c-archive,AWS_ARN,21621,21650,"GDPR_Art5_1b, DPDPA_S8"
tenant-c_log_01.json,arn:aws:iam::345678901234:user/henry.das,AWS_ARN,22028,22068,"GDPR_Art5_1b, DPDPA_S8"
tenant-c_log_01.json,arn:aws:s3:::tenant-c-archive,AWS_ARN,22907,22936,"GDPR_Art5_1b, DPDPA_S8"
tenant-c_log_01.json,arn:aws:iam::345678901234:user/iris.menon,AWS_ARN,23314,23355,"GDPR_Art5_1b, DPDPA_S8"
tenant-c_log_01.json,arn:aws:s3:::tenant-c-prod,AWS_ARN,24190,24216,"GDPR_Art5_1b, DPDPA_S8"
tenant-c_log_01.json,arn:aws:iam::345678901234:user/iris.menon,AWS_ARN,24594,24635,"GDPR_Art5_1b, DPDPA_S8"
tenant-c_log_01.json,arn:aws:s3:::tenant-c-prod,AWS_ARN,25469,25495,"GDPR_Art5_1b, DPDPA_S8"
tenant-c_log_01.json,arn:aws:iam::345678901234:user/grace.iyer,AWS_ARN,25873,25914,"GDPR_Art5_1b, DPDPA_S8"
tenant-c_log_01.json,arn:aws:s3:::tenant-c-archive,AWS_ARN,26758,26787,"GDPR_Art5_1b, DPDPA_S8"
tenant-c_log_01.json,arn:aws:iam::345678901234:user/iris.menon,AWS_ARN,27165,27206,"GDPR_Art5_1b, DPDPA_S8"
tenant-c_log_01.json,arn:aws:s3:::tenant-c-prod,AWS_ARN,28042,28068,"GDPR_Art5_1b, DPDPA_S8"
tenant-c_log_01.json,arn:aws:iam::345678901234:user/iris.menon,AWS_ARN,28446,28487,"GDPR_Art5_1b, DPDPA_S8"
tenant-c_log_01.json,arn:aws:s3:::tenant-c-archive,AWS_ARN,29328,29357,"GDPR_Art5_1b, DPDPA_S8"
tenant-c_log_01.json,arn:aws:iam::345678901234:user/henry.das,AWS_ARN,29735,29775,"GDPR_Art5_1b, DPDPA_S8"
tenant-c_log_01.json,arn:aws:s3:::tenant-c-archive,AWS_ARN,30618,30647,"GDPR_Art5_1b, DPDPA_S8"
tenant-c_log_01.json,arn:aws:iam::345678901234:user/grace.iyer,AWS_ARN,31025,31066,"GDPR_Art5_1b, DPDPA_S8"
tenant-c_log_01.json,arn:aws:s3:::tenant-c-archive,AWS_ARN,31908,31937,"GDPR_Art5_1b, DPDPA_S8"
tenant-c_log_01.json,arn:aws:iam::345678901234:user/henry.das,AWS_ARN,32315,32355,"GDPR_Art5_1b, DPDPA_S8"
tenant-c_log_01.json,arn:aws:s3:::tenant-c-prod,AWS_ARN,33205,33231,"GDPR_Art5_1b, DPDPA_S8"
tenant-c_log_01.json,arn:aws:iam::345678901234:user/iris.menon,AWS_ARN,33609,33650,"GDPR_Art5_1b, DPDPA_S8"
tenant-c_log_01.json,arn:aws:s3:::tenant-c-archive,AWS_ARN,34497,34526,"GDPR_Art5_1b, DPDPA_S8"
tenant-c_log_01.json,arn:aws:iam::345678901234:user/grace.iyer,AWS_ARN,34904,34945,"GDPR_Art5_1b, DPDPA_S8"
tenant-c_log_01.json,arn:aws:s3:::tenant-c-prod,AWS_ARN,35786,35812,"GDPR_Art5_1b, DPDPA_S8"
tenant-c_log_01.json,arn:aws:iam::345678901234:user/iris.menon,AWS_ARN,36190,36231,"GDPR_Art5_1b, DPDPA_S8"
tenant-c_log_01.json,arn:aws:s3:::tenant-c-archive,AWS_ARN,37077,37106,"GDPR_Art5_1b, DPDPA_S8"
tenant-c_log_01.json,arn:aws:iam::345678901234:user/iris.menon,AWS_ARN,37484,37525,"GDPR_Art5_1b, DPDPA_S8"
tenant-c_log_01.json,arn:aws:s3:::tenant-c-archive,AWS_ARN,38369,38398,"GDPR_Art5_1b, DPDPA_S8"
tenant-c_log_01.json,arn:aws:iam::345678901234:user/iris.menon,AWS_ARN,38776,38817,"GDPR_Art5_1b, DPDPA_S8"
tenant-c_log_01.json,arn:aws:s3:::tenant-c-archive,AWS_ARN,39665,39694,"GDPR_Art5_1b, DPDPA_S8"
tenant-c_log_01.json,arn:aws:iam::345678901234:user/henry.das,AWS_ARN,40072,40112,"GDPR_Art5_1b, DPDPA_S8"
tenant-c_log_01.json,arn:aws:s3:::tenant-c-archive,AWS_ARN,40953,40982,"GDPR_Art5_1b, DPDPA_S8"
tenant-c_log_01.json,arn:aws:iam::345678901234:user/henry.das,AWS_ARN,41360,41400,"GDPR_Art5_1b, DPDPA_S8"
tenant-c_log_01.json,arn:aws:s3:::tenant-c-prod,AWS_ARN,42241,42267,"GDPR_Art5_1b, DPDPA_S8"
tenant-c_log_01.json,arn:aws:iam::345678901234:user/grace.iyer,AWS_ARN,42645,42686,"GDPR_Art5_1b, DPDPA_S8"
tenant-c_log_01.json,arn:aws:s3:::tenant-c-archive,AWS_ARN,43531,43560,"GDPR_Art5_1b, DPDPA_S8"
tenant-c_log_01.json,arn:aws:iam::345678901234:user/iris.menon,AWS_ARN,43938,43979,"GDPR_Art5_1b, DPDPA_S8"
tenant-c_log_01.json,arn:aws:s3:::tenant-c-prod,AWS_ARN,44819,44845,"GDPR_Art5_1b, DPDPA_S8"
tenant-c_log_01.json,arn:aws:iam::345678901234:user/iris.menon,AWS_ARN,45223,45264,"GDPR_Art5_1b, DPDPA_S8"
tenant-c_log_01.json,arn:aws:s3:::tenant-c-prod,AWS_ARN,46109,46135,"GDPR_Art5_1b, DPDPA_S8"
tenant-c_log_01.json,arn:aws:iam::345678901234:user/henry.das,AWS_ARN,46513,46553,"GDPR_Art5_1b, DPDPA_S8"
tenant-c_log_01.json,arn:aws:s3:::tenant-c-archive,AWS_ARN,47396,47425,"GDPR_Art5_1b, DPDPA_S8"
tenant-c_log_01.json,arn:aws:iam::345678901234:user/iris.menon,AWS_ARN,47803,47844,"GDPR_Art5_1b, DPDPA_S8"
tenant-c_log_01.json,arn:aws:s3:::tenant-c-archive,AWS_ARN,48685,48714,"GDPR_Art5_1b, DPDPA_S8"
tenant-c_log_01.json,arn:aws:iam::345678901234:user/iris.menon,AWS_ARN,49092,49133,"GDPR_Art5_1b, DPDPA_S8"
tenant-c_log_01.json,arn:aws:s3:::tenant-c-archive,AWS_ARN,49975,50004,"GDPR_Art5_1b, DPDPA_S8"
tenant-c_log_01.json,arn:aws:iam::345678901234:user/henry.das,AWS_ARN,50382,50422,"GDPR_Art5_1b, DPDPA_S8"
tenant-c_log_01.json,arn:aws:s3:::tenant-c-archive,AWS_ARN,51268,51297,"GDPR_Art5_1b, DPDPA_S8"
tenant-c_log_01.json,345678901234,AWS_ACCOUNT_ID,248,260,"GDPR_Art5_1b, DPDPA_S8"
tenant-c_log_01.json,345678901234,AWS_ACCOUNT_ID,1110,1122,"GDPR_Art5_1b, DPDPA_S8"
tenant-c_log_01.json,345678901234,AWS_ACCOUNT_ID,1274,1286,"GDPR_Art5_1b, DPDPA_S8"
tenant-c_log_01.json,345678901234,AWS_ACCOUNT_ID,1527,1539,"GDPR_Art5_1b, DPDPA_S8"
tenant-c_log_01.json,345678901234,AWS_ACCOUNT_ID,2398,2410,"GDPR_Art5_1b, DPDPA_S8"
tenant-c_log_01.json,345678901234,AWS_ACCOUNT_ID,2562,2574,"GDPR_Art5_1b, DPDPA_S8"
tenant-c_log_01.json,345678901234,AWS_ACCOUNT_ID,2815,2827,"GDPR_Art5_1b, DPDPA_S8"
tenant-c_log_01.json,345678901234,AWS_ACCOUNT_ID,3682,3694,"GDPR_Art5_1b, DPDPA_S8"
tenant-c_log_01.json,345678901234,AWS_ACCOUNT_ID,3846,3858,"GDPR_Art5_1b, DPDPA_S8"
tenant-c_log_01.json,345678901234,AWS_ACCOUNT_ID,4098,4110,"GDPR_Art5_1b, DPDPA_S8"
tenant-c_log_01.json,345678901234,AWS_ACCOUNT_ID,4970,4982,"GDPR_Art5_1b, DPDPA_S8"
tenant-c_log_01.json,345678901234,AWS_ACCOUNT_ID,5134,5146,"GDPR_Art5_1b, DPDPA_S8"
tenant-c_log_01.json,345678901234,AWS_ACCOUNT_ID,5387,5399,"GDPR_Art5_1b, DPDPA_S8"
tenant-c_log_01.json,345678901234,AWS_ACCOUNT_ID,6258,6270,"GDPR_Art5_1b, DPDPA_S8"
tenant-c_log_01.json,345678901234,AWS_ACCOUNT_ID,6422,6434,"GDPR_Art5_1b, DPDPA_S8"
tenant-c_log_01.json,345678901234,AWS_ACCOUNT_ID,6675,6687,"GDPR_Art5_1b, DPDPA_S8"
tenant-c_log_01.json,345678901234,AWS_ACCOUNT_ID,7541,7553,"GDPR_Art5_1b, DPDPA_S8"
tenant-c_log_01.json,345678901234,AWS_ACCOUNT_ID,7705,7717,"GDPR_Art5_1b, DPDPA_S8"
tenant-c_log_01.json,345678901234,AWS_ACCOUNT_ID,7958,7970,"GDPR_Art5_1b, DPDPA_S8"
tenant-c_log_01.json,345678901234,AWS_ACCOUNT_ID,8830,8842,"GDPR_Art5_1b, DPDPA_S8"
tenant-c_log_01.json,345678901234,AWS_ACCOUNT_ID,8994,9006,"GDPR_Art5_1b, DPDPA_S8"
tenant-c_log_01.json,345678901234,AWS_ACCOUNT_ID,9246,9258,"GDPR_Art5_1b, DPDPA_S8"
tenant-c_log_01.json,345678901234,AWS_ACCOUNT_ID,10109,10121,"GDPR_Art5_1b, DPDPA_S8"
tenant-c_log_01.json,345678901234,AWS_ACCOUNT_ID,10273,10285,"GDPR_Art5_1b, DPDPA_S8"
tenant-c_log_01.json,345678901234,AWS_ACCOUNT_ID,10526,10538,"GDPR_Art5_1b, DPDPA_S8"
tenant-c_log_01.json,345678901234,AWS_ACCOUNT_ID,11399,11411,"GDPR_Art5_1b, DPDPA_S8"
tenant-c_log_01.json,345678901234,AWS_ACCOUNT_ID,11563,11575,"GDPR_Art5_1b, DPDPA_S8"
tenant-c_log_01.json,345678901234,AWS_ACCOUNT_ID,11815,11827,"GDPR_Art5_1b, DPDPA_S8"
tenant-c_log_01.json,345678901234,AWS_ACCOUNT_ID,12683,12695,"GDPR_Art5_1b, DPDPA_S8"
tenant-c_log_01.json,345678901234,AWS_ACCOUNT_ID,12847,12859,"GDPR_Art5_1b, DPDPA_S8"
tenant-c_log_01.json,345678901234,AWS_ACCOUNT_ID,13100,13112,"GDPR_Art5_1b, DPDPA_S8"
tenant-c_log_01.json,345678901234,AWS_ACCOUNT_ID,13965,13977,"GDPR_Art5_1b, DPDPA_S8"
tenant-c_log_01.json,345678901234,AWS_ACCOUNT_ID,14129,14141,"GDPR_Art5_1b, DPDPA_S8"
tenant-c_log_01.json,345678901234,AWS_ACCOUNT_ID,14381,14393,"GDPR_Art5_1b, DPDPA_S8"
tenant-c_log_01.json,345678901234,AWS_ACCOUNT_ID,15246,15258,"GDPR_Art5_1b, DPDPA_S8"
tenant-c_log_01.json,345678901234,AWS_ACCOUNT_ID,15410,15422,"GDPR_Art5_1b, DPDPA_S8"
tenant-c_log_01.json,345678901234,AWS_ACCOUNT_ID,15663,15675,"GDPR_Art5_1b, DPDPA_S8"
tenant-c_log_01.json,345678901234,AWS_ACCOUNT_ID,16528,16540,"GDPR_Art5_1b, DPDPA_S8"
tenant-c_log_01.json,345678901234,AWS_ACCOUNT_ID,16692,16704,"GDPR_Art5_1b, DPDPA_S8"
tenant-c_log_01.json,345678901234,AWS_ACCOUNT_ID,16945,16957,"GDPR_Art5_1b, DPDPA_S8"
tenant-c_log_01.json,345678901234,AWS_ACCOUNT_ID,17813,17825,"GDPR_Art5_1b, DPDPA_S8"
tenant-c_log_01.json,345678901234,AWS_ACCOUNT_ID,17977,17989,"GDPR_Art5_1b, DPDPA_S8"
tenant-c_log_01.json,345678901234,AWS_ACCOUNT_ID,18230,18242,"GDPR_Art5_1b, DPDPA_S8"
tenant-c_log_01.json,345678901234,AWS_ACCOUNT_ID,19097,19109,"GDPR_Art5_1b, DPDPA_S8"
tenant-c_log_01.json,345678901234,AWS_ACCOUNT_ID,19261,19273,"GDPR_Art5_1b, DPDPA_S8"
tenant-c_log_01.json,345678901234,AWS_ACCOUNT_ID,19514,19526,"GDPR_Art5_1b, DPDPA_S8"
tenant-c_log_01.json,345678901234,AWS_ACCOUNT_ID,20392,20404,"GDPR_Art5_1b, DPDPA_S8"
tenant-c_log_01.json,345678901234,AWS_ACCOUNT_ID,20556,20568,"GDPR_Art5_1b, DPDPA_S8"
tenant-c_log_01.json,345678901234,AWS_ACCOUNT_ID,20808,20820,"GDPR_Art5_1b, DPDPA_S8"
tenant-c_log_01.json,345678901234,AWS_ACCOUNT_ID,21677,21689,"GDPR_Art5_1b, DPDPA_S8"
tenant-c_log_01.json,345678901234,AWS_ACCOUNT_ID,21841,21853,"GDPR_Art5_1b, DPDPA_S8"
tenant-c_log_01.json,345678901234,AWS_ACCOUNT_ID,22093,22105,"GDPR_Art5_1b, DPDPA_S8"
tenant-c_log_01.json,345678901234,AWS_ACCOUNT_ID,22963,22975,"GDPR_Art5_1b, DPDPA_S8"
tenant-c_log_01.json,345678901234,AWS_ACCOUNT_ID,23127,23139,"GDPR_Art5_1b, DPDPA_S8"
tenant-c_log_01.json,345678901234,AWS_ACCOUNT_ID,23380,23392,"GDPR_Art5_1b, DPDPA_S8"
tenant-c_log_01.json,345678901234,AWS_ACCOUNT_ID,24243,24255,"GDPR_Art5_1b, DPDPA_S8"
tenant-c_log_01.json,345678901234,AWS_ACCOUNT_ID,24407,24419,"GDPR_Art5_1b, DPDPA_S8"
tenant-c_log_01.json,345678901234,AWS_ACCOUNT_ID,24660,24672,"GDPR_Art5_1b, DPDPA_S8"
tenant-c_log_01.json,345678901234,AWS_ACCOUNT_ID,25522,25534,"GDPR_Art5_1b, DPDPA_S8"
tenant-c_log_01.json,345678901234,AWS_ACCOUNT_ID,25686,25698,"GDPR_Art5_1b, DPDPA_S8"
tenant-c_log_01.json,345678901234,AWS_ACCOUNT_ID,25939,25951,"GDPR_Art5_1b, DPDPA_S8"
tenant-c_log_01.json,345678901234,AWS_ACCOUNT_ID,26814,26826,"GDPR_Art5_1b, DPDPA_S8"
tenant-c_log_01.json,345678901234,AWS_ACCOUNT_ID,26978,26990,"GDPR_Art5_1b, DPDPA_S8"
tenant-c_log_01.json,345678901234,AWS_ACCOUNT_ID,27231,27243,"GDPR_Art5_1b, DPDPA_S8"
tenant-c_log_01.json,345678901234,AWS_ACCOUNT_ID,28095,28107,"GDPR_Art5_1b, DPDPA_S8"
tenant-c_log_01.json,345678901234,AWS_ACCOUNT_ID,28259,28271,"GDPR_Art5_1b, DPDPA_S8"
tenant-c_log_01.json,345678901234,AWS_ACCOUNT_ID,28512,28524,"GDPR_Art5_1b, DPDPA_S8"
tenant-c_log_01.json,345678901234,AWS_ACCOUNT_ID,29384,29396,"GDPR_Art5_1b, DPDPA_S8"
tenant-c_log_01.json,345678901234,AWS_ACCOUNT_ID,29548,29560,"GDPR_Art5_1b, DPDPA_S8"
tenant-c_log_01.json,345678901234,AWS_ACCOUNT_ID,29800,29812,"GDPR_Art5_1b, DPDPA_S8"
tenant-c_log_01.json,345678901234,AWS_ACCOUNT_ID,30674,30686,"GDPR_Art5_1b, DPDPA_S8"
tenant-c_log_01.json,345678901234,AWS_ACCOUNT_ID,30838,30850,"GDPR_Art5_1b, DPDPA_S8"
tenant-c_log_01.json,345678901234,AWS_ACCOUNT_ID,31091,31103,"GDPR_Art5_1b, DPDPA_S8"
tenant-c_log_01.json,345678901234,AWS_ACCOUNT_ID,31964,31976,"GDPR_Art5_1b, DPDPA_S8"
tenant-c_log_01.json,345678901234,AWS_ACCOUNT_ID,32128,32140,"GDPR_Art5_1b, DPDPA_S8"
tenant-c_log_01.json,345678901234,AWS_ACCOUNT_ID,32380,32392,"GDPR_Art5_1b, DPDPA_S8"
tenant-c_log_01.json,345678901234,AWS_ACCOUNT_ID,33258,33270,"GDPR_Art5_1b, DPDPA_S8"
tenant-c_log_01.json,345678901234,AWS_ACCOUNT_ID,33422,33434,"GDPR_Art5_1b, DPDPA_S8"
tenant-c_log_01.json,345678901234,AWS_ACCOUNT_ID,33675,33687,"GDPR_Art5_1b, DPDPA_S8"
tenant-c_log_01.json,345678901234,AWS_ACCOUNT_ID,34553,34565,"GDPR_Art5_1b, DPDPA_S8"
tenant-c_log_01.json,345678901234,AWS_ACCOUNT_ID,34717,34729,"GDPR_Art5_1b, DPDPA_S8"
tenant-c_log_01.json,345678901234,AWS_ACCOUNT_ID,34970,34982,"GDPR_Art5_1b, DPDPA_S8"
tenant-c_log_01.json,345678901234,AWS_ACCOUNT_ID,35839,35851,"GDPR_Art5_1b, DPDPA_S8"
tenant-c_log_01.json,345678901234,AWS_ACCOUNT_ID,36003,36015,"GDPR_Art5_1b, DPDPA_S8"
tenant-c_log_01.json,345678901234,AWS_ACCOUNT_ID,36256,36268,"GDPR_Art5_1b, DPDPA_S8"
tenant-c_log_01.json,345678901234,AWS_ACCOUNT_ID,37133,37145,"GDPR_Art5_1b, DPDPA_S8"
tenant-c_log_01.json,345678901234,AWS_ACCOUNT_ID,37297,37309,"GDPR_Art5_1b, DPDPA_S8"
tenant-c_log_01.json,345678901234,AWS_ACCOUNT_ID,37550,37562,"GDPR_Art5_1b, DPDPA_S8"
tenant-c_log_01.json,345678901234,AWS_ACCOUNT_ID,38425,38437,"GDPR_Art5_1b, DPDPA_S8"
tenant-c_log_01.json,345678901234,AWS_ACCOUNT_ID,38589,38601,"GDPR_Art5_1b, DPDPA_S8"
tenant-c_log_01.json,345678901234,AWS_ACCOUNT_ID,38842,38854,"GDPR_Art5_1b, DPDPA_S8"
tenant-c_log_01.json,345678901234,AWS_ACCOUNT_ID,39721,39733,"GDPR_Art5_1b, DPDPA_S8"
tenant-c_log_01.json,345678901234,AWS_ACCOUNT_ID,39885,39897,"GDPR_Art5_1b, DPDPA_S8"
tenant-c_log_01.json,345678901234,AWS_ACCOUNT_ID,40137,40149,"GDPR_Art5_1b, DPDPA_S8"
tenant-c_log_01.json,345678901234,AWS_ACCOUNT_ID,41009,41021,"GDPR_Art5_1b, DPDPA_S8"
tenant-c_log_01.json,345678901234,AWS_ACCOUNT_ID,41173,41185,"GDPR_Art5_1b, DPDPA_S8"
tenant-c_log_01.json,345678901234,AWS_ACCOUNT_ID,41425,41437,"GDPR_Art5_1b, DPDPA_S8"
tenant-c_log_01.json,345678901234,AWS_ACCOUNT_ID,42294,42306,"GDPR_Art5_1b, DPDPA_S8"
tenant-c_log_01.json,345678901234,AWS_ACCOUNT_ID,42458,42470,"GDPR_Art5_1b, DPDPA_S8"
tenant-c_log_01.json,345678901234,AWS_ACCOUNT_ID,42711,42723,"GDPR_Art5_1b, DPDPA_S8"
tenant-c_log_01.json,345678901234,AWS_ACCOUNT_ID,43587,43599,"GDPR_Art5_1b, DPDPA_S8"
tenant-c_log_01.json,345678901234,AWS_ACCOUNT_ID,43751,43763,"GDPR_Art5_1b, DPDPA_S8"
tenant-c_log_01.json,345678901234,AWS_ACCOUNT_ID,44004,44016,"GDPR_Art5_1b, DPDPA_S8"
tenant-c_log_01.json,345678901234,AWS_ACCOUNT_ID,44872,44884,"GDPR_Art5_1b, DPDPA_S8"
tenant-c_log_01.json,345678901234,AWS_ACCOUNT_ID,45036,45048,"GDPR_Art5_1b, DPDPA_S8"
tenant-c_log_01.json,345678901234,AWS_ACCOUNT_ID,45289,45301,"GDPR_Art5_1b, DPDPA_S8"
tenant-c_log_01.json,345678901234,AWS_ACCOUNT_ID,46162,46174,"GDPR_Art5_1b, DPDPA_S8"
tenant-c_log_01.json,345678901234,AWS_ACCOUNT_ID,46326,46338,"GDPR_Art5_1b, DPDPA_S8"
tenant-c_log_01.json,345678901234,AWS_ACCOUNT_ID,46578,46590,"GDPR_Art5_1b, DPDPA_S8"
tenant-c_log_01.json,345678901234,AWS_ACCOUNT_ID,47452,47464,"GDPR_Art5_1b, DPDPA_S8"
tenant-c_log_01.json,345678901234,AWS_ACCOUNT_ID,47616,47628,"GDPR_Art5_1b, DPDPA_S8"
tenant-c_log_01.json,345678901234,AWS_ACCOUNT_ID,47869,47881,"GDPR_Art5_1b, DPDPA_S8"
tenant-c_log_01.json,345678901234,AWS_ACCOUNT_ID,48741,48753,"GDPR_Art5_1b, DPDPA_S8"
tenant-c_log_01.json,345678901234,AWS_ACCOUNT_ID,48905,48917,"GDPR_Art5_1b, DPDPA_S8"
tenant-c_log_01.json,345678901234,AWS_ACCOUNT_ID,49158,49170,"GDPR_Art5_1b, DPDPA_S8"
tenant-c_log_01.json,345678901234,AWS_ACCOUNT_ID,50031,50043,"GDPR_Art5_1b, DPDPA_S8"
tenant-c_log_01.json,345678901234,AWS_ACCOUNT_ID,50195,50207,"GDPR_Art5_1b, DPDPA_S8"
tenant-c_log_01.json,345678901234,AWS_ACCOUNT_ID,50447,50459,"GDPR_Art5_1b, DPDPA_S8"
tenant-c_log_01.json,345678901234,AWS_ACCOUNT_ID,51324,51336,"GDPR_Art5_1b, DPDPA_S8"
tenant-c_log_01.json,345678901234,AWS_ACCOUNT_ID,51488,51500,"GDPR_Art5_1b, DPDPA_S8"
tenant-c_log_02.json,iris.menon,PERSON,285,295,"GDPR_Art5_1a, DPDPA_S8"
tenant-c_log_02.json,henry.das,PERSON,1570,1579,"GDPR_Art5_1a, DPDPA_S8"
tenant-c_log_02.json,grace.iyer,PERSON,2856,2866,"GDPR_Art5_1a, DPDPA_S8"
tenant-c_log_02.json,grace.iyer,PERSON,4142,4152,"GDPR_Art5_1a, DPDPA_S8"
tenant-c_log_02.json,henry.das,PERSON,5432,5441,"GDPR_Art5_1a, DPDPA_S8"
tenant-c_log_02.json,iris.menon,PERSON,6720,6730,"GDPR_Art5_1a, DPDPA_S8"
tenant-c_log_02.json,henry.das,PERSON,8005,8014,"GDPR_Art5_1a, DPDPA_S8"
tenant-c_log_02.json,grace.iyer,PERSON,9288,9298,"GDPR_Art5_1a, DPDPA_S8"
tenant-c_log_02.json,iris.menon,PERSON,10580,10590,"GDPR_Art5_1a, DPDPA_S8"
tenant-c_log_02.json,henry.das,PERSON,11865,11874,"GDPR_Art5_1a, DPDPA_S8"
tenant-c_log_02.json,henry.das,PERSON,13150,13159,"GDPR_Art5_1a, DPDPA_S8"
tenant-c_log_02.json,henry.das,PERSON,14435,14444,"GDPR_Art5_1a, DPDPA_S8"
tenant-c_log_02.json,grace.iyer,PERSON,15719,15729,"GDPR_Art5_1a, DPDPA_S8"
tenant-c_log_02.json,iris.menon,PERSON,16998,17008,"GDPR_Art5_1a, DPDPA_S8"
tenant-c_log_02.json,iris.menon,PERSON,18288,18298,"GDPR_Art5_1a, DPDPA_S8"
tenant-c_log_02.json,henry.das,PERSON,19570,19579,"GDPR_Art5_1a, DPDPA_S8"
tenant-c_log_02.json,henry.das,PERSON,20852,20861,"GDPR_Art5_1a, DPDPA_S8"
tenant-c_log_02.json,iris.menon,PERSON,22133,22143,"GDPR_Art5_1a, DPDPA_S8"
tenant-c_log_02.json,henry.das,PERSON,23413,23422,"GDPR_Art5_1a, DPDPA_S8"
tenant-c_log_02.json,henry.das,PERSON,24693,24702,"GDPR_Art5_1a, DPDPA_S8"
tenant-c_log_02.json,henry.das,PERSON,25979,25988,"GDPR_Art5_1a, DPDPA_S8"
tenant-c_log_02.json,iris.menon,PERSON,27262,27272,"GDPR_Art5_1a, DPDPA_S8"
tenant-c_log_02.json,grace.iyer,PERSON,28552,28562,"GDPR_Art5_1a, DPDPA_S8"
tenant-c_log_02.json,iris.menon,PERSON,29845,29855,"GDPR_Art5_1a, DPDPA_S8"
tenant-c_log_02.json,iris.menon,PERSON,31134,31144,"GDPR_Art5_1a, DPDPA_S8"
tenant-c_log_02.json,henry.das,PERSON,32419,32428,"GDPR_Art5_1a, DPDPA_S8"
tenant-c_log_02.json,iris.menon,PERSON,33702,33712,"GDPR_Art5_1a, DPDPA_S8"
tenant-c_log_02.json,grace.iyer,PERSON,34992,35002,"GDPR_Art5_1a, DPDPA_S8"
tenant-c_log_02.json,iris.menon,PERSON,36285,36295,"GDPR_Art5_1a, DPDPA_S8"
tenant-c_log_02.json,henry.das,PERSON,37576,37585,"GDPR_Art5_1a, DPDPA_S8"
tenant-c_log_02.json,grace.iyer,PERSON,38869,38879,"GDPR_Art5_1a, DPDPA_S8"
tenant-c_log_02.json,henry.das,PERSON,40162,40171,"GDPR_Art5_1a, DPDPA_S8"
tenant-c_log_02.json,grace.iyer,PERSON,41454,41464,"GDPR_Art5_1a, DPDPA_S8"
tenant-c_log_02.json,henry.das,PERSON,42741,42750,"GDPR_Art5_1a, DPDPA_S8"
tenant-c_log_02.json,iris.menon,PERSON,44032,44042,"GDPR_Art5_1a, DPDPA_S8"
tenant-c_log_02.json,henry.das,PERSON,45322,45331,"GDPR_Art5_1a, DPDPA_S8"
tenant-c_log_02.json,grace.iyer,PERSON,46616,46626,"GDPR_Art5_1a, DPDPA_S8"
tenant-c_log_02.json,grace.iyer,PERSON,47912,47922,"GDPR_Art5_1a, DPDPA_S8"
tenant-c_log_02.json,grace.iyer,PERSON,49196,49206,"GDPR_Art5_1a, DPDPA_S8"
tenant-c_log_02.json,henry.das,PERSON,50479,50488,"GDPR_Art5_1a, DPDPA_S8"
tenant-c_log_02.json,31.228.174.88,IP_ADDRESS,680,693,"GDPR_Art5_1b, DPDPA_S8"
tenant-c_log_02.json,121.201.61.89,IP_ADDRESS,1964,1977,"GDPR_Art5_1b, DPDPA_S8"
tenant-c_log_02.json,162.175.54.168,IP_ADDRESS,3251,3265,"GDPR_Art5_1b, DPDPA_S8"
tenant-c_log_02.json,143.250.65.180,IP_ADDRESS,4537,4551,"GDPR_Art5_1b, DPDPA_S8"
tenant-c_log_02.json,41.238.136.143,IP_ADDRESS,5826,5840,"GDPR_Art5_1b, DPDPA_S8"
tenant-c_log_02.json,26.126.187.44,IP_ADDRESS,7115,7128,"GDPR_Art5_1b, DPDPA_S8"
tenant-c_log_02.json,8.63.47.31,IP_ADDRESS,8399,8409,"GDPR_Art5_1b, DPDPA_S8"
tenant-c_log_02.json,115.187.187.220,IP_ADDRESS,9683,9698,"GDPR_Art5_1b, DPDPA_S8"
tenant-c_log_02.json,158.243.34.6,IP_ADDRESS,10975,10987,"GDPR_Art5_1b, DPDPA_S8"
tenant-c_log_02.json,114.3.98.133,IP_ADDRESS,12259,12271,"GDPR_Art5_1b, DPDPA_S8"
tenant-c_log_02.json,218.144.235.10,IP_ADDRESS,13544,13558,"GDPR_Art5_1b, DPDPA_S8"
tenant-c_log_02.json,124.177.77.21,IP_ADDRESS,14829,14842,"GDPR_Art5_1b, DPDPA_S8"
tenant-c_log_02.json,111.5.48.5,IP_ADDRESS,16114,16124,"GDPR_Art5_1b, DPDPA_S8"
tenant-c_log_02.json,166.222.136.207,IP_ADDRESS,17393,17408,"GDPR_Art5_1b, DPDPA_S8"
tenant-c_log_02.json,188.220.47.186,IP_ADDRESS,18683,18697,"GDPR_Art5_1b, DPDPA_S8"
tenant-c_log_02.json,19.48.58.234,IP_ADDRESS,19964,19976,"GDPR_Art5_1b, DPDPA_S8"
tenant-c_log_02.json,116.83.190.9,IP_ADDRESS,21246,21258,"GDPR_Art5_1b, DPDPA_S8"
tenant-c_log_02.json,218.38.22.72,IP_ADDRESS,22528,22540,"GDPR_Art5_1b, DPDPA_S8"
tenant-c_log_02.json,86.153.176.122,IP_ADDRESS,23807,23821,"GDPR_Art5_1b, DPDPA_S8"
tenant-c_log_02.json,86.11.38.179,IP_ADDRESS,25087,25099,"GDPR_Art5_1b, DPDPA_S8"
tenant-c_log_02.json,68.16.7.45,IP_ADDRESS,26376,26386,"GDPR_Art5_1b, DPDPA_S8"
tenant-c_log_02.json,91.101.98.87,IP_ADDRESS,27660,27672,"GDPR_Art5_1b, DPDPA_S8"
tenant-c_log_02.json,107.23.106.142,IP_ADDRESS,28950,28964,"GDPR_Art5_1b, DPDPA_S8"
tenant-c_log_02.json,138.209.153.154,IP_ADDRESS,30243,30258,"GDPR_Art5_1b, DPDPA_S8"
tenant-c_log_02.json,63.104.137.243,IP_ADDRESS,31532,31546,"GDPR_Art5_1b, DPDPA_S8"
tenant-c_log_02.json,131.30.130.11,IP_ADDRESS,32816,32829,"GDPR_Art5_1b, DPDPA_S8"
tenant-c_log_02.json,35.222.96.16,IP_ADDRESS,34100,34112,"GDPR_Art5_1b, DPDPA_S8"
tenant-c_log_02.json,52.102.134.64,IP_ADDRESS,35390,35403,"GDPR_Art5_1b, DPDPA_S8"
tenant-c_log_02.json,95.248.21.12,IP_ADDRESS,36683,36695,"GDPR_Art5_1b, DPDPA_S8"
tenant-c_log_02.json,211.132.236.112,IP_ADDRESS,37973,37988,"GDPR_Art5_1b, DPDPA_S8"
tenant-c_log_02.json,101.32.250.215,IP_ADDRESS,39267,39281,"GDPR_Art5_1b, DPDPA_S8"
tenant-c_log_02.json,169.202.224.164,IP_ADDRESS,40559,40574,"GDPR_Art5_1b, DPDPA_S8"
tenant-c_log_02.json,47.187.248.7,IP_ADDRESS,41852,41864,"GDPR_Art5_1b, DPDPA_S8"
tenant-c_log_02.json,173.104.188.218,IP_ADDRESS,43138,43153,"GDPR_Art5_1b, DPDPA_S8"
tenant-c_log_02.json,81.160.234.222,IP_ADDRESS,44430,44444,"GDPR_Art5_1b, DPDPA_S8"
tenant-c_log_02.json,97.180.191.254,IP_ADDRESS,45719,45733,"GDPR_Art5_1b, DPDPA_S8"
tenant-c_log_02.json,219.197.59.180,IP_ADDRESS,47014,47028,"GDPR_Art5_1b, DPDPA_S8"
tenant-c_log_02.json,9.198.255.136,IP_ADDRESS,48310,48323,"GDPR_Art5_1b, DPDPA_S8"
tenant-c_log_02.json,191.190.199.0,IP_ADDRESS,49594,49607,"GDPR_Art5_1b, DPDPA_S8"
tenant-c_log_02.json,46.200.101.6,IP_ADDRESS,50876,50888,"GDPR_Art5_1b, DPDPA_S8"
tenant-c_log_02.json,arn:aws:iam::345678901234:user/iris.menon,AWS_ARN,183,224,"GDPR_Art5_1b, DPDPA_S8"
tenant-c_log_02.json,arn:aws:s3:::tenant-c-prod,AWS_ARN,1065,1091,"GDPR_Art5_1b, DPDPA_S8"
tenant-c_log_02.json,arn:aws:iam::345678901234:user/henry.das,AWS_ARN,1469,1509,"GDPR_Art5_1b, DPDPA_S8"
tenant-c_log_02.json,arn:aws:s3:::tenant-c-archive,AWS_ARN,2347,2376,"GDPR_Art5_1b, DPDPA_S8"
tenant-c_log_02.json,arn:aws:iam::345678901234:user/grace.iyer,AWS_ARN,2754,2795,"GDPR_Art5_1b, DPDPA_S8"
tenant-c_log_02.json,arn:aws:s3:::tenant-c-prod,AWS_ARN,3636,3662,"GDPR_Art5_1b, DPDPA_S8"
tenant-c_log_02.json,arn:aws:iam::345678901234:user/grace.iyer,AWS_ARN,4040,4081,"GDPR_Art5_1b, DPDPA_S8"
tenant-c_log_02.json,arn:aws:s3:::tenant-c-archive,AWS_ARN,4924,4953,"GDPR_Art5_1b, DPDPA_S8"
tenant-c_log_02.json,arn:aws:iam::345678901234:user/henry.das,AWS_ARN,5331,5371,"GDPR_Art5_1b, DPDPA_S8"
tenant-c_log_02.json,arn:aws:s3:::tenant-c-archive,AWS_ARN,6211,6240,"GDPR_Art5_1b, DPDPA_S8"
tenant-c_log_02.json,arn:aws:iam::345678901234:user/iris.menon,AWS_ARN,6618,6659,"GDPR_Art5_1b, DPDPA_S8"
tenant-c_log_02.json,arn:aws:s3:::tenant-c-archive,AWS_ARN,7497,7526,"GDPR_Art5_1b, DPDPA_S8"
tenant-c_log_02.json,arn:aws:iam::345678901234:user/henry.das,AWS_ARN,7904,7944,"GDPR_Art5_1b, DPDPA_S8"
tenant-c_log_02.json,arn:aws:s3:::tenant-c-archive,AWS_ARN,8779,8808,"GDPR_Art5_1b, DPDPA_S8"
tenant-c_log_02.json,arn:aws:iam::345678901234:user/grace.iyer,AWS_ARN,9186,9227,"GDPR_Art5_1b, DPDPA_S8"
tenant-c_log_02.json,arn:aws:s3:::tenant-c-archive,AWS_ARN,10071,10100,"GDPR_Art5_1b, DPDPA_S8"
tenant-c_log_02.json,arn:aws:iam::345678901234:user/iris.menon,AWS_ARN,10478,10519,"GDPR_Art5_1b, DPDPA_S8"
tenant-c_log_02.json,arn:aws:s3:::tenant-c-archive,AWS_ARN,11357,11386,"GDPR_Art5_1b, DPDPA_S8"
tenant-c_log_02.json,arn:aws:iam::345678901234:user/henry.das,AWS_ARN,11764,11804,"GDPR_Art5_1b, DPDPA_S8"
tenant-c_log_02.json,arn:aws:s3:::tenant-c-archive,AWS_ARN,12642,12671,"GDPR_Art5_1b, DPDPA_S8"
tenant-c_log_02.json,arn:aws:iam::345678901234:user/henry.das,AWS_ARN,13049,13089,"GDPR_Art5_1b, DPDPA_S8"
tenant-c_log_02.json,arn:aws:s3:::tenant-c-archive,AWS_ARN,13927,13956,"GDPR_Art5_1b, DPDPA_S8"
tenant-c_log_02.json,arn:aws:iam::345678901234:user/henry.das,AWS_ARN,14334,14374,"GDPR_Art5_1b, DPDPA_S8"
tenant-c_log_02.json,arn:aws:s3:::tenant-c-prod,AWS_ARN,15213,15239,"GDPR_Art5_1b, DPDPA_S8"
tenant-c_log_02.json,arn:aws:iam::345678901234:user/grace.iyer,AWS_ARN,15617,15658,"GDPR_Art5_1b, DPDPA_S8"
tenant-c_log_02.json,arn:aws:s3:::tenant-c-prod,AWS_ARN,16492,16518,"GDPR_Art5_1b, DPDPA_S8"
tenant-c_log_02.json,arn:aws:iam::345678901234:user/iris.menon,AWS_ARN,16896,16937,"GDPR_Art5_1b, DPDPA_S8"
tenant-c_log_02.json,arn:aws:s3:::tenant-c-archive,AWS_ARN,17779,17808,"GDPR_Art5_1b, DPDPA_S8"
tenant-c_log_02.json,arn:aws:iam::345678901234:user/iris.menon,AWS_ARN,18186,18227,"GDPR_Art5_1b, DPDPA_S8"
tenant-c_log_02.json,arn:aws:s3:::tenant-c-prod,AWS_ARN,19065,19091,"GDPR_Art5_1b, DPDPA_S8"
tenant-c_log_02.json,arn:aws:iam::345678901234:user/henry.das,AWS_ARN,19469,19509,"GDPR_Art5_1b, DPDPA_S8"
tenant-c_log_02.json,arn:aws:s3:::tenant-c-prod,AWS_ARN,20347,20373,"GDPR_Art5_1b, DPDPA_S8"
tenant-c_log_02.json,arn:aws:iam::345678901234:user/henry.das,AWS_ARN,20751,20791,"GDPR_Art5_1b, DPDPA_S8"
tenant-c_log_02.json,arn:aws:s3:::tenant-c-prod,AWS_ARN,21627,21653,"GDPR_Art5_1b, DPDPA_S8"
tenant-c_log_02.json,arn:aws:iam::345678901234:user/iris.menon,AWS_ARN,22031,22072,"GDPR_Art5_1b, DPDPA_S8"
tenant-c_log_02.json,arn:aws:s3:::tenant-c-prod,AWS_ARN,22908,22934,"GDPR_Art5_1b, DPDPA_S8"
tenant-c_log_02.json,arn:aws:iam::345678901234:user/henry.das,AWS_ARN,23312,23352,"GDPR_Art5_1b, DPDPA_S8"
tenant-c_log_02.json,arn:aws:s3:::tenant-c-prod,AWS_ARN,24188,24214,"GDPR_Art5_1b, DPDPA_S8"
tenant-c_log_02.json,arn:aws:iam::345678901234:user/henry.das,AWS_ARN,24592,24632,"GDPR_Art5_1b, DPDPA_S8"
tenant-c_log_02.json,arn:aws:s3:::tenant-c-archive,AWS_ARN,25471,25500,"GDPR_Art5_1b, DPDPA_S8"
tenant-c_log_02.json,arn:aws:iam::345678901234:user/henry.das,AWS_ARN,25878,25918,"GDPR_Art5_1b, DPDPA_S8"
tenant-c_log_02.json,arn:aws:s3:::tenant-c-prod,AWS_ARN,26756,26782,"GDPR_Art5_1b, DPDPA_S8"
tenant-c_log_02.json,arn:aws:iam::345678901234:user/iris.menon,AWS_ARN,27160,27201,"GDPR_Art5_1b, DPDPA_S8"
tenant-c_log_02.json,arn:aws:s3:::tenant-c-archive,AWS_ARN,28043,28072,"GDPR_Art5_1b, DPDPA_S8"
tenant-c_log_02.json,arn:aws:iam::345678901234:user/grace.iyer,AWS_ARN,28450,28491,"GDPR_Art5_1b, DPDPA_S8"
tenant-c_log_02.json,arn:aws:s3:::tenant-c-archive,AWS_ARN,29336,29365,"GDPR_Art5_1b, DPDPA_S8"
tenant-c_log_02.json,arn:aws:iam::345678901234:user/iris.menon,AWS_ARN,29743,29784,"GDPR_Art5_1b, DPDPA_S8"
tenant-c_log_02.json,arn:aws:s3:::tenant-c-prod,AWS_ARN,30628,30654,"GDPR_Art5_1b, DPDPA_S8"
tenant-c_log_02.json,arn:aws:iam::345678901234:user/iris.menon,AWS_ARN,31032,31073,"GDPR_Art5_1b, DPDPA_S8"
tenant-c_log_02.json,arn:aws:s3:::tenant-c-prod,AWS_ARN,31914,31940,"GDPR_Art5_1b, DPDPA_S8"
tenant-c_log_02.json,arn:aws:iam::345678901234:user/henry.das,AWS_ARN,32318,32358,"GDPR_Art5_1b, DPDPA_S8"
tenant-c_log_02.json,arn:aws:s3:::tenant-c-prod,AWS_ARN,33196,33222,"GDPR_Art5_1b, DPDPA_S8"
tenant-c_log_02.json,arn:aws:iam::345678901234:user/iris.menon,AWS_ARN,33600,33641,"GDPR_Art5_1b, DPDPA_S8"
tenant-c_log_02.json,arn:aws:s3:::tenant-c-archive,AWS_ARN,34483,34512,"GDPR_Art5_1b, DPDPA_S8"
tenant-c_log_02.json,arn:aws:iam::345678901234:user/grace.iyer,AWS_ARN,34890,34931,"GDPR_Art5_1b, DPDPA_S8"
tenant-c_log_02.json,arn:aws:s3:::tenant-c-archive,AWS_ARN,35776,35805,"GDPR_Art5_1b, DPDPA_S8"
tenant-c_log_02.json,arn:aws:iam::345678901234:user/iris.menon,AWS_ARN,36183,36224,"GDPR_Art5_1b, DPDPA_S8"
tenant-c_log_02.json,arn:aws:s3:::tenant-c-archive,AWS_ARN,37068,37097,"GDPR_Art5_1b, DPDPA_S8"
tenant-c_log_02.json,arn:aws:iam::345678901234:user/henry.das,AWS_ARN,37475,37515,"GDPR_Art5_1b, DPDPA_S8"
tenant-c_log_02.json,arn:aws:s3:::tenant-c-archive,AWS_ARN,38360,38389,"GDPR_Art5_1b, DPDPA_S8"
tenant-c_log_02.json,arn:aws:iam::345678901234:user/grace.iyer,AWS_ARN,38767,38808,"GDPR_Art5_1b, DPDPA_S8"
tenant-c_log_02.json,arn:aws:s3:::tenant-c-archive,AWS_ARN,39654,39683,"GDPR_Art5_1b, DPDPA_S8"
tenant-c_log_02.json,arn:aws:iam::345678901234:user/henry.das,AWS_ARN,40061,40101,"GDPR_Art5_1b, DPDPA_S8"
tenant-c_log_02.json,arn:aws:s3:::tenant-c-archive,AWS_ARN,40945,40974,"GDPR_Art5_1b, DPDPA_S8"
tenant-c_log_02.json,arn:aws:iam::345678901234:user/grace.iyer,AWS_ARN,41352,41393,"GDPR_Art5_1b, DPDPA_S8"
tenant-c_log_02.json,arn:aws:s3:::tenant-c-archive,AWS_ARN,42233,42262,"GDPR_Art5_1b, DPDPA_S8"
tenant-c_log_02.json,arn:aws:iam::345678901234:user/henry.das,AWS_ARN,42640,42680,"GDPR_Art5_1b, DPDPA_S8"
tenant-c_log_02.json,arn:aws:s3:::tenant-c-archive,AWS_ARN,43523,43552,"GDPR_Art5_1b, DPDPA_S8"
tenant-c_log_02.json,arn:aws:iam::345678901234:user/iris.menon,AWS_ARN,43930,43971,"GDPR_Art5_1b, DPDPA_S8"
tenant-c_log_02.json,arn:aws:s3:::tenant-c-archive,AWS_ARN,44814,44843,"GDPR_Art5_1b, DPDPA_S8"
tenant-c_log_02.json,arn:aws:iam::345678901234:user/henry.das,AWS_ARN,45221,45261,"GDPR_Art5_1b, DPDPA_S8"
tenant-c_log_02.json,arn:aws:s3:::tenant-c-archive,AWS_ARN,46107,46136,"GDPR_Art5_1b, DPDPA_S8"
tenant-c_log_02.json,arn:aws:iam::345678901234:user/grace.iyer,AWS_ARN,46514,46555,"GDPR_Art5_1b, DPDPA_S8"
tenant-c_log_02.json,arn:aws:s3:::tenant-c-archive,AWS_ARN,47403,47432,"GDPR_Art5_1b, DPDPA_S8"
tenant-c_log_02.json,arn:aws:iam::345678901234:user/grace.iyer,AWS_ARN,47810,47851,"GDPR_Art5_1b, DPDPA_S8"
tenant-c_log_02.json,arn:aws:s3:::tenant-c-prod,AWS_ARN,48690,48716,"GDPR_Art5_1b, DPDPA_S8"
tenant-c_log_02.json,arn:aws:iam::345678901234:user/grace.iyer,AWS_ARN,49094,49135,"GDPR_Art5_1b, DPDPA_S8"
tenant-c_log_02.json,arn:aws:s3:::tenant-c-prod,AWS_ARN,49974,50000,"GDPR_Art5_1b, DPDPA_S8"
tenant-c_log_02.json,arn:aws:iam::345678901234:user/henry.das,AWS_ARN,50378,50418,"GDPR_Art5_1b, DPDPA_S8"
tenant-c_log_02.json,arn:aws:s3:::tenant-c-prod,AWS_ARN,51256,51282,"GDPR_Art5_1b, DPDPA_S8"
tenant-c_log_02.json,345678901234,AWS_ACCOUNT_ID,249,261,"GDPR_Art5_1b, DPDPA_S8"
tenant-c_log_02.json,345678901234,AWS_ACCOUNT_ID,1118,1130,"GDPR_Art5_1b, DPDPA_S8"
tenant-c_log_02.json,345678901234,AWS_ACCOUNT_ID,1282,1294,"GDPR_Art5_1b, DPDPA_S8"
tenant-c_log_02.json,345678901234,AWS_ACCOUNT_ID,1534,1546,"GDPR_Art5_1b, DPDPA_S8"
tenant-c_log_02.json,345678901234,AWS_ACCOUNT_ID,2403,2415,"GDPR_Art5_1b, DPDPA_S8"
tenant-c_log_02.json,345678901234,AWS_ACCOUNT_ID,2567,2579,"GDPR_Art5_1b, DPDPA_S8"
tenant-c_log_02.json,345678901234,AWS_ACCOUNT_ID,2820,2832,"GDPR_Art5_1b, DPDPA_S8"
tenant-c_log_02.json,345678901234,AWS_ACCOUNT_ID,3689,3701,"GDPR_Art5_1b, DPDPA_S8"
tenant-c_log_02.json,345678901234,AWS_ACCOUNT_ID,3853,3865,"GDPR_Art5_1b, DPDPA_S8"
tenant-c_log_02.json,345678901234,AWS_ACCOUNT_ID,4106,4118,"GDPR_Art5_1b, DPDPA_S8"
tenant-c_log_02.json,345678901234,AWS_ACCOUNT_ID,4980,4992,"GDPR_Art5_1b, DPDPA_S8"
tenant-c_log_02.json,345678901234,AWS_ACCOUNT_ID,5144,5156,"GDPR_Art5_1b, DPDPA_S8"
tenant-c_log_02.json,345678901234,AWS_ACCOUNT_ID,5396,5408,"GDPR_Art5_1b, DPDPA_S8"
tenant-c_log_02.json,345678901234,AWS_ACCOUNT_ID,6267,6279,"GDPR_Art5_1b, DPDPA_S8"
tenant-c_log_02.json,345678901234,AWS_ACCOUNT_ID,6431,6443,"GDPR_Art5_1b, DPDPA_S8"
tenant-c_log_02.json,345678901234,AWS_ACCOUNT_ID,6684,6696,"GDPR_Art5_1b, DPDPA_S8"
tenant-c_log_02.json,345678901234,AWS_ACCOUNT_ID,7553,7565,"GDPR_Art5_1b, DPDPA_S8"
tenant-c_log_02.json,345678901234,AWS_ACCOUNT_ID,7717,7729,"GDPR_Art5_1b, DPDPA_S8"
tenant-c_log_02.json,345678901234,AWS_ACCOUNT_ID,7969,7981,"GDPR_Art5_1b, DPDPA_S8"
tenant-c_log_02.json,345678901234,AWS_ACCOUNT_ID,8835,8847,"GDPR_Art5_1b, DPDPA_S8"
tenant-c_log_02.json,345678901234,AWS_ACCOUNT_ID,8999,9011,"GDPR_Art5_1b, DPDPA_S8"
tenant-c_log_02.json,345678901234,AWS_ACCOUNT_ID,9252,9264,"GDPR_Art5_1b, DPDPA_S8"
tenant-c_log_02.json,345678901234,AWS_ACCOUNT_ID,10127,10139,"GDPR_Art5_1b, DPDPA_S8"
tenant-c_log_02.json,345678901234,AWS_ACCOUNT_ID,10291,10303,"GDPR_Art5_1b, DPDPA_S8"
tenant-c_log_02.json,345678901234,AWS_ACCOUNT_ID,10544,10556,"GDPR_Art5_1b, DPDPA_S8"
tenant-c_log_02.json,345678901234,AWS_ACCOUNT_ID,11413,11425,"GDPR_Art5_1b, DPDPA_S8"
tenant-c_log_02.json,345678901234,AWS_ACCOUNT_ID,11577,11589,"GDPR_Art5_1b, DPDPA_S8"
tenant-c_log_02.json,345678901234,AWS_ACCOUNT_ID,11829,11841,"GDPR_Art5_1b, DPDPA_S8"
tenant-c_log_02.json,345678901234,AWS_ACCOUNT_ID,12698,12710,"GDPR_Art5_1b, DPDPA_S8"
tenant-c_log_02.json,345678901234,AWS_ACCOUNT_ID,12862,12874,"GDPR_Art5_1b, DPDPA_S8"
tenant-c_log_02.json,345678901234,AWS_ACCOUNT_ID,13114,13126,"GDPR_Art5_1b, DPDPA_S8"
tenant-c_log_02.json,345678901234,AWS_ACCOUNT_ID,13983,13995,"GDPR_Art5_1b, DPDPA_S8"
tenant-c_log_02.json,345678901234,AWS_ACCOUNT_ID,14147,14159,"GDPR_Art5_1b, DPDPA_S8"
tenant-c_log_02.json,345678901234,AWS_ACCOUNT_ID,14399,14411,"GDPR_Art5_1b, DPDPA_S8"
tenant-c_log_02.json,345678901234,AWS_ACCOUNT_ID,15266,15278,"GDPR_Art5_1b, DPDPA_S8"
tenant-c_log_02.json,345678901234,AWS_ACCOUNT_ID,15430,15442,"GDPR_Art5_1b, DPDPA_S8"
tenant-c_log_02.json,345678901234,AWS_ACCOUNT_ID,15683,15695,"GDPR_Art5_1b, DPDPA_S8"
tenant-c_log_02.json,345678901234,AWS_ACCOUNT_ID,16545,16557,"GDPR_Art5_1b, DPDPA_S8"
tenant-c_log_02.json,345678901234,AWS_ACCOUNT_ID,16709,16721,"GDPR_Art5_1b, DPDPA_S8"
tenant-c_log_02.json,345678901234,AWS_ACCOUNT_ID,16962,16974,"GDPR_Art5_1b, DPDPA_S8"
tenant-c_log_02.json,345678901234,AWS_ACCOUNT_ID,17835,17847,"GDPR_Art5_1b, DPDPA_S8"
tenant-c_log_02.json,345678901234,AWS_ACCOUNT_ID,17999,18011,"GDPR_Art5_1b, DPDPA_S8"
tenant-c_log_02.json,345678901234,AWS_ACCOUNT_ID,18252,18264,"GDPR_Art5_1b, DPDPA_S8"
tenant-c_log_02.json,345678901234,AWS_ACCOUNT_ID,19118,19130,"GDPR_Art5_1b, DPDPA_S8"
tenant-c_log_02.json,345678901234,AWS_ACCOUNT_ID,19282,19294,"GDPR_Art5_1b, DPDPA_S8"
tenant-c_log_02.json,345678901234,AWS_ACCOUNT_ID,19534,19546,"GDPR_Art5_1b, DPDPA_S8"
tenant-c_log_02.json,345678901234,AWS_ACCOUNT_ID,20400,20412,"GDPR_Art5_1b, DPDPA_S8"
tenant-c_log_02.json,345678901234,AWS_ACCOUNT_ID,20564,20576,"GDPR_Art5_1b, DPDPA_S8"
tenant-c_log_02.json,345678901234,AWS_ACCOUNT_ID,20816,20828,"GDPR_Art5_1b, DPDPA_S8"
tenant-c_log_02.json,345678901234,AWS_ACCOUNT_ID,21680,21692,"GDPR_Art5_1b, DPDPA_S8"
tenant-c_log_02.json,345678901234,AWS_ACCOUNT_ID,21844,21856,"GDPR_Art5_1b, DPDPA_S8"
tenant-c_log_02.json,345678901234,AWS_ACCOUNT_ID,22097,22109,"GDPR_Art5_1b, DPDPA_S8"
tenant-c_log_02.json,345678901234,AWS_ACCOUNT_ID,22961,22973,"GDPR_Art5_1b, DPDPA_S8"
tenant-c_log_02.json,345678901234,AWS_ACCOUNT_ID,23125,23137,"GDPR_Art5_1b, DPDPA_S8"
tenant-c_log_02.json,345678901234,AWS_ACCOUNT_ID,23377,23389,"GDPR_Art5_1b, DPDPA_S8"
tenant-c_log_02.json,345678901234,AWS_ACCOUNT_ID,24241,24253,"GDPR_Art5_1b, DPDPA_S8"
tenant-c_log_02.json,345678901234,AWS_ACCOUNT_ID,24405,24417,"GDPR_Art5_1b, DPDPA_S8"
tenant-c_log_02.json,345678901234,AWS_ACCOUNT_ID,24657,24669,"GDPR_Art5_1b, DPDPA_S8"
tenant-c_log_02.json,345678901234,AWS_ACCOUNT_ID,25527,25539,"GDPR_Art5_1b, DPDPA_S8"
tenant-c_log_02.json,345678901234,AWS_ACCOUNT_ID,25691,25703,"GDPR_Art5_1b, DPDPA_S8"
tenant-c_log_02.json,345678901234,AWS_ACCOUNT_ID,25943,25955,"GDPR_Art5_1b, DPDPA_S8"
tenant-c_log_02.json,345678901234,AWS_ACCOUNT_ID,26809,26821,"GDPR_Art5_1b, DPDPA_S8"
tenant-c_log_02.json,345678901234,AWS_ACCOUNT_ID,26973,26985,"GDPR_Art5_1b, DPDPA_S8"
tenant-c_log_02.json,345678901234,AWS_ACCOUNT_ID,27226,27238,"GDPR_Art5_1b, DPDPA_S8"
tenant-c_log_02.json,345678901234,AWS_ACCOUNT_ID,28099,28111,"GDPR_Art5_1b, DPDPA_S8"
tenant-c_log_02.json,345678901234,AWS_ACCOUNT_ID,28263,28275,"GDPR_Art5_1b, DPDPA_S8"
tenant-c_log_02.json,345678901234,AWS_ACCOUNT_ID,28516,28528,"GDPR_Art5_1b, DPDPA_S8"
tenant-c_log_02.json,345678901234,AWS_ACCOUNT_ID,29392,29404,"GDPR_Art5_1b, DPDPA_S8"
tenant-c_log_02.json,345678901234,AWS_ACCOUNT_ID,29556,29568,"GDPR_Art5_1b, DPDPA_S8"
tenant-c_log_02.json,345678901234,AWS_ACCOUNT_ID,29809,29821,"GDPR_Art5_1b, DPDPA_S8"
tenant-c_log_02.json,345678901234,AWS_ACCOUNT_ID,30681,30693,"GDPR_Art5_1b, DPDPA_S8"
tenant-c_log_02.json,345678901234,AWS_ACCOUNT_ID,30845,30857,"GDPR_Art5_1b, DPDPA_S8"
tenant-c_log_02.json,345678901234,AWS_ACCOUNT_ID,31098,31110,"GDPR_Art5_1b, DPDPA_S8"
tenant-c_log_02.json,345678901234,AWS_ACCOUNT_ID,31967,31979,"GDPR_Art5_1b, DPDPA_S8"
tenant-c_log_02.json,345678901234,AWS_ACCOUNT_ID,32131,32143,"GDPR_Art5_1b, DPDPA_S8"
tenant-c_log_02.json,345678901234,AWS_ACCOUNT_ID,32383,32395,"GDPR_Art5_1b, DPDPA_S8"
tenant-c_log_02.json,345678901234,AWS_ACCOUNT_ID,33249,33261,"GDPR_Art5_1b, DPDPA_S8"
tenant-c_log_02.json,345678901234,AWS_ACCOUNT_ID,33413,33425,"GDPR_Art5_1b, DPDPA_S8"
tenant-c_log_02.json,345678901234,AWS_ACCOUNT_ID,33666,33678,"GDPR_Art5_1b, DPDPA_S8"
tenant-c_log_02.json,345678901234,AWS_ACCOUNT_ID,34539,34551,"GDPR_Art5_1b, DPDPA_S8"
tenant-c_log_02.json,345678901234,AWS_ACCOUNT_ID,34703,34715,"GDPR_Art5_1b, DPDPA_S8"
tenant-c_log_02.json,345678901234,AWS_ACCOUNT_ID,34956,34968,"GDPR_Art5_1b, DPDPA_S8"
tenant-c_log_02.json,345678901234,AWS_ACCOUNT_ID,35832,35844,"GDPR_Art5_1b, DPDPA_S8"
tenant-c_log_02.json,345678901234,AWS_ACCOUNT_ID,35996,36008,"GDPR_Art5_1b, DPDPA_S8"
tenant-c_log_02.json,345678901234,AWS_ACCOUNT_ID,36249,36261,"GDPR_Art5_1b, DPDPA_S8"
tenant-c_log_02.json,345678901234,AWS_ACCOUNT_ID,37124,37136,"GDPR_Art5_1b, DPDPA_S8"
tenant-c_log_02.json,345678901234,AWS_ACCOUNT_ID,37288,37300,"GDPR_Art5_1b, DPDPA_S8"
tenant-c_log_02.json,345678901234,AWS_ACCOUNT_ID,37540,37552,"GDPR_Art5_1b, DPDPA_S8"
tenant-c_log_02.json,345678901234,AWS_ACCOUNT_ID,38416,38428,"GDPR_Art5_1b, DPDPA_S8"
tenant-c_log_02.json,345678901234,AWS_ACCOUNT_ID,38580,38592,"GDPR_Art5_1b, DPDPA_S8"
tenant-c_log_02.json,345678901234,AWS_ACCOUNT_ID,38833,38845,"GDPR_Art5_1b, DPDPA_S8"
tenant-c_log_02.json,345678901234,AWS_ACCOUNT_ID,39710,39722,"GDPR_Art5_1b, DPDPA_S8"
tenant-c_log_02.json,345678901234,AWS_ACCOUNT_ID,39874,39886,"GDPR_Art5_1b, DPDPA_S8"
tenant-c_log_02.json,345678901234,AWS_ACCOUNT_ID,40126,40138,"GDPR_Art5_1b, DPDPA_S8"
tenant-c_log_02.json,345678901234,AWS_ACCOUNT_ID,41001,41013,"GDPR_Art5_1b, DPDPA_S8"
tenant-c_log_02.json,345678901234,AWS_ACCOUNT_ID,41165,41177,"GDPR_Art5_1b, DPDPA_S8"
tenant-c_log_02.json,345678901234,AWS_ACCOUNT_ID,41418,41430,"GDPR_Art5_1b, DPDPA_S8"
tenant-c_log_02.json,345678901234,AWS_ACCOUNT_ID,42289,42301,"GDPR_Art5_1b, DPDPA_S8"
tenant-c_log_02.json,345678901234,AWS_ACCOUNT_ID,42453,42465,"GDPR_Art5_1b, DPDPA_S8"
tenant-c_log_02.json,345678901234,AWS_ACCOUNT_ID,42705,42717,"GDPR_Art5_1b, DPDPA_S8"
tenant-c_log_02.json,345678901234,AWS_ACCOUNT_ID,43579,43591,"GDPR_Art5_1b, DPDPA_S8"
tenant-c_log_02.json,345678901234,AWS_ACCOUNT_ID,43743,43755,"GDPR_Art5_1b, DPDPA_S8"
tenant-c_log_02.json,345678901234,AWS_ACCOUNT_ID,43996,44008,"GDPR_Art5_1b, DPDPA_S8"
tenant-c_log_02.json,345678901234,AWS_ACCOUNT_ID,44870,44882,"GDPR_Art5_1b, DPDPA_S8"
tenant-c_log_02.json,345678901234,AWS_ACCOUNT_ID,45034,45046,"GDPR_Art5_1b, DPDPA_S8"
tenant-c_log_02.json,345678901234,AWS_ACCOUNT_ID,45286,45298,"GDPR_Art5_1b, DPDPA_S8"
tenant-c_log_02.json,345678901234,AWS_ACCOUNT_ID,46163,46175,"GDPR_Art5_1b, DPDPA_S8"
tenant-c_log_02.json,345678901234,AWS_ACCOUNT_ID,46327,46339,"GDPR_Art5_1b, DPDPA_S8"
tenant-c_log_02.json,345678901234,AWS_ACCOUNT_ID,46580,46592,"GDPR_Art5_1b, DPDPA_S8"
tenant-c_log_02.json,345678901234,AWS_ACCOUNT_ID,47459,47471,"GDPR_Art5_1b, DPDPA_S8"
tenant-c_log_02.json,345678901234,AWS_ACCOUNT_ID,47623,47635,"GDPR_Art5_1b, DPDPA_S8"
tenant-c_log_02.json,345678901234,AWS_ACCOUNT_ID,47876,47888,"GDPR_Art5_1b, DPDPA_S8"
tenant-c_log_02.json,345678901234,AWS_ACCOUNT_ID,48743,48755,"GDPR_Art5_1b, DPDPA_S8"
tenant-c_log_02.json,345678901234,AWS_ACCOUNT_ID,48907,48919,"GDPR_Art5_1b, DPDPA_S8"
tenant-c_log_02.json,345678901234,AWS_ACCOUNT_ID,49160,49172,"GDPR_Art5_1b, DPDPA_S8"
tenant-c_log_02.json,345678901234,AWS_ACCOUNT_ID,50027,50039,"GDPR_Art5_1b, DPDPA_S8"
tenant-c_log_02.json,345678901234,AWS_ACCOUNT_ID,50191,50203,"GDPR_Art5_1b, DPDPA_S8"
tenant-c_log_02.json,345678901234,AWS_ACCOUNT_ID,50443,50455,"GDPR_Art5_1b, DPDPA_S8"
tenant-c_log_02.json,345678901234,AWS_ACCOUNT_ID,51309,51321,"GDPR_Art5_1b, DPDPA_S8"
tenant-c_log_02.json,345678901234,AWS_ACCOUNT_ID,51473,51485,"GDPR_Art5_1b, DPDPA_S8"
tenant-c_log_03.json,iris.menon,PERSON,285,295,"GDPR_Art5_1a, DPDPA_S8"
tenant-c_log_03.json,iris.menon,PERSON,1569,1579,"GDPR_Art5_1a, DPDPA_S8"
tenant-c_log_03.json,henry.das,PERSON,2850,2859,"GDPR_Art5_1a, DPDPA_S8"
tenant-c_log_03.json,iris.menon,PERSON,4131,4141,"GDPR_Art5_1a, DPDPA_S8"
tenant-c_log_03.json,iris.menon,PERSON,5413,5423,"GDPR_Art5_1a, DPDPA_S8"
tenant-c_log_03.json,grace.iyer,PERSON,6700,6710,"GDPR_Art5_1a, DPDPA_S8"
tenant-c_log_03.json,iris.menon,PERSON,7982,7992,"GDPR_Art5_1a, DPDPA_S8"
tenant-c_log_03.json,henry.das,PERSON,9266,9275,"GDPR_Art5_1a, DPDPA_S8"
tenant-c_log_03.json,henry.das,PERSON,10553,10562,"GDPR_Art5_1a, DPDPA_S8"
tenant-c_log_03.json,henry.das,PERSON,11839,11848,"GDPR_Art5_1a, DPDPA_S8"
tenant-c_log_03.json,grace.iyer,PERSON,13120,13130,"GDPR_Art5_1a, DPDPA_S8"
tenant-c_log_03.json,henry.das,PERSON,14402,14411,"GDPR_Art5_1a, DPDPA_S8"
tenant-c_log_03.json,grace.iyer,PERSON,15684,15694,"GDPR_Art5_1a, DPDPA_S8"
tenant-c_log_03.json,iris.menon,PERSON,16974,16984,"GDPR_Art5_1a, DPDPA_S8"
tenant-c_log_03.json,henry.das,PERSON,18262,18271,"GDPR_Art5_1a, DPDPA_S8"
tenant-c_log_03.json,henry.das,PERSON,19543,19552,"GDPR_Art5_1a, DPDPA_S8"
tenant-c_log_03.json,henry.das,PERSON,20830,20839,"GDPR_Art5_1a, DPDPA_S8"
tenant-c_log_03.json,henry.das,PERSON,22108,22117,"GDPR_Art5_1a, DPDPA_S8"
tenant-c_log_03.json,henry.das,PERSON,23393,23402,"GDPR_Art5_1a, DPDPA_S8"
tenant-c_log_03.json,grace.iyer,PERSON,24683,24693,"GDPR_Art5_1a, DPDPA_S8"
tenant-c_log_03.json,iris.menon,PERSON,25969,25979,"GDPR_Art5_1a, DPDPA_S8"
tenant-c_log_03.json,grace.iyer,PERSON,27261,27271,"GDPR_Art5_1a, DPDPA_S8"
tenant-c_log_03.json,grace.iyer,PERSON,28555,28565,"GDPR_Art5_1a, DPDPA_S8"
tenant-c_log_03.json,grace.iyer,PERSON,29845,29855,"GDPR_Art5_1a, DPDPA_S8"
tenant-c_log_03.json,henry.das,PERSON,31127,31136,"GDPR_Art5_1a, DPDPA_S8"
tenant-c_log_03.json,iris.menon,PERSON,32411,32421,"GDPR_Art5_1a, DPDPA_S8"
tenant-c_log_03.json,henry.das,PERSON,33702,33711,"GDPR_Art5_1a, DPDPA_S8"
tenant-c_log_03.json,grace.iyer,PERSON,34986,34996,"GDPR_Art5_1a, DPDPA_S8"
tenant-c_log_03.json,grace.iyer,PERSON,36273,36283,"GDPR_Art5_1a, DPDPA_S8"
tenant-c_log_03.json,iris.menon,PERSON,37563,37573,"GDPR_Art5_1a, DPDPA_S8"
tenant-c_log_03.json,henry.das,PERSON,38851,38860,"GDPR_Art5_1a, DPDPA_S8"
tenant-c_log_03.json,grace.iyer,PERSON,40135,40145,"GDPR_Art5_1a, DPDPA_S8"
tenant-c_log_03.json,grace.iyer,PERSON,41422,41432,"GDPR_Art5_1a, DPDPA_S8"
tenant-c_log_03.json,henry.das,PERSON,42706,42715,"GDPR_Art5_1a, DPDPA_S8"
tenant-c_log_03.json,grace.iyer,PERSON,43986,43996,"GDPR_Art5_1a, DPDPA_S8"
tenant-c_log_03.json,grace.iyer,PERSON,45275,45285,"GDPR_Art5_1a, DPDPA_S8"
tenant-c_log_03.json,henry.das,PERSON,46564,46573,"GDPR_Art5_1a, DPDPA_S8"
tenant-c_log_03.json,grace.iyer,PERSON,47853,47863,"GDPR_Art5_1a, DPDPA_S8"
tenant-c_log_03.json,grace.iyer,PERSON,49142,49152,"GDPR_Art5_1a, DPDPA_S8"
tenant-c_log_03.json,henry.das,PERSON,50425,50434,"GDPR_Art5_1a, DPDPA_S8"
tenant-c_log_03.json,170.241.185.76,IP_ADDRESS,680,694,"GDPR_Art5_1b, DPDPA_S8"
tenant-c_log_03.json,77.216.111.11,IP_ADDRESS,1964,1977,"GDPR_Art5_1b, DPDPA_S8"
tenant-c_log_03.json,128.26.142.229,IP_ADDRESS,3244,3258,"GDPR_Art5_1b, DPDPA_S8"
tenant-c_log_03.json,184.159.111.200,IP_ADDRESS,4526,4541,"GDPR_Art5_1b, DPDPA_S8"
tenant-c_log_03.json,83.234.155.37,IP_ADDRESS,5808,5821,"GDPR_Art5_1b, DPDPA_S8"
tenant-c_log_03.json,213.85.106.20,IP_ADDRESS,7095,7108,"GDPR_Art5_1b, DPDPA_S8"
tenant-c_log_03.json,5.7.220.255,IP_ADDRESS,8377,8388,"GDPR_Art5_1b, DPDPA_S8"
tenant-c_log_03.json,68.140.89.120,IP_ADDRESS,9660,9673,"GDPR_Art5_1b, DPDPA_S8"
tenant-c_log_03.json,188.36.128.31,IP_ADDRESS,10947,10960,"GDPR_Art5_1b, DPDPA_S8"
tenant-c_log_03.json,179.65.101.144,IP_ADDRESS,12233,12247,"GDPR_Art5_1b, DPDPA_S8"
tenant-c_log_03.json,74.150.124.222,IP_ADDRESS,13515,13529,"GDPR_Art5_1b, DPDPA_S8"
tenant-c_log_03.json,54.166.158.238,IP_ADDRESS,14796,14810,"GDPR_Art5_1b, DPDPA_S8"
tenant-c_log_03.json,208.37.160.132,IP_ADDRESS,16079,16093,"GDPR_Art5_1b, DPDPA_S8"
tenant-c_log_03.json,113.164.188.161,IP_ADDRESS,17369,17384,"GDPR_Art5_1b, DPDPA_S8"
tenant-c_log_03.json,118.252.242.146,IP_ADDRESS,18656,18671,"GDPR_Art5_1b, DPDPA_S8"
tenant-c_log_03.json,55.143.103.198,IP_ADDRESS,19937,19951,"GDPR_Art5_1b, DPDPA_S8"
tenant-c_log_03.json,175.33.46.53,IP_ADDRESS,21224,21236,"GDPR_Art5_1b, DPDPA_S8"
tenant-c_log_03.json,130.157.36.180,IP_ADDRESS,22502,22516,"GDPR_Art5_1b, DPDPA_S8"
tenant-c_log_03.json,206.242.161.119,IP_ADDRESS,23787,23802,"GDPR_Art5_1b, DPDPA_S8"
tenant-c_log_03.json,138.110.103.43,IP_ADDRESS,25078,25092,"GDPR_Art5_1b, DPDPA_S8"
tenant-c_log_03.json,97.240.47.69,IP_ADDRESS,26367,26379,"GDPR_Art5_1b, DPDPA_S8"
tenant-c_log_03.json,207.198.208.113,IP_ADDRESS,27659,27674,"GDPR_Art5_1b, DPDPA_S8"
tenant-c_log_03.json,32.173.23.231,IP_ADDRESS,28953,28966,"GDPR_Art5_1b, DPDPA_S8"
tenant-c_log_03.json,144.223.103.6,IP_ADDRESS,30243,30256,"GDPR_Art5_1b, DPDPA_S8"
tenant-c_log_03.json,193.237.162.74,IP_ADDRESS,31524,31538,"GDPR_Art5_1b, DPDPA_S8"
tenant-c_log_03.json,202.110.243.197,IP_ADDRESS,32809,32824,"GDPR_Art5_1b, DPDPA_S8"
tenant-c_log_03.json,72.80.175.183,IP_ADDRESS,34099,34112,"GDPR_Art5_1b, DPDPA_S8"
tenant-c_log_03.json,112.135.247.240,IP_ADDRESS,35384,35399,"GDPR_Art5_1b, DPDPA_S8"
tenant-c_log_03.json,88.206.88.186,IP_ADDRESS,36671,36684,"GDPR_Art5_1b, DPDPA_S8"
tenant-c_log_03.json,190.142.51.136,IP_ADDRESS,37961,37975,"GDPR_Art5_1b, DPDPA_S8"
tenant-c_log_03.json,168.58.129.203,IP_ADDRESS,39248,39262,"GDPR_Art5_1b, DPDPA_S8"
tenant-c_log_03.json,214.137.135.94,IP_ADDRESS,40533,40547,"GDPR_Art5_1b, DPDPA_S8"
tenant-c_log_03.json,215.55.145.31,IP_ADDRESS,41820,41833,"GDPR_Art5_1b, DPDPA_S8"
tenant-c_log_03.json,33.99.102.4,IP_ADDRESS,43103,43114,"GDPR_Art5_1b, DPDPA_S8"
tenant-c_log_03.json,142.204.212.27,IP_ADDRESS,44384,44398,"GDPR_Art5_1b, DPDPA_S8"
tenant-c_log_03.json,213.23.244.95,IP_ADDRESS,45673,45686,"GDPR_Art5_1b, DPDPA_S8"
tenant-c_log_03.json,180.205.225.221,IP_ADDRESS,46961,46976,"GDPR_Art5_1b, DPDPA_S8"
tenant-c_log_03.json,81.124.195.99,IP_ADDRESS,48251,48264,"GDPR_Art5_1b, DPDPA_S8"
tenant-c_log_03.json,70.23.233.190,IP_ADDRESS,49540,49553,"GDPR_Art5_1b, DPDPA_S8"
tenant-c_log_03.json,47.208.7.71,IP_ADDRESS,50822,50833,"GDPR_Art5_1b, DPDPA_S8"
tenant-c_log_03.json,arn:aws:iam::345678901234:user/iris.menon,AWS_ARN,183,224,"GDPR_Art5_1b, DPDPA_S8"
tenant-c_log_03.json,arn:aws:s3:::tenant-c-prod,AWS_ARN,1063,1089,"GDPR_Art5_1b, DPDPA_S8"
tenant-c_log_03.json,arn:aws:iam::345678901234:user/iris.menon,AWS_ARN,1467,1508,"GDPR_Art5_1b, DPDPA_S8"
tenant-c_log_03.json,arn:aws:s3:::tenant-c-prod,AWS_ARN,2345,2371,"GDPR_Art5_1b, DPDPA_S8"
tenant-c_log_03.json,arn:aws:iam::345678901234:user/henry.das,AWS_ARN,2749,2789,"GDPR_Art5_1b, DPDPA_S8"
tenant-c_log_03.json,arn:aws:s3:::tenant-c-prod,AWS_ARN,3625,3651,"GDPR_Art5_1b, DPDPA_S8"
tenant-c_log_03.json,arn:aws:iam::345678901234:user/iris.menon,AWS_ARN,4029,4070,"GDPR_Art5_1b, DPDPA_S8"
tenant-c_log_03.json,arn:aws:s3:::tenant-c-prod,AWS_ARN,4907,4933,"GDPR_Art5_1b, DPDPA_S8"
tenant-c_log_03.json,arn:aws:iam::345678901234:user/iris.menon,AWS_ARN,5311,5352,"GDPR_Art5_1b, DPDPA_S8"
tenant-c_log_03.json,arn:aws:s3:::tenant-c-archive,AWS_ARN,6191,6220,"GDPR_Art5_1b, DPDPA_S8"
tenant-c_log_03.json,arn:aws:iam::345678901234:user/grace.iyer,AWS_ARN,6598,6639,"GDPR_Art5_1b, DPDPA_S8"
tenant-c_log_03.json,arn:aws:s3:::tenant-c-prod,AWS_ARN,7476,7502,"GDPR_Art5_1b, DPDPA_S8"
tenant-c_log_03.json,arn:aws:iam::345678901234:user/iris.menon,AWS_ARN,7880,7921,"GDPR_Art5_1b, DPDPA_S8"
tenant-c_log_03.json,arn:aws:s3:::tenant-c-archive,AWS_ARN,8758,8787,"GDPR_Art5_1b, DPDPA_S8"
tenant-c_log_03.json,arn:aws:iam::345678901234:user/henry.das,AWS_ARN,9165,9205,"GDPR_Art5_1b, DPDPA_S8"
tenant-c_log_03.json,arn:aws:s3:::tenant-c-archive,AWS_ARN,10045,10074,"GDPR_Art5_1b, DPDPA_S8"
tenant-c_log_03.json,arn:aws:iam::345678901234:user/henry.das,AWS_ARN,10452,10492,"GDPR_Art5_1b, DPDPA_S8"
tenant-c_log_03.json,arn:aws:s3:::tenant-c-archive,AWS_ARN,11331,11360,"GDPR_Art5_1b, DPDPA_S8"
tenant-c_log_03.json,arn:aws:iam::345678901234:user/henry.das,AWS_ARN,11738,11778,"GDPR_Art5_1b, DPDPA_S8"
tenant-c_log_03.json,arn:aws:s3:::tenant-c-prod,AWS_ARN,12614,12640,"GDPR_Art5_1b, DPDPA_S8"
tenant-c_log_03.json,arn:aws:iam::345678901234:user/grace.iyer,AWS_ARN,13018,13059,"GDPR_Art5_1b, DPDPA_S8"
tenant-c_log_03.json,arn:aws:s3:::tenant-c-prod,AWS_ARN,13897,13923,"GDPR_Art5_1b, DPDPA_S8"
tenant-c_log_03.json,arn:aws:iam::345678901234:user/henry.das,AWS_ARN,14301,14341,"GDPR_Art5_1b, DPDPA_S8"
tenant-c_log_03.json,arn:aws:s3:::tenant-c-prod,AWS_ARN,15178,15204,"GDPR_Art5_1b, DPDPA_S8"
tenant-c_log_03.json,arn:aws:iam::345678901234:user/grace.iyer,AWS_ARN,15582,15623,"GDPR_Art5_1b, DPDPA_S8"
tenant-c_log_03.json,arn:aws:s3:::tenant-c-archive,AWS_ARN,16465,16494,"GDPR_Art5_1b, DPDPA_S8"
tenant-c_log_03.json,arn:aws:iam::345678901234:user/iris.menon,AWS_ARN,16872,16913,"GDPR_Art5_1b, DPDPA_S8"
tenant-c_log_03.json,arn:aws:s3:::tenant-c-archive,AWS_ARN,17754,17783,"GDPR_Art5_1b, DPDPA_S8"
tenant-c_log_03.json,arn:aws:iam::345678901234:user/henry.das,AWS_ARN,18161,18201,"GDPR_Art5_1b, DPDPA_S8"
tenant-c_log_03.json,arn:aws:s3:::tenant-c-prod,AWS_ARN,19038,19064,"GDPR_Art5_1b, DPDPA_S8"
tenant-c_log_03.json,arn:aws:iam::345678901234:user/henry.das,AWS_ARN,19442,19482,"GDPR_Art5_1b, DPDPA_S8"
tenant-c_log_03.json,arn:aws:s3:::tenant-c-archive,AWS_ARN,20322,20351,"GDPR_Art5_1b, DPDPA_S8"
tenant-c_log_03.json,arn:aws:iam::345678901234:user/henry.das,AWS_ARN,20729,20769,"GDPR_Art5_1b, DPDPA_S8"
tenant-c_log_03.json,arn:aws:s3:::tenant-c-prod,AWS_ARN,21603,21629,"GDPR_Art5_1b, DPDPA_S8"
tenant-c_log_03.json,arn:aws:iam::345678901234:user/henry.das,AWS_ARN,22007,22047,"GDPR_Art5_1b, DPDPA_S8"
tenant-c_log_03.json,arn:aws:s3:::tenant-c-archive,AWS_ARN,22885,22914,"GDPR_Art5_1b, DPDPA_S8"
tenant-c_log_03.json,arn:aws:iam::345678901234:user/henry.das,AWS_ARN,23292,23332,"GDPR_Art5_1b, DPDPA_S8"
tenant-c_log_03.json,arn:aws:s3:::tenant-c-archive,AWS_ARN,24174,24203,"GDPR_Art5_1b, DPDPA_S8"
tenant-c_log_03.json,arn:aws:iam::345678901234:user/grace.iyer,AWS_ARN,24581,24622,"GDPR_Art5_1b, DPDPA_S8"
tenant-c_log_03.json,arn:aws:s3:::tenant-c-prod,AWS_ARN,25463,25489,"GDPR_Art5_1b, DPDPA_S8"
tenant-c_log_03.json,arn:aws:iam::345678901234:user/iris.menon,AWS_ARN,25867,25908,"GDPR_Art5_1b, DPDPA_S8"
tenant-c_log_03.json,arn:aws:s3:::tenant-c-archive,AWS_ARN,26752,26781,"GDPR_Art5_1b, DPDPA_S8"
tenant-c_log_03.json,arn:aws:iam::345678901234:user/grace.iyer,AWS_ARN,27159,27200,"GDPR_Art5_1b, DPDPA_S8"
tenant-c_log_03.json,arn:aws:s3:::tenant-c-archive,AWS_ARN,28046,28075,"GDPR_Art5_1b, DPDPA_S8"
tenant-c_log_03.json,arn:aws:iam::345678901234:user/grace.iyer,AWS_ARN,28453,28494,"GDPR_Art5_1b, DPDPA_S8"
tenant-c_log_03.json,arn:aws:s3:::tenant-c-archive,AWS_ARN,29336,29365,"GDPR_Art5_1b, DPDPA_S8"
tenant-c_log_03.json,arn:aws:iam::345678901234:user/grace.iyer,AWS_ARN,29743,29784,"GDPR_Art5_1b, DPDPA_S8"
tenant-c_log_03.json,arn:aws:s3:::tenant-c-prod,AWS_ARN,30622,30648,"GDPR_Art5_1b, DPDPA_S8"
tenant-c_log_03.json,arn:aws:iam::345678901234:user/henry.das,AWS_ARN,31026,31066,"GDPR_Art5_1b, DPDPA_S8"
tenant-c_log_03.json,arn:aws:s3:::tenant-c-prod,AWS_ARN,31905,31931,"GDPR_Art5_1b, DPDPA_S8"
tenant-c_log_03.json,arn:aws:iam::345678901234:user/iris.menon,AWS_ARN,32309,32350,"GDPR_Art5_1b, DPDPA_S8"
tenant-c_log_03.json,arn:aws:s3:::tenant-c-archive,AWS_ARN,33194,33223,"GDPR_Art5_1b, DPDPA_S8"
tenant-c_log_03.json,arn:aws:iam::345678901234:user/henry.das,AWS_ARN,33601,33641,"GDPR_Art5_1b, DPDPA_S8"
tenant-c_log_03.json,arn:aws:s3:::tenant-c-prod,AWS_ARN,34480,34506,"GDPR_Art5_1b, DPDPA_S8"
tenant-c_log_03.json,arn:aws:iam::345678901234:user/grace.iyer,AWS_ARN,34884,34925,"GDPR_Art5_1b, DPDPA_S8"
tenant-c_log_03.json,arn:aws:s3:::tenant-c-prod,AWS_ARN,35767,35793,"GDPR_Art5_1b, DPDPA_S8"
tenant-c_log_03.json,arn:aws:iam::345678901234:user/grace.iyer,AWS_ARN,36171,36212,"GDPR_Art5_1b, DPDPA_S8"
tenant-c_log_03.json,arn:aws:s3:::tenant-c-archive,AWS_ARN,37054,37083,"GDPR_Art5_1b, DPDPA_S8"
tenant-c_log_03.json,arn:aws:iam::345678901234:user/iris.menon,AWS_ARN,37461,37502,"GDPR_Art5_1b, DPDPA_S8"
tenant-c_log_03.json,arn:aws:s3:::tenant-c-prod,AWS_ARN,38346,38372,"GDPR_Art5_1b, DPDPA_S8"
tenant-c_log_03.json,arn:aws:iam::345678901234:user/henry.das,AWS_ARN,38750,38790,"GDPR_Art5_1b, DPDPA_S8"
tenant-c_log_03.json,arn:aws:s3:::tenant-c-prod,AWS_ARN,39629,39655,"GDPR_Art5_1b, DPDPA_S8"
tenant-c_log_03.json,arn:aws:iam::345678901234:user/grace.iyer,AWS_ARN,40033,40074,"GDPR_Art5_1b, DPDPA_S8"
tenant-c_log_03.json,arn:aws:s3:::tenant-c-prod,AWS_ARN,40916,40942,"GDPR_Art5_1b, DPDPA_S8"
tenant-c_log_03.json,arn:aws:iam::345678901234:user/grace.iyer,AWS_ARN,41320,41361,"GDPR_Art5_1b, DPDPA_S8"
tenant-c_log_03.json,arn:aws:s3:::tenant-c-prod,AWS_ARN,42201,42227,"GDPR_Art5_1b, DPDPA_S8"
tenant-c_log_03.json,arn:aws:iam::345678901234:user/henry.das,AWS_ARN,42605,42645,"GDPR_Art5_1b, DPDPA_S8"
tenant-c_log_03.json,arn:aws:s3:::tenant-c-prod,AWS_ARN,43480,43506,"GDPR_Art5_1b, DPDPA_S8"
tenant-c_log_03.json,arn:aws:iam::345678901234:user/grace.iyer,AWS_ARN,43884,43925,"GDPR_Art5_1b, DPDPA_S8"
tenant-c_log_03.json,arn:aws:s3:::tenant-c-prod,AWS_ARN,44769,44795,"GDPR_Art5_1b, DPDPA_S8"
tenant-c_log_03.json,arn:aws:iam::345678901234:user/grace.iyer,AWS_ARN,45173,45214,"GDPR_Art5_1b, DPDPA_S8"
tenant-c_log_03.json,arn:aws:s3:::tenant-c-archive,AWS_ARN,46056,46085,"GDPR_Art5_1b, DPDPA_S8"
tenant-c_log_03.json,arn:aws:iam::345678901234:user/henry.das,AWS_ARN,46463,46503,"GDPR_Art5_1b, DPDPA_S8"
tenant-c_log_03.json,arn:aws:s3:::tenant-c-prod,AWS_ARN,47347,47373,"GDPR_Art5_1b, DPDPA_S8"
tenant-c_log_03.json,arn:aws:iam::345678901234:user/grace.iyer,AWS_ARN,47751,47792,"GDPR_Art5_1b, DPDPA_S8"
tenant-c_log_03.json,arn:aws:s3:::tenant-c-archive,AWS_ARN,48633,48662,"GDPR_Art5_1b, DPDPA_S8"
tenant-c_log_03.json,arn:aws:iam::345678901234:user/grace.iyer,AWS_ARN,49040,49081,"GDPR_Art5_1b, DPDPA_S8"
tenant-c_log_03.json,arn:aws:s3:::tenant-c-prod,AWS_ARN,49920,49946,"GDPR_Art5_1b, DPDPA_S8"
tenant-c_log_03.json,arn:aws:iam::345678901234:user/henry.das,AWS_ARN,50324,50364,"GDPR_Art5_1b, DPDPA_S8"
tenant-c_log_03.json,arn:aws:s3:::tenant-c-archive,AWS_ARN,51206,51235,"GDPR_Art5_1b, DPDPA_S8"
tenant-c_log_03.json,345678901234,AWS_ACCOUNT_ID,249,261,"GDPR_Art5_1b, DPDPA_S8"
tenant-c_log_03.json,345678901234,AWS_ACCOUNT_ID,1116,1128,"GDPR_Art5_1b, DPDPA_S8"
tenant-c_log_03.json,345678901234,AWS_ACCOUNT_ID,1280,1292,"GDPR_Art5_1b, DPDPA_S8"
tenant-c_log_03.json,345678901234,AWS_ACCOUNT_ID,1533,1545,"GDPR_Art5_1b, DPDPA_S8"
tenant-c_log_03.json,345678901234,AWS_ACCOUNT_ID,2398,2410,"GDPR_Art5_1b, DPDPA_S8"
tenant-c_log_03.json,345678901234,AWS_ACCOUNT_ID,2562,2574,"GDPR_Art5_1b, DPDPA_S8"
tenant-c_log_03.json,345678901234,AWS_ACCOUNT_ID,2814,2826,"GDPR_Art5_1b, DPDPA_S8"
tenant-c_log_03.json,345678901234,AWS_ACCOUNT_ID,3678,3690,"GDPR_Art5_1b, DPDPA_S8"
tenant-c_log_03.json,345678901234,AWS_ACCOUNT_ID,3842,3854,"GDPR_Art5_1b, DPDPA_S8"
tenant-c_log_03.json,345678901234,AWS_ACCOUNT_ID,4095,4107,"GDPR_Art5_1b, DPDPA_S8"
tenant-c_log_03.json,345678901234,AWS_ACCOUNT_ID,4960,4972,"GDPR_Art5_1b, DPDPA_S8"
tenant-c_log_03.json,345678901234,AWS_ACCOUNT_ID,5124,5136,"GDPR_Art5_1b, DPDPA_S8"
tenant-c_log_03.json,345678901234,AWS_ACCOUNT_ID,5377,5389,"GDPR_Art5_1b, DPDPA_S8"
tenant-c_log_03.json,345678901234,AWS_ACCOUNT_ID,6247,6259,"GDPR_Art5_1b, DPDPA_S8"
tenant-c_log_03.json,345678901234,AWS_ACCOUNT_ID,6411,6423,"GDPR_Art5_1b, DPDPA_S8"
tenant-c_log_03.json,345678901234,AWS_ACCOUNT_ID,6664,6676,"GDPR_Art5_1b, DPDPA_S8"
tenant-c_log_03.json,345678901234,AWS_ACCOUNT_ID,7529,7541,"GDPR_Art5_1b, DPDPA_S8"
tenant-c_log_03.json,345678901234,AWS_ACCOUNT_ID,7693,7705,"GDPR_Art5_1b, DPDPA_S8"
tenant-c_log_03.json,345678901234,AWS_ACCOUNT_ID,7946,7958,"GDPR_Art5_1b, DPDPA_S8"
tenant-c_log_03.json,345678901234,AWS_ACCOUNT_ID,8814,8826,"GDPR_Art5_1b, DPDPA_S8"
tenant-c_log_03.json,345678901234,AWS_ACCOUNT_ID,8978,8990,"GDPR_Art5_1b, DPDPA_S8"
tenant-c_log_03.json,345678901234,AWS_ACCOUNT_ID,9230,9242,"GDPR_Art5_1b, DPDPA_S8"
tenant-c_log_03.json,345678901234,AWS_ACCOUNT_ID,10101,10113,"GDPR_Art5_1b, DPDPA_S8"
tenant-c_log_03.json,345678901234,AWS_ACCOUNT_ID,10265,10277,"GDPR_Art5_1b, DPDPA_S8"
tenant-c_log_03.json,345678901234,AWS_ACCOUNT_ID,10517,10529,"GDPR_Art5_1b, DPDPA_S8"
tenant-c_log_03.json,345678901234,AWS_ACCOUNT_ID,11387,11399,"GDPR_Art5_1b, DPDPA_S8"
tenant-c_log_03.json,345678901234,AWS_ACCOUNT_ID,11551,11563,"GDPR_Art5_1b, DPDPA_S8"
tenant-c_log_03.json,345678901234,AWS_ACCOUNT_ID,11803,11815,"GDPR_Art5_1b, DPDPA_S8"
tenant-c_log_03.json,345678901234,AWS_ACCOUNT_ID,12667,12679,"GDPR_Art5_1b, DPDPA_S8"
tenant-c_log_03.json,345678901234,AWS_ACCOUNT_ID,12831,12843,"GDPR_Art5_1b, DPDPA_S8"
tenant-c_log_03.json,345678901234,AWS_ACCOUNT_ID,13084,13096,"GDPR_Art5_1b, DPDPA_S8"
tenant-c_log_03.json,345678901234,AWS_ACCOUNT_ID,13950,13962,"GDPR_Art5_1b, DPDPA_S8"
tenant-c_log_03.json,345678901234,AWS_ACCOUNT_ID,14114,14126,"GDPR_Art5_1b, DPDPA_S8"
tenant-c_log_03.json,345678901234,AWS_ACCOUNT_ID,14366,14378,"GDPR_Art5_1b, DPDPA_S8"
tenant-c_log_03.json,345678901234,AWS_ACCOUNT_ID,15231,15243,"GDPR_Art5_1b, DPDPA_S8"
tenant-c_log_03.json,345678901234,AWS_ACCOUNT_ID,15395,15407,"GDPR_Art5_1b, DPDPA_S8"
tenant-c_log_03.json,345678901234,AWS_ACCOUNT_ID,15648,15660,"GDPR_Art5_1b, DPDPA_S8"
tenant-c_log_03.json,345678901234,AWS_ACCOUNT_ID,16521,16533,"GDPR_Art5_1b, DPDPA_S8"
tenant-c_log_03.json,345678901234,AWS_ACCOUNT_ID,16685,16697,"GDPR_Art5_1b, DPDPA_S8"
tenant-c_log_03.json,345678901234,AWS_ACCOUNT_ID,16938,16950,"GDPR_Art5_1b, DPDPA_S8"
tenant-c_log_03.json,345678901234,AWS_ACCOUNT_ID,17810,17822,"GDPR_Art5_1b, DPDPA_S8"
tenant-c_log_03.json,345678901234,AWS_ACCOUNT_ID,17974,17986,"GDPR_Art5_1b, DPDPA_S8"
tenant-c_log_03.json,345678901234,AWS_ACCOUNT_ID,18226,18238,"GDPR_Art5_1b, DPDPA_S8"
tenant-c_log_03.json,345678901234,AWS_ACCOUNT_ID,19091,19103,"GDPR_Art5_1b, DPDPA_S8"
tenant-c_log_03.json,345678901234,AWS_ACCOUNT_ID,19255,19267,"GDPR_Art5_1b, DPDPA_S8"
tenant-c_log_03.json,345678901234,AWS_ACCOUNT_ID,19507,19519,"GDPR_Art5_1b, DPDPA_S8"
tenant-c_log_03.json,345678901234,AWS_ACCOUNT_ID,20378,20390,"GDPR_Art5_1b, DPDPA_S8"
tenant-c_log_03.json,345678901234,AWS_ACCOUNT_ID,20542,20554,"GDPR_Art5_1b, DPDPA_S8"
tenant-c_log_03.json,345678901234,AWS_ACCOUNT_ID,20794,20806,"GDPR_Art5_1b, DPDPA_S8"
tenant-c_log_03.json,345678901234,AWS_ACCOUNT_ID,21656,21668,"GDPR_Art5_1b, DPDPA_S8"
tenant-c_log_03.json,345678901234,AWS_ACCOUNT_ID,21820,21832,"GDPR_Art5_1b, DPDPA_S8"
tenant-c_log_03.json,345678901234,AWS_ACCOUNT_ID,22072,22084,"GDPR_Art5_1b, DPDPA_S8"
tenant-c_log_03.json,345678901234,AWS_ACCOUNT_ID,22941,22953,"GDPR_Art5_1b, DPDPA_S8"
tenant-c_log_03.json,345678901234,AWS_ACCOUNT_ID,23105,23117,"GDPR_Art5_1b, DPDPA_S8"
tenant-c_log_03.json,345678901234,AWS_ACCOUNT_ID,23357,23369,"GDPR_Art5_1b, DPDPA_S8"
tenant-c_log_03.json,345678901234,AWS_ACCOUNT_ID,24230,24242,"GDPR_Art5_1b, DPDPA_S8"
tenant-c_log_03.json,345678901234,AWS_ACCOUNT_ID,24394,24406,"GDPR_Art5_1b, DPDPA_S8"
tenant-c_log_03.json,345678901234,AWS_ACCOUNT_ID,24647,24659,"GDPR_Art5_1b, DPDPA_S8"
tenant-c_log_03.json,345678901234,AWS_ACCOUNT_ID,25516,25528,"GDPR_Art5_1b, DPDPA_S8"
tenant-c_log_03.json,345678901234,AWS_ACCOUNT_ID,25680,25692,"GDPR_Art5_1b, DPDPA_S8"
tenant-c_log_03.json,345678901234,AWS_ACCOUNT_ID,25933,25945,"GDPR_Art5_1b, DPDPA_S8"
tenant-c_log_03.json,345678901234,AWS_ACCOUNT_ID,26808,26820,"GDPR_Art5_1b, DPDPA_S8"
tenant-c_log_03.json,345678901234,AWS_ACCOUNT_ID,26972,26984,"GDPR_Art5_1b, DPDPA_S8"
tenant-c_log_03.json,345678901234,AWS_ACCOUNT_ID,27225,27237,"GDPR_Art5_1b, DPDPA_S8"
tenant-c_log_03.json,345678901234,AWS_ACCOUNT_ID,28102,28114,"GDPR_Art5_1b, DPDPA_S8"
tenant-c_log_03.json,345678901234,AWS_ACCOUNT_ID,28266,28278,"GDPR_Art5_1b, DPDPA_S8"
tenant-c_log_03.json,345678901234,AWS_ACCOUNT_ID,28519,28531,"GDPR_Art5_1b, DPDPA_S8"
tenant-c_log_03.json,345678901234,AWS_ACCOUNT_ID,29392,29404,"GDPR_Art5_1b, DPDPA_S8"
tenant-c_log_03.json,345678901234,AWS_ACCOUNT_ID,29556,29568,"GDPR_Art5_1b, DPDPA_S8"
tenant-c_log_03.json,345678901234,AWS_ACCOUNT_ID,29809,29821,"GDPR_Art5_1b, DPDPA_S8"
tenant-c_log_03.json,345678901234,AWS_ACCOUNT_ID,30675,30687,"GDPR_Art5_1b, DPDPA_S8"
tenant-c_log_03.json,345678901234,AWS_ACCOUNT_ID,30839,30851,"GDPR_Art5_1b, DPDPA_S8"
tenant-c_log_03.json,345678901234,AWS_ACCOUNT_ID,31091,31103,"GDPR_Art5_1b, DPDPA_S8"
tenant-c_log_03.json,345678901234,AWS_ACCOUNT_ID,31958,31970,"GDPR_Art5_1b, DPDPA_S8"
tenant-c_log_03.json,345678901234,AWS_ACCOUNT_ID,32122,32134,"GDPR_Art5_1b, DPDPA_S8"
tenant-c_log_03.json,345678901234,AWS_ACCOUNT_ID,32375,32387,"GDPR_Art5_1b, DPDPA_S8"
tenant-c_log_03.json,345678901234,AWS_ACCOUNT_ID,33250,33262,"GDPR_Art5_1b, DPDPA_S8"
tenant-c_log_03.json,345678901234,AWS_ACCOUNT_ID,33414,33426,"GDPR_Art5_1b, DPDPA_S8"
tenant-c_log_03.json,345678901234,AWS_ACCOUNT_ID,33666,33678,"GDPR_Art5_1b, DPDPA_S8"
tenant-c_log_03.json,345678901234,AWS_ACCOUNT_ID,34533,34545,"GDPR_Art5_1b, DPDPA_S8"
tenant-c_log_03.json,345678901234,AWS_ACCOUNT_ID,34697,34709,"GDPR_Art5_1b, DPDPA_S8"
tenant-c_log_03.json,345678901234,AWS_ACCOUNT_ID,34950,34962,"GDPR_Art5_1b, DPDPA_S8"
tenant-c_log_03.json,345678901234,AWS_ACCOUNT_ID,35820,35832,"GDPR_Art5_1b, DPDPA_S8"
tenant-c_log_03.json,345678901234,AWS_ACCOUNT_ID,35984,35996,"GDPR_Art5_1b, DPDPA_S8"
tenant-c_log_03.json,345678901234,AWS_ACCOUNT_ID,36237,36249,"GDPR_Art5_1b, DPDPA_S8"
tenant-c_log_03.json,345678901234,AWS_ACCOUNT_ID,37110,37122,"GDPR_Art5_1b, DPDPA_S8"
tenant-c_log_03.json,345678901234,AWS_ACCOUNT_ID,37274,37286,"GDPR_Art5_1b, DPDPA_S8"
tenant-c_log_03.json,345678901234,AWS_ACCOUNT_ID,37527,37539,"GDPR_Art5_1b, DPDPA_S8"
tenant-c_log_03.json,345678901234,AWS_ACCOUNT_ID,38399,38411,"GDPR_Art5_1b, DPDPA_S8"
tenant-c_log_03.json,345678901234,AWS_ACCOUNT_ID,38563,38575,"GDPR_Art5_1b, DPDPA_S8"
tenant-c_log_03.json,345678901234,AWS_ACCOUNT_ID,38815,38827,"GDPR_Art5_1b, DPDPA_S8"
tenant-c_log_03.json,345678901234,AWS_ACCOUNT_ID,39682,39694,"GDPR_Art5_1b, DPDPA_S8"
tenant-c_log_03.json,345678901234,AWS_ACCOUNT_ID,39846,39858,"GDPR_Art5_1b, DPDPA_S8"
tenant-c_log_03.json,345678901234,AWS_ACCOUNT_ID,40099,40111,"GDPR_Art5_1b, DPDPA_S8"
tenant-c_log_03.json,345678901234,AWS_ACCOUNT_ID,40969,40981,"GDPR_Art5_1b, DPDPA_S8"
tenant-c_log_03.json,345678901234,AWS_ACCOUNT_ID,41133,41145,"GDPR_Art5_1b, DPDPA_S8"
tenant-c_log_03.json,345678901234,AWS_ACCOUNT_ID,41386,41398,"GDPR_Art5_1b, DPDPA_S8"
tenant-c_log_03.json,345678901234,AWS_ACCOUNT_ID,42254,42266,"GDPR_Art5_1b, DPDPA_S8"
tenant-c_log_03.json,345678901234,AWS_ACCOUNT_ID,42418,42430,"GDPR_Art5_1b, DPDPA_S8"
tenant-c_log_03.json,345678901234,AWS_ACCOUNT_ID,42670,42682,"GDPR_Art5_1b, DPDPA_S8"
tenant-c_log_03.json,345678901234,AWS_ACCOUNT_ID,43533,43545,"GDPR_Art5_1b, DPDPA_S8"
tenant-c_log_03.json,345678901234,AWS_ACCOUNT_ID,43697,43709,"GDPR_Art5_1b, DPDPA_S8"
tenant-c_log_03.json,345678901234,AWS_ACCOUNT_ID,43950,43962,"GDPR_Art5_1b, DPDPA_S8"
tenant-c_log_03.json,345678901234,AWS_ACCOUNT_ID,44822,44834,"GDPR_Art5_1b, DPDPA_S8"
tenant-c_log_03.json,345678901234,AWS_ACCOUNT_ID,44986,44998,"GDPR_Art5_1b, DPDPA_S8"
tenant-c_log_03.json,345678901234,AWS_ACCOUNT_ID,45239,45251,"GDPR_Art5_1b, DPDPA_S8"
tenant-c_log_03.json,345678901234,AWS_ACCOUNT_ID,46112,46124,"GDPR_Art5_1b, DPDPA_S8"
tenant-c_log_03.json,345678901234,AWS_ACCOUNT_ID,46276,46288,"GDPR_Art5_1b, DPDPA_S8"
tenant-c_log_03.json,345678901234,AWS_ACCOUNT_ID,46528,46540,"GDPR_Art5_1b, DPDPA_S8"
tenant-c_log_03.json,345678901234,AWS_ACCOUNT_ID,47400,47412,"GDPR_Art5_1b, DPDPA_S8"
tenant-c_log_03.json,345678901234,AWS_ACCOUNT_ID,47564,47576,"GDPR_Art5_1b, DPDPA_S8"
tenant-c_log_03.json,345678901234,AWS_ACCOUNT_ID,47817,47829,"GDPR_Art5_1b, DPDPA_S8"
tenant-c_log_03.json,345678901234,AWS_ACCOUNT_ID,48689,48701,"GDPR_Art5_1b, DPDPA_S8"
tenant-c_log_03.json,345678901234,AWS_ACCOUNT_ID,48853,48865,"GDPR_Art5_1b, DPDPA_S8"
tenant-c_log_03.json,345678901234,AWS_ACCOUNT_ID,49106,49118,"GDPR_Art5_1b, DPDPA_S8"
tenant-c_log_03.json,345678901234,AWS_ACCOUNT_ID,49973,49985,"GDPR_Art5_1b, DPDPA_S8"
tenant-c_log_03.json,345678901234,AWS_ACCOUNT_ID,50137,50149,"GDPR_Art5_1b, DPDPA_S8"
tenant-c_log_03.json,345678901234,AWS_ACCOUNT_ID,50389,50401,"GDPR_Art5_1b, DPDPA_S8"
tenant-c_log_03.json,345678901234,AWS_ACCOUNT_ID,51262,51274,"GDPR_Art5_1b, DPDPA_S8"
tenant-c_log_03.json,345678901234,AWS_ACCOUNT_ID,51426,51438,"GDPR_Art5_1b, DPDPA_S8"
tenant-c_log_04.json,grace.iyer,PERSON,285,295,"GDPR_Art5_1a, DPDPA_S8"
tenant-c_log_04.json,iris.menon,PERSON,1566,1576,"GDPR_Art5_1a, DPDPA_S8"
tenant-c_log_04.json,grace.iyer,PERSON,2848,2858,"GDPR_Art5_1a, DPDPA_S8"
tenant-c_log_04.json,henry.das,PERSON,4132,4141,"GDPR_Art5_1a, DPDPA_S8"
tenant-c_log_04.json,grace.iyer,PERSON,5412,5422,"GDPR_Art5_1a, DPDPA_S8"
tenant-c_log_04.json,iris.menon,PERSON,6693,6703,"GDPR_Art5_1a, DPDPA_S8"
tenant-c_log_04.json,henry.das,PERSON,7979,7988,"GDPR_Art5_1a, DPDPA_S8"
tenant-c_log_04.json,iris.menon,PERSON,9257,9267,"GDPR_Art5_1a, DPDPA_S8"
tenant-c_log_04.json,grace.iyer,PERSON,10537,10547,"GDPR_Art5_1a, DPDPA_S8"
tenant-c_log_04.json,iris.menon,PERSON,11820,11830,"GDPR_Art5_1a, DPDPA_S8"
tenant-c_log_04.json,grace.iyer,PERSON,13106,13116,"GDPR_Art5_1a, DPDPA_S8"
tenant-c_log_04.json,grace.iyer,PERSON,14397,14407,"GDPR_Art5_1a, DPDPA_S8"
tenant-c_log_04.json,iris.menon,PERSON,15682,15692,"GDPR_Art5_1a, DPDPA_S8"
tenant-c_log_04.json,iris.menon,PERSON,16966,16976,"GDPR_Art5_1a, DPDPA_S8"
tenant-c_log_04.json,iris.menon,PERSON,18253,18263,"GDPR_Art5_1a, DPDPA_S8"
tenant-c_log_04.json,grace.iyer,PERSON,19544,19554,"GDPR_Art5_1a, DPDPA_S8"
tenant-c_log_04.json,grace.iyer,PERSON,20835,20845,"GDPR_Art5_1a, DPDPA_S8"
tenant-c_log_04.json,henry.das,PERSON,22121,22130,"GDPR_Art5_1a, DPDPA_S8"
tenant-c_log_04.json,henry.das,PERSON,23408,23417,"GDPR_Art5_1a, DPDPA_S8"
tenant-c_log_04.json,grace.iyer,PERSON,24699,24709,"GDPR_Art5_1a, DPDPA_S8"
tenant-c_log_04.json,henry.das,PERSON,25982,25991,"GDPR_Art5_1a, DPDPA_S8"
tenant-c_log_04.json,henry.das,PERSON,27271,27280,"GDPR_Art5_1a, DPDPA_S8"
tenant-c_log_04.json,iris.menon,PERSON,28567,28577,"GDPR_Art5_1a, DPDPA_S8"
tenant-c_log_04.json,iris.menon,PERSON,29860,29870,"GDPR_Art5_1a, DPDPA_S8"
tenant-c_log_04.json,henry.das,PERSON,31148,31157,"GDPR_Art5_1a, DPDPA_S8"
tenant-c_log_04.json,iris.menon,PERSON,32437,32447,"GDPR_Art5_1a, DPDPA_S8"
tenant-c_log_04.json,grace.iyer,PERSON,33726,33736,"GDPR_Art5_1a, DPDPA_S8"
tenant-c_log_04.json,grace.iyer,PERSON,35021,35031,"GDPR_Art5_1a, DPDPA_S8"
tenant-c_log_04.json,henry.das,PERSON,36306,36315,"GDPR_Art5_1a, DPDPA_S8"
tenant-c_log_04.json,grace.iyer,PERSON,37595,37605,"GDPR_Art5_1a, DPDPA_S8"
tenant-c_log_04.json,grace.iyer,PERSON,38886,38896,"GDPR_Art5_1a, DPDPA_S8"
tenant-c_log_04.json,henry.das,PERSON,40178,40187,"GDPR_Art5_1a, DPDPA_S8"
tenant-c_log_04.json,grace.iyer,PERSON,41468,41478,"GDPR_Art5_1a, DPDPA_S8"
tenant-c_log_04.json,iris.menon,PERSON,42755,42765,"GDPR_Art5_1a, DPDPA_S8"
tenant-c_log_04.json,henry.das,PERSON,44043,44052,"GDPR_Art5_1a, DPDPA_S8"
tenant-c_log_04.json,iris.menon,PERSON,45337,45347,"GDPR_Art5_1a, DPDPA_S8"
tenant-c_log_04.json,grace.iyer,PERSON,46624,46634,"GDPR_Art5_1a, DPDPA_S8"
tenant-c_log_04.json,henry.das,PERSON,47915,47924,"GDPR_Art5_1a, DPDPA_S8"
tenant-c_log_04.json,iris.menon,PERSON,49197,49207,"GDPR_Art5_1a, DPDPA_S8"
tenant-c_log_04.json,grace.iyer,PERSON,50494,50504,"GDPR_Art5_1a, DPDPA_S8"
tenant-c_log_04.json,206.144.85.107,IP_ADDRESS,680,694,"GDPR_Art5_1b, DPDPA_S8"
tenant-c_log_04.json,43.89.230.106,IP_ADDRESS,1961,1974,"GDPR_Art5_1b, DPDPA_S8"
tenant-c_log_04.json,213.234.33.218,IP_ADDRESS,3243,3257,"GDPR_Art5_1b, DPDPA_S8"
tenant-c_log_04.json,174.206.94.49,IP_ADDRESS,4526,4539,"GDPR_Art5_1b, DPDPA_S8"
tenant-c_log_04.json,73.147.98.134,IP_ADDRESS,5807,5820,"GDPR_Art5_1b, DPDPA_S8"
tenant-c_log_04.json,150.0.32.156,IP_ADDRESS,7088,7100,"GDPR_Art5_1b, DPDPA_S8"
tenant-c_log_04.json,5.245.4.174,IP_ADDRESS,8373,8384,"GDPR_Art5_1b, DPDPA_S8"
tenant-c_log_04.json,94.124.77.66,IP_ADDRESS,9652,9664,"GDPR_Art5_1b, DPDPA_S8"
tenant-c_log_04.json,205.208.34.157,IP_ADDRESS,10932,10946,"GDPR_Art5_1b, DPDPA_S8"
tenant-c_log_04.json,24.96.138.6,IP_ADDRESS,12215,12226,"GDPR_Art5_1b, DPDPA_S8"
tenant-c_log_04.json,159.154.225.164,IP_ADDRESS,13501,13516,"GDPR_Art5_1b, DPDPA_S8"
tenant-c_log_04.json,87.100.7.173,IP_ADDRESS,14792,14804,"GDPR_Art5_1b, DPDPA_S8"
tenant-c_log_04.json,125.2.110.217,IP_ADDRESS,16077,16090,"GDPR_Art5_1b, DPDPA_S8"
tenant-c_log_04.json,38.130.58.214,IP_ADDRESS,17361,17374,"GDPR_Art5_1b, DPDPA_S8"
tenant-c_log_04.json,104.81.75.189,IP_ADDRESS,18648,18661,"GDPR_Art5_1b, DPDPA_S8"
tenant-c_log_04.json,198.247.208.131,IP_ADDRESS,19939,19954,"GDPR_Art5_1b, DPDPA_S8"
tenant-c_log_04.json,73.89.146.18,IP_ADDRESS,21230,21242,"GDPR_Art5_1b, DPDPA_S8"
tenant-c_log_04.json,157.190.220.52,IP_ADDRESS,22515,22529,"GDPR_Art5_1b, DPDPA_S8"
tenant-c_log_04.json,114.103.170.214,IP_ADDRESS,23802,23817,"GDPR_Art5_1b, DPDPA_S8"
tenant-c_log_04.json,41.86.128.40,IP_ADDRESS,25094,25106,"GDPR_Art5_1b, DPDPA_S8"
tenant-c_log_04.json,190.117.109.196,IP_ADDRESS,26379,26394,"GDPR_Art5_1b, DPDPA_S8"
tenant-c_log_04.json,199.86.117.157,IP_ADDRESS,27668,27682,"GDPR_Art5_1b, DPDPA_S8"
tenant-c_log_04.json,72.161.204.50,IP_ADDRESS,28965,28978,"GDPR_Art5_1b, DPDPA_S8"
tenant-c_log_04.json,38.143.69.13,IP_ADDRESS,30258,30270,"GDPR_Art5_1b, DPDPA_S8"
tenant-c_log_04.json,201.151.129.211,IP_ADDRESS,31545,31560,"GDPR_Art5_1b, DPDPA_S8"
tenant-c_log_04.json,149.48.248.167,IP_ADDRESS,32835,32849,"GDPR_Art5_1b, DPDPA_S8"
tenant-c_log_04.json,32.154.62.94,IP_ADDRESS,34124,34136,"GDPR_Art5_1b, DPDPA_S8"
tenant-c_log_04.json,189.16.226.36,IP_ADDRESS,35419,35432,"GDPR_Art5_1b, DPDPA_S8"
tenant-c_log_04.json,142.114.250.56,IP_ADDRESS,36703,36717,"GDPR_Art5_1b, DPDPA_S8"
tenant-c_log_04.json,111.108.160.193,IP_ADDRESS,37993,38008,"GDPR_Art5_1b, DPDPA_S8"
tenant-c_log_04.json,60.238.53.170,IP_ADDRESS,39284,39297,"GDPR_Art5_1b, DPDPA_S8"
tenant-c_log_04.json,68.82.128.197,IP_ADDRESS,40575,40588,"GDPR_Art5_1b, DPDPA_S8"
tenant-c_log_04.json,50.120.188.32,IP_ADDRESS,41866,41879,"GDPR_Art5_1b, DPDPA_S8"
tenant-c_log_04.json,179.245.52.104,IP_ADDRESS,43153,43167,"GDPR_Art5_1b, DPDPA_S8"
tenant-c_log_04.json,128.42.177.173,IP_ADDRESS,44440,44454,"GDPR_Art5_1b, DPDPA_S8"
tenant-c_log_04.json,221.231.162.1,IP_ADDRESS,45735,45748,"GDPR_Art5_1b, DPDPA_S8"
tenant-c_log_04.json,51.240.118.61,IP_ADDRESS,47022,47035,"GDPR_Art5_1b, DPDPA_S8"
tenant-c_log_04.json,116.54.234.73,IP_ADDRESS,48312,48325,"GDPR_Art5_1b, DPDPA_S8"
tenant-c_log_04.json,198.141.250.185,IP_ADDRESS,49595,49610,"GDPR_Art5_1b, DPDPA_S8"
tenant-c_log_04.json,178.209.250.11,IP_ADDRESS,50892,50906,"GDPR_Art5_1b, DPDPA_S8"
tenant-c_log_04.json,arn:aws:iam::345678901234:user/grace.iyer,AWS_ARN,183,224,"GDPR_Art5_1b, DPDPA_S8"
tenant-c_log_04.json,arn:aws:s3:::tenant-c-prod,AWS_ARN,1060,1086,"GDPR_Art5_1b, DPDPA_S8"
tenant-c_log_04.json,arn:aws:iam::345678901234:user/iris.menon,AWS_ARN,1464,1505,"GDPR_Art5_1b, DPDPA_S8"
tenant-c_log_04.json,arn:aws:s3:::tenant-c-prod,AWS_ARN,2342,2368,"GDPR_Art5_1b, DPDPA_S8"
tenant-c_log_04.json,arn:aws:iam::345678901234:user/grace.iyer,AWS_ARN,2746,2787,"GDPR_Art5_1b, DPDPA_S8"
tenant-c_log_04.json,arn:aws:s3:::tenant-c-prod,AWS_ARN,3627,3653,"GDPR_Art5_1b, DPDPA_S8"
tenant-c_log_04.json,arn:aws:iam::345678901234:user/henry.das,AWS_ARN,4031,4071,"GDPR_Art5_1b, DPDPA_S8"
tenant-c_log_04.json,arn:aws:s3:::tenant-c-prod,AWS_ARN,4906,4932,"GDPR_Art5_1b, DPDPA_S8"
tenant-c_log_04.json,arn:aws:iam::345678901234:user/grace.iyer,AWS_ARN,5310,5351,"GDPR_Art5_1b, DPDPA_S8"
tenant-c_log_04.json,arn:aws:s3:::tenant-c-prod,AWS_ARN,6187,6213,"GDPR_Art5_1b, DPDPA_S8"
tenant-c_log_04.json,arn:aws:iam::345678901234:user/iris.menon,AWS_ARN,6591,6632,"GDPR_Art5_1b, DPDPA_S8"
tenant-c_log_04.json,arn:aws:s3:::tenant-c-prod,AWS_ARN,7474,7500,"GDPR_Art5_1b, DPDPA_S8"
tenant-c_log_04.json,arn:aws:iam::345678901234:user/henry.das,AWS_ARN,7878,7918,"GDPR_Art5_1b, DPDPA_S8"
tenant-c_log_04.json,arn:aws:s3:::tenant-c-prod,AWS_ARN,8751,8777,"GDPR_Art5_1b, DPDPA_S8"
tenant-c_log_04.json,arn:aws:iam::345678901234:user/iris.menon,AWS_ARN,9155,9196,"GDPR_Art5_1b, DPDPA_S8"
tenant-c_log_04.json,arn:aws:s3:::tenant-c-prod,AWS_ARN,10031,10057,"GDPR_Art5_1b, DPDPA_S8"
tenant-c_log_04.json,arn:aws:iam::345678901234:user/grace.iyer,AWS_ARN,10435,10476,"GDPR_Art5_1b, DPDPA_S8"
tenant-c_log_04.json,arn:aws:s3:::tenant-c-prod,AWS_ARN,11314,11340,"GDPR_Art5_1b, DPDPA_S8"
tenant-c_log_04.json,arn:aws:iam::345678901234:user/iris.menon,AWS_ARN,11718,11759,"GDPR_Art5_1b, DPDPA_S8"
tenant-c_log_04.json,arn:aws:s3:::tenant-c-prod,AWS_ARN,12600,12626,"GDPR_Art5_1b, DPDPA_S8"
tenant-c_log_04.json,arn:aws:iam::345678901234:user/grace.iyer,AWS_ARN,13004,13045,"GDPR_Art5_1b, DPDPA_S8"
tenant-c_log_04.json,arn:aws:s3:::tenant-c-archive,AWS_ARN,13888,13917,"GDPR_Art5_1b, DPDPA_S8"
tenant-c_log_04.json,arn:aws:iam::345678901234:user/grace.iyer,AWS_ARN,14295,14336,"GDPR_Art5_1b, DPDPA_S8"
tenant-c_log_04.json,arn:aws:s3:::tenant-c-archive,AWS_ARN,15173,15202,"GDPR_Art5_1b, DPDPA_S8"
tenant-c_log_04.json,arn:aws:iam::345678901234:user/iris.menon,AWS_ARN,15580,15621,"GDPR_Art5_1b, DPDPA_S8"
tenant-c_log_04.json,arn:aws:s3:::tenant-c-prod,AWS_ARN,16460,16486,"GDPR_Art5_1b, DPDPA_S8"
tenant-c_log_04.json,arn:aws:iam::345678901234:user/iris.menon,AWS_ARN,16864,16905,"GDPR_Art5_1b, DPDPA_S8"
tenant-c_log_04.json,arn:aws:s3:::tenant-c-archive,AWS_ARN,17744,17773,"GDPR_Art5_1b, DPDPA_S8"
tenant-c_log_04.json,arn:aws:iam::345678901234:user/iris.menon,AWS_ARN,18151,18192,"GDPR_Art5_1b, DPDPA_S8"
tenant-c_log_04.json,arn:aws:s3:::tenant-c-archive,AWS_ARN,19035,19064,"GDPR_Art5_1b, DPDPA_S8"
tenant-c_log_04.json,arn:aws:iam::345678901234:user/grace.iyer,AWS_ARN,19442,19483,"GDPR_Art5_1b, DPDPA_S8"
tenant-c_log_04.json,arn:aws:s3:::tenant-c-archive,AWS_ARN,20326,20355,"GDPR_Art5_1b, DPDPA_S8"
tenant-c_log_04.json,arn:aws:iam::345678901234:user/grace.iyer,AWS_ARN,20733,20774,"GDPR_Art5_1b, DPDPA_S8"
tenant-c_log_04.json,arn:aws:s3:::tenant-c-archive,AWS_ARN,21613,21642,"GDPR_Art5_1b, DPDPA_S8"
tenant-c_log_04.json,arn:aws:iam::345678901234:user/henry.das,AWS_ARN,22020,22060,"GDPR_Art5_1b, DPDPA_S8"
tenant-c_log_04.json,arn:aws:s3:::tenant-c-archive,AWS_ARN,22900,22929,"GDPR_Art5_1b, DPDPA_S8"
tenant-c_log_04.json,arn:aws:iam::345678901234:user/henry.das,AWS_ARN,23307,23347,"GDPR_Art5_1b, DPDPA_S8"
tenant-c_log_04.json,arn:aws:s3:::tenant-c-archive,AWS_ARN,24190,24219,"GDPR_Art5_1b, DPDPA_S8"
tenant-c_log_04.json,arn:aws:iam::345678901234:user/grace.iyer,AWS_ARN,24597,24638,"GDPR_Art5_1b, DPDPA_S8"
tenant-c_log_04.json,arn:aws:s3:::tenant-c-prod,AWS_ARN,25477,25503,"GDPR_Art5_1b, DPDPA_S8"
tenant-c_log_04.json,arn:aws:iam::345678901234:user/henry.das,AWS_ARN,25881,25921,"GDPR_Art5_1b, DPDPA_S8"
tenant-c_log_04.json,arn:aws:s3:::tenant-c-prod,AWS_ARN,26766,26792,"GDPR_Art5_1b, DPDPA_S8"
tenant-c_log_04.json,arn:aws:iam::345678901234:user/henry.das,AWS_ARN,27170,27210,"GDPR_Art5_1b, DPDPA_S8"
tenant-c_log_04.json,arn:aws:s3:::tenant-c-archive,AWS_ARN,28058,28087,"GDPR_Art5_1b, DPDPA_S8"
tenant-c_log_04.json,arn:aws:iam::345678901234:user/iris.menon,AWS_ARN,28465,28506,"GDPR_Art5_1b, DPDPA_S8"
tenant-c_log_04.json,arn:aws:s3:::tenant-c-archive,AWS_ARN,29351,29380,"GDPR_Art5_1b, DPDPA_S8"
tenant-c_log_04.json,arn:aws:iam::345678901234:user/iris.menon,AWS_ARN,29758,29799,"GDPR_Art5_1b, DPDPA_S8"
tenant-c_log_04.json,arn:aws:s3:::tenant-c-archive,AWS_ARN,30640,30669,"GDPR_Art5_1b, DPDPA_S8"
tenant-c_log_04.json,arn:aws:iam::345678901234:user/henry.das,AWS_ARN,31047,31087,"GDPR_Art5_1b, DPDPA_S8"
tenant-c_log_04.json,arn:aws:s3:::tenant-c-prod,AWS_ARN,31931,31957,"GDPR_Art5_1b, DPDPA_S8"
tenant-c_log_04.json,arn:aws:iam::345678901234:user/iris.menon,AWS_ARN,32335,32376,"GDPR_Art5_1b, DPDPA_S8"
tenant-c_log_04.json,arn:aws:s3:::tenant-c-prod,AWS_ARN,33220,33246,"GDPR_Art5_1b, DPDPA_S8"
tenant-c_log_04.json,arn:aws:iam::345678901234:user/grace.iyer,AWS_ARN,33624,33665,"GDPR_Art5_1b, DPDPA_S8"
tenant-c_log_04.json,arn:aws:s3:::tenant-c-archive,AWS_ARN,34512,34541,"GDPR_Art5_1b, DPDPA_S8"
tenant-c_log_04.json,arn:aws:iam::345678901234:user/grace.iyer,AWS_ARN,34919,34960,"GDPR_Art5_1b, DPDPA_S8"
tenant-c_log_04.json,arn:aws:s3:::tenant-c-prod,AWS_ARN,35801,35827,"GDPR_Art5_1b, DPDPA_S8"
tenant-c_log_04.json,arn:aws:iam::345678901234:user/henry.das,AWS_ARN,36205,36245,"GDPR_Art5_1b, DPDPA_S8"
tenant-c_log_04.json,arn:aws:s3:::tenant-c-prod,AWS_ARN,37089,37115,"GDPR_Art5_1b, DPDPA_S8"
tenant-c_log_04.json,arn:aws:iam::345678901234:user/grace.iyer,AWS_ARN,37493,37534,"GDPR_Art5_1b, DPDPA_S8"
tenant-c_log_04.json,arn:aws:s3:::tenant-c-prod,AWS_ARN,38380,38406,"GDPR_Art5_1b, DPDPA_S8"
tenant-c_log_04.json,arn:aws:iam::345678901234:user/grace.iyer,AWS_ARN,38784,38825,"GDPR_Art5_1b, DPDPA_S8"
tenant-c_log_04.json,arn:aws:s3:::tenant-c-archive,AWS_ARN,39670,39699,"GDPR_Art5_1b, DPDPA_S8"
tenant-c_log_04.json,arn:aws:iam::345678901234:user/henry.das,AWS_ARN,40077,40117,"GDPR_Art5_1b, DPDPA_S8"
tenant-c_log_04.json,arn:aws:s3:::tenant-c-archive,AWS_ARN,40959,40988,"GDPR_Art5_1b, DPDPA_S8"
tenant-c_log_04.json,arn:aws:iam::345678901234:user/grace.iyer,AWS_ARN,41366,41407,"GDPR_Art5_1b, DPDPA_S8"
tenant-c_log_04.json,arn:aws:s3:::tenant-c-prod,AWS_ARN,42249,42275,"GDPR_Art5_1b, DPDPA_S8"
tenant-c_log_04.json,arn:aws:iam::345678901234:user/iris.menon,AWS_ARN,42653,42694,"GDPR_Art5_1b, DPDPA_S8"
tenant-c_log_04.json,arn:aws:s3:::tenant-c-prod,AWS_ARN,43538,43564,"GDPR_Art5_1b, DPDPA_S8"
tenant-c_log_04.json,arn:aws:iam::345678901234:user/henry.das,AWS_ARN,43942,43982,"GDPR_Art5_1b, DPDPA_S8"
tenant-c_log_04.json,arn:aws:s3:::tenant-c-archive,AWS_ARN,44828,44857,"GDPR_Art5_1b, DPDPA_S8"
tenant-c_log_04.json,arn:aws:iam::345678901234:user/iris.menon,AWS_ARN,45235,45276,"GDPR_Art5_1b, DPDPA_S8"
tenant-c_log_04.json,arn:aws:s3:::tenant-c-prod,AWS_ARN,46118,46144,"GDPR_Art5_1b, DPDPA_S8"
tenant-c_log_04.json,arn:aws:iam::345678901234:user/grace.iyer,AWS_ARN,46522,46563,"GDPR_Art5_1b, DPDPA_S8"
tenant-c_log_04.json,arn:aws:s3:::tenant-c-archive,AWS_ARN,47407,47436,"GDPR_Art5_1b, DPDPA_S8"
tenant-c_log_04.json,arn:aws:iam::345678901234:user/henry.das,AWS_ARN,47814,47854,"GDPR_Art5_1b, DPDPA_S8"
tenant-c_log_04.json,arn:aws:s3:::tenant-c-prod,AWS_ARN,48691,48717,"GDPR_Art5_1b, DPDPA_S8"
tenant-c_log_04.json,arn:aws:iam::345678901234:user/iris.menon,AWS_ARN,49095,49136,"GDPR_Art5_1b, DPDPA_S8"
tenant-c_log_04.json,arn:aws:s3:::tenant-c-prod,AWS_ARN,49988,50014,"GDPR_Art5_1b, DPDPA_S8"
tenant-c_log_04.json,arn:aws:iam::345678901234:user/grace.iyer,AWS_ARN,50392,50433,"GDPR_Art5_1b, DPDPA_S8"
tenant-c_log_04.json,arn:aws:s3:::tenant-c-archive,AWS_ARN,51277,51306,"GDPR_Art5_1b, DPDPA_S8"
tenant-c_log_04.json,345678901234,AWS_ACCOUNT_ID,249,261,"GDPR_Art5_1b, DPDPA_S8"
tenant-c_log_04.json,345678901234,AWS_ACCOUNT_ID,1113,1125,"GDPR_Art5_1b, DPDPA_S8"
tenant-c_log_04.json,345678901234,AWS_ACCOUNT_ID,1277,1289,"GDPR_Art5_1b, DPDPA_S8"
tenant-c_log_04.json,345678901234,AWS_ACCOUNT_ID,1530,1542,"GDPR_Art5_1b, DPDPA_S8"
tenant-c_log_04.json,345678901234,AWS_ACCOUNT_ID,2395,2407,"GDPR_Art5_1b, DPDPA_S8"
tenant-c_log_04.json,345678901234,AWS_ACCOUNT_ID,2559,2571,"GDPR_Art5_1b, DPDPA_S8"
tenant-c_log_04.json,345678901234,AWS_ACCOUNT_ID,2812,2824,"GDPR_Art5_1b, DPDPA_S8"
tenant-c_log_04.json,345678901234,AWS_ACCOUNT_ID,3680,3692,"GDPR_Art5_1b, DPDPA_S8"
tenant-c_log_04.json,345678901234,AWS_ACCOUNT_ID,3844,3856,"GDPR_Art5_1b, DPDPA_S8"
tenant-c_log_04.json,345678901234,AWS_ACCOUNT_ID,4096,4108,"GDPR_Art5_1b, DPDPA_S8"
tenant-c_log_04.json,345678901234,AWS_ACCOUNT_ID,4959,4971,"GDPR_Art5_1b, DPDPA_S8"
tenant-c_log_04.json,345678901234,AWS_ACCOUNT_ID,5123,5135,"GDPR_Art5_1b, DPDPA_S8"
tenant-c_log_04.json,345678901234,AWS_ACCOUNT_ID,5376,5388,"GDPR_Art5_1b, DPDPA_S8"
tenant-c_log_04.json,345678901234,AWS_ACCOUNT_ID,6240,6252,"GDPR_Art5_1b, DPDPA_S8"
tenant-c_log_04.json,345678901234,AWS_ACCOUNT_ID,6404,6416,"GDPR_Art5_1b, DPDPA_S8"
tenant-c_log_04.json,345678901234,AWS_ACCOUNT_ID,6657,6669,"GDPR_Art5_1b, DPDPA_S8"
tenant-c_log_04.json,345678901234,AWS_ACCOUNT_ID,7527,7539,"GDPR_Art5_1b, DPDPA_S8"
tenant-c_log_04.json,345678901234,AWS_ACCOUNT_ID,7691,7703,"GDPR_Art5_1b, DPDPA_S8"
tenant-c_log_04.json,345678901234,AWS_ACCOUNT_ID,7943,7955,"GDPR_Art5_1b, DPDPA_S8"
tenant-c_log_04.json,345678901234,AWS_ACCOUNT_ID,8804,8816,"GDPR_Art5_1b, DPDPA_S8"
tenant-c_log_04.json,345678901234,AWS_ACCOUNT_ID,8968,8980,"GDPR_Art5_1b, DPDPA_S8"
tenant-c_log_04.json,345678901234,AWS_ACCOUNT_ID,9221,9233,"GDPR_Art5_1b, DPDPA_S8"
tenant-c_log_04.json,345678901234,AWS_ACCOUNT_ID,10084,10096,"GDPR_Art5_1b, DPDPA_S8"
tenant-c_log_04.json,345678901234,AWS_ACCOUNT_ID,10248,10260,"GDPR_Art5_1b, DPDPA_S8"
tenant-c_log_04.json,345678901234,AWS_ACCOUNT_ID,10501,10513,"GDPR_Art5_1b, DPDPA_S8"
tenant-c_log_04.json,345678901234,AWS_ACCOUNT_ID,11367,11379,"GDPR_Art5_1b, DPDPA_S8"
tenant-c_log_04.json,345678901234,AWS_ACCOUNT_ID,11531,11543,"GDPR_Art5_1b, DPDPA_S8"
tenant-c_log_04.json,345678901234,AWS_ACCOUNT_ID,11784,11796,"GDPR_Art5_1b, DPDPA_S8"
tenant-c_log_04.json,345678901234,AWS_ACCOUNT_ID,12653,12665,"GDPR_Art5_1b, DPDPA_S8"
tenant-c_log_04.json,345678901234,AWS_ACCOUNT_ID,12817,12829,"GDPR_Art5_1b, DPDPA_S8"
tenant-c_log_04.json,345678901234,AWS_ACCOUNT_ID,13070,13082,"GDPR_Art5_1b, DPDPA_S8"
tenant-c_log_04.json,345678901234,AWS_ACCOUNT_ID,13944,13956,"GDPR_Art5_1b, DPDPA_S8"
tenant-c_log_04.json,345678901234,AWS_ACCOUNT_ID,14108,14120,"GDPR_Art5_1b, DPDPA_S8"
tenant-c_log_04.json,345678901234,AWS_ACCOUNT_ID,14361,14373,"GDPR_Art5_1b, DPDPA_S8"
tenant-c_log_04.json,345678901234,AWS_ACCOUNT_ID,15229,15241,"GDPR_Art5_1b, DPDPA_S8"
tenant-c_log_04.json,345678901234,AWS_ACCOUNT_ID,15393,15405,"GDPR_Art5_1b, DPDPA_S8"
tenant-c_log_04.json,345678901234,AWS_ACCOUNT_ID,15646,15658,"GDPR_Art5_1b, DPDPA_S8"
tenant-c_log_04.json,345678901234,AWS_ACCOUNT_ID,16513,16525,"GDPR_Art5_1b, DPDPA_S8"
tenant-c_log_04.json,345678901234,AWS_ACCOUNT_ID,16677,16689,"GDPR_Art5_1b, DPDPA_S8"
tenant-c_log_04.json,345678901234,AWS_ACCOUNT_ID,16930,16942,"GDPR_Art5_1b, DPDPA_S8"
tenant-c_log_04.json,345678901234,AWS_ACCOUNT_ID,17800,17812,"GDPR_Art5_1b, DPDPA_S8"
tenant-c_log_04.json,345678901234,AWS_ACCOUNT_ID,17964,17976,"GDPR_Art5_1b, DPDPA_S8"
tenant-c_log_04.json,345678901234,AWS_ACCOUNT_ID,18217,18229,"GDPR_Art5_1b, DPDPA_S8"
tenant-c_log_04.json,345678901234,AWS_ACCOUNT_ID,19091,19103,"GDPR_Art5_1b, DPDPA_S8"
tenant-c_log_04.json,345678901234,AWS_ACCOUNT_ID,19255,19267,"GDPR_Art5_1b, DPDPA_S8"
tenant-c_log_04.json,345678901234,AWS_ACCOUNT_ID,19508,19520,"GDPR_Art5_1b, DPDPA_S8"
tenant-c_log_04.json,345678901234,AWS_ACCOUNT_ID,20382,20394,"GDPR_Art5_1b, DPDPA_S8"
tenant-c_log_04.json,345678901234,AWS_ACCOUNT_ID,20546,20558,"GDPR_Art5_1b, DPDPA_S8"
tenant-c_log_04.json,345678901234,AWS_ACCOUNT_ID,20799,20811,"GDPR_Art5_1b, DPDPA_S8"
tenant-c_log_04.json,345678901234,AWS_ACCOUNT_ID,21669,21681,"GDPR_Art5_1b, DPDPA_S8"
tenant-c_log_04.json,345678901234,AWS_ACCOUNT_ID,21833,21845,"GDPR_Art5_1b, DPDPA_S8"
tenant-c_log_04.json,345678901234,AWS_ACCOUNT_ID,22085,22097,"GDPR_Art5_1b, DPDPA_S8"
tenant-c_log_04.json,345678901234,AWS_ACCOUNT_ID,22956,22968,"GDPR_Art5_1b, DPDPA_S8"
tenant-c_log_04.json,345678901234,AWS_ACCOUNT_ID,23120,23132,"GDPR_Art5_1b, DPDPA_S8"
tenant-c_log_04.json,345678901234,AWS_ACCOUNT_ID,23372,23384,"GDPR_Art5_1b, DPDPA_S8"
tenant-c_log_04.json,345678901234,AWS_ACCOUNT_ID,24246,24258,"GDPR_Art5_1b, DPDPA_S8"
tenant-c_log_04.json,345678901234,AWS_ACCOUNT_ID,24410,24422,"GDPR_Art5_1b, DPDPA_S8"
tenant-c_log_04.json,345678901234,AWS_ACCOUNT_ID,24663,24675,"GDPR_Art5_1b, DPDPA_S8"
tenant-c_log_04.json,345678901234,AWS_ACCOUNT_ID,25530,25542,"GDPR_Art5_1b, DPDPA_S8"
tenant-c_log_04.json,345678901234,AWS_ACCOUNT_ID,25694,25706,"GDPR_Art5_1b, DPDPA_S8"
tenant-c_log_04.json,345678901234,AWS_ACCOUNT_ID,25946,25958,"GDPR_Art5_1b, DPDPA_S8"
tenant-c_log_04.json,345678901234,AWS_ACCOUNT_ID,26819,26831,"GDPR_Art5_1b, DPDPA_S8"
tenant-c_log_04.json,345678901234,AWS_ACCOUNT_ID,26983,26995,"GDPR_Art5_1b, DPDPA_S8"
tenant-c_log_04.json,345678901234,AWS_ACCOUNT_ID,27235,27247,"GDPR_Art5_1b, DPDPA_S8"
tenant-c_log_04.json,345678901234,AWS_ACCOUNT_ID,28114,28126,"GDPR_Art5_1b, DPDPA_S8"
tenant-c_log_04.json,345678901234,AWS_ACCOUNT_ID,28278,28290,"GDPR_Art5_1b, DPDPA_S8"
tenant-c_log_04.json,345678901234,AWS_ACCOUNT_ID,28531,28543,"GDPR_Art5_1b, DPDPA_S8"
tenant-c_log_04.json,345678901234,AWS_ACCOUNT_ID,29407,29419,"GDPR_Art5_1b, DPDPA_S8"
tenant-c_log_04.json,345678901234,AWS_ACCOUNT_ID,29571,29583,"GDPR_Art5_1b, DPDPA_S8"
tenant-c_log_04.json,345678901234,AWS_ACCOUNT_ID,29824,29836,"GDPR_Art5_1b, DPDPA_S8"
tenant-c_log_04.json,345678901234,AWS_ACCOUNT_ID,30696,30708,"GDPR_Art5_1b, DPDPA_S8"
tenant-c_log_04.json,345678901234,AWS_ACCOUNT_ID,30860,30872,"GDPR_Art5_1b, DPDPA_S8"
tenant-c_log_04.json,345678901234,AWS_ACCOUNT_ID,31112,31124,"GDPR_Art5_1b, DPDPA_S8"
tenant-c_log_04.json,345678901234,AWS_ACCOUNT_ID,31984,31996,"GDPR_Art5_1b, DPDPA_S8"
tenant-c_log_04.json,345678901234,AWS_ACCOUNT_ID,32148,32160,"GDPR_Art5_1b, DPDPA_S8"
tenant-c_log_04.json,345678901234,AWS_ACCOUNT_ID,32401,32413,"GDPR_Art5_1b, DPDPA_S8"
tenant-c_log_04.json,345678901234,AWS_ACCOUNT_ID,33273,33285,"GDPR_Art5_1b, DPDPA_S8"
tenant-c_log_04.json,345678901234,AWS_ACCOUNT_ID,33437,33449,"GDPR_Art5_1b, DPDPA_S8"
tenant-c_log_04.json,345678901234,AWS_ACCOUNT_ID,33690,33702,"GDPR_Art5_1b, DPDPA_S8"
tenant-c_log_04.json,345678901234,AWS_ACCOUNT_ID,34568,34580,"GDPR_Art5_1b, DPDPA_S8"
tenant-c_log_04.json,345678901234,AWS_ACCOUNT_ID,34732,34744,"GDPR_Art5_1b, DPDPA_S8"
tenant-c_log_04.json,345678901234,AWS_ACCOUNT_ID,34985,34997,"GDPR_Art5_1b, DPDPA_S8"
tenant-c_log_04.json,345678901234,AWS_ACCOUNT_ID,35854,35866,"GDPR_Art5_1b, DPDPA_S8"
tenant-c_log_04.json,345678901234,AWS_ACCOUNT_ID,36018,36030,"GDPR_Art5_1b, DPDPA_S8"
tenant-c_log_04.json,345678901234,AWS_ACCOUNT_ID,36270,36282,"GDPR_Art5_1b, DPDPA_S8"
tenant-c_log_04.json,345678901234,AWS_ACCOUNT_ID,37142,37154,"GDPR_Art5_1b, DPDPA_S8"
tenant-c_log_04.json,345678901234,AWS_ACCOUNT_ID,37306,37318,"GDPR_Art5_1b, DPDPA_S8"
tenant-c_log_04.json,345678901234,AWS_ACCOUNT_ID,37559,37571,"GDPR_Art5_1b, DPDPA_S8"
tenant-c_log_04.json,345678901234,AWS_ACCOUNT_ID,38433,38445,"GDPR_Art5_1b, DPDPA_S8"
tenant-c_log_04.json,345678901234,AWS_ACCOUNT_ID,38597,38609,"GDPR_Art5_1b, DPDPA_S8"
tenant-c_log_04.json,345678901234,AWS_ACCOUNT_ID,38850,38862,"GDPR_Art5_1b, DPDPA_S8"
tenant-c_log_04.json,345678901234,AWS_ACCOUNT_ID,39726,39738,"GDPR_Art5_1b, DPDPA_S8"
tenant-c_log_04.json,345678901234,AWS_ACCOUNT_ID,39890,39902,"GDPR_Art5_1b, DPDPA_S8"
tenant-c_log_04.json,345678901234,AWS_ACCOUNT_ID,40142,40154,"GDPR_Art5_1b, DPDPA_S8"
tenant-c_log_04.json,345678901234,AWS_ACCOUNT_ID,41015,41027,"GDPR_Art5_1b, DPDPA_S8"
tenant-c_log_04.json,345678901234,AWS_ACCOUNT_ID,41179,41191,"GDPR_Art5_1b, DPDPA_S8"
tenant-c_log_04.json,345678901234,AWS_ACCOUNT_ID,41432,41444,"GDPR_Art5_1b, DPDPA_S8"
tenant-c_log_04.json,345678901234,AWS_ACCOUNT_ID,42302,42314,"GDPR_Art5_1b, DPDPA_S8"
tenant-c_log_04.json,345678901234,AWS_ACCOUNT_ID,42466,42478,"GDPR_Art5_1b, DPDPA_S8"
tenant-c_log_04.json,345678901234,AWS_ACCOUNT_ID,42719,42731,"GDPR_Art5_1b, DPDPA_S8"
tenant-c_log_04.json,345678901234,AWS_ACCOUNT_ID,43591,43603,"GDPR_Art5_1b, DPDPA_S8"
tenant-c_log_04.json,345678901234,AWS_ACCOUNT_ID,43755,43767,"GDPR_Art5_1b, DPDPA_S8"
tenant-c_log_04.json,345678901234,AWS_ACCOUNT_ID,44007,44019,"GDPR_Art5_1b, DPDPA_S8"
tenant-c_log_04.json,345678901234,AWS_ACCOUNT_ID,44884,44896,"GDPR_Art5_1b, DPDPA_S8"
tenant-c_log_04.json,345678901234,AWS_ACCOUNT_ID,45048,45060,"GDPR_Art5_1b, DPDPA_S8"
tenant-c_log_04.json,345678901234,AWS_ACCOUNT_ID,45301,45313,"GDPR_Art5_1b, DPDPA_S8"
tenant-c_log_04.json,345678901234,AWS_ACCOUNT_ID,46171,46183,"GDPR_Art5_1b, DPDPA_S8"
tenant-c_log_04.json,345678901234,AWS_ACCOUNT_ID,46335,46347,"GDPR_Art5_1b, DPDPA_S8"
tenant-c_log_04.json,345678901234,AWS_ACCOUNT_ID,46588,46600,"GDPR_Art5_1b, DPDPA_S8"
tenant-c_log_04.json,345678901234,AWS_ACCOUNT_ID,47463,47475,"GDPR_Art5_1b, DPDPA_S8"
tenant-c_log_04.json,345678901234,AWS_ACCOUNT_ID,47627,47639,"GDPR_Art5_1b, DPDPA_S8"
tenant-c_log_04.json,345678901234,AWS_ACCOUNT_ID,47879,47891,"GDPR_Art5_1b, DPDPA_S8"
tenant-c_log_04.json,345678901234,AWS_ACCOUNT_ID,48744,48756,"GDPR_Art5_1b, DPDPA_S8"
tenant-c_log_04.json,345678901234,AWS_ACCOUNT_ID,48908,48920,"GDPR_Art5_1b, DPDPA_S8"
tenant-c_log_04.json,345678901234,AWS_ACCOUNT_ID,49161,49173,"GDPR_Art5_1b, DPDPA_S8"
tenant-c_log_04.json,345678901234,AWS_ACCOUNT_ID,50041,50053,"GDPR_Art5_1b, DPDPA_S8"
tenant-c_log_04.json,345678901234,AWS_ACCOUNT_ID,50205,50217,"GDPR_Art5_1b, DPDPA_S8"
tenant-c_log_04.json,345678901234,AWS_ACCOUNT_ID,50458,50470,"GDPR_Art5_1b, DPDPA_S8"
tenant-c_log_04.json,345678901234,AWS_ACCOUNT_ID,51333,51345,"GDPR_Art5_1b, DPDPA_S8"
tenant-c_log_04.json,345678901234,AWS_ACCOUNT_ID,51497,51509,"GDPR_Art5_1b, DPDPA_S8"
tenant-c_log_05.json,grace.iyer,PERSON,285,295,"GDPR_Art5_1a, DPDPA_S8"
tenant-c_log_05.json,iris.menon,PERSON,1571,1581,"GDPR_Art5_1a, DPDPA_S8"
tenant-c_log_05.json,grace.iyer,PERSON,2864,2874,"GDPR_Art5_1a, DPDPA_S8"
tenant-c_log_05.json,iris.menon,PERSON,4143,4153,"GDPR_Art5_1a, DPDPA_S8"
tenant-c_log_05.json,henry.das,PERSON,5426,5435,"GDPR_Art5_1a, DPDPA_S8"
tenant-c_log_05.json,grace.iyer,PERSON,6709,6719,"GDPR_Art5_1a, DPDPA_S8"
tenant-c_log_05.json,iris.menon,PERSON,7992,8002,"GDPR_Art5_1a, DPDPA_S8"
tenant-c_log_05.json,iris.menon,PERSON,9271,9281,"GDPR_Art5_1a, DPDPA_S8"
tenant-c_log_05.json,grace.iyer,PERSON,10556,10566,"GDPR_Art5_1a, DPDPA_S8"
tenant-c_log_05.json,henry.das,PERSON,11837,11846,"GDPR_Art5_1a, DPDPA_S8"
tenant-c_log_05.json,grace.iyer,PERSON,13122,13132,"GDPR_Art5_1a, DPDPA_S8"
tenant-c_log_05.json,grace.iyer,PERSON,14410,14420,"GDPR_Art5_1a, DPDPA_S8"
tenant-c_log_05.json,henry.das,PERSON,15698,15707,"GDPR_Art5_1a, DPDPA_S8"
tenant-c_log_05.json,henry.das,PERSON,16982,16991,"GDPR_Art5_1a, DPDPA_S8"
tenant-c_log_05.json,grace.iyer,PERSON,18271,18281,"GDPR_Art5_1a, DPDPA_S8"
tenant-c_log_05.json,henry.das,PERSON,19562,19571,"GDPR_Art5_1a, DPDPA_S8"
tenant-c_log_05.json,henry.das,PERSON,20851,20860,"GDPR_Art5_1a, DPDPA_S8"
tenant-c_log_05.json,henry.das,PERSON,22135,22144,"GDPR_Art5_1a, DPDPA_S8"
tenant-c_log_05.json,grace.iyer,PERSON,23413,23423,"GDPR_Art5_1a, DPDPA_S8"
tenant-c_log_05.json,grace.iyer,PERSON,24701,24711,"GDPR_Art5_1a, DPDPA_S8"
tenant-c_log_05.json,grace.iyer,PERSON,25983,25993,"GDPR_Art5_1a, DPDPA_S8"
tenant-c_log_05.json,iris.menon,PERSON,27268,27278,"GDPR_Art5_1a, DPDPA_S8"
tenant-c_log_05.json,iris.menon,PERSON,28559,28569,"GDPR_Art5_1a, DPDPA_S8"
tenant-c_log_05.json,grace.iyer,PERSON,29845,29855,"GDPR_Art5_1a, DPDPA_S8"
tenant-c_log_05.json,iris.menon,PERSON,31129,31139,"GDPR_Art5_1a, DPDPA_S8"
tenant-c_log_05.json,grace.iyer,PERSON,32416,32426,"GDPR_Art5_1a, DPDPA_S8"
tenant-c_log_05.json,grace.iyer,PERSON,33714,33724,"GDPR_Art5_1a, DPDPA_S8"
tenant-c_log_05.json,iris.menon,PERSON,35001,35011,"GDPR_Art5_1a, DPDPA_S8"
tenant-c_log_05.json,grace.iyer,PERSON,36291,36301,"GDPR_Art5_1a, DPDPA_S8"
tenant-c_log_05.json,iris.menon,PERSON,37585,37595,"GDPR_Art5_1a, DPDPA_S8"
tenant-c_log_05.json,grace.iyer,PERSON,38881,38891,"GDPR_Art5_1a, DPDPA_S8"
tenant-c_log_05.json,henry.das,PERSON,40169,40178,"GDPR_Art5_1a, DPDPA_S8"
tenant-c_log_05.json,henry.das,PERSON,41453,41462,"GDPR_Art5_1a, DPDPA_S8"
tenant-c_log_05.json,grace.iyer,PERSON,42736,42746,"GDPR_Art5_1a, DPDPA_S8"
tenant-c_log_05.json,grace.iyer,PERSON,44024,44034,"GDPR_Art5_1a, DPDPA_S8"
tenant-c_log_05.json,henry.das,PERSON,45313,45322,"GDPR_Art5_1a, DPDPA_S8"
tenant-c_log_05.json,grace.iyer,PERSON,46602,46612,"GDPR_Art5_1a, DPDPA_S8"
tenant-c_log_05.json,grace.iyer,PERSON,47891,47901,"GDPR_Art5_1a, DPDPA_S8"
tenant-c_log_05.json,iris.menon,PERSON,49174,49184,"GDPR_Art5_1a, DPDPA_S8"
tenant-c_log_05.json,grace.iyer,PERSON,50465,50475,"GDPR_Art5_1a, DPDPA_S8"
tenant-c_log_05.json,25.97.85.158,IP_ADDRESS,680,692,"GDPR_Art5_1b, DPDPA_S8"
tenant-c_log_05.json,42.237.70.173,IP_ADDRESS,1966,1979,"GDPR_Art5_1b, DPDPA_S8"
tenant-c_log_05.json,176.134.81.237,IP_ADDRESS,3259,3273,"GDPR_Art5_1b, DPDPA_S8"
tenant-c_log_05.json,33.176.167.122,IP_ADDRESS,4538,4552,"GDPR_Art5_1b, DPDPA_S8"
tenant-c_log_05.json,88.236.18.216,IP_ADDRESS,5820,5833,"GDPR_Art5_1b, DPDPA_S8"
tenant-c_log_05.json,156.184.16.23,IP_ADDRESS,7104,7117,"GDPR_Art5_1b, DPDPA_S8"
tenant-c_log_05.json,182.9.25.237,IP_ADDRESS,8387,8399,"GDPR_Art5_1b, DPDPA_S8"
tenant-c_log_05.json,60.249.111.188,IP_ADDRESS,9666,9680,"GDPR_Art5_1b, DPDPA_S8"
tenant-c_log_05.json,151.18.177.127,IP_ADDRESS,10951,10965,"GDPR_Art5_1b, DPDPA_S8"
tenant-c_log_05.json,117.165.188.104,IP_ADDRESS,12231,12246,"GDPR_Art5_1b, DPDPA_S8"
tenant-c_log_05.json,154.202.42.161,IP_ADDRESS,13517,13531,"GDPR_Art5_1b, DPDPA_S8"
tenant-c_log_05.json,173.219.136.183,IP_ADDRESS,14805,14820,"GDPR_Art5_1b, DPDPA_S8"
tenant-c_log_05.json,133.93.130.175,IP_ADDRESS,16092,16106,"GDPR_Art5_1b, DPDPA_S8"
tenant-c_log_05.json,32.188.35.84,IP_ADDRESS,17376,17388,"GDPR_Art5_1b, DPDPA_S8"
tenant-c_log_05.json,203.9.84.254,IP_ADDRESS,18666,18678,"GDPR_Art5_1b, DPDPA_S8"
tenant-c_log_05.json,59.162.122.102,IP_ADDRESS,19956,19970,"GDPR_Art5_1b, DPDPA_S8"
tenant-c_log_05.json,147.172.168.53,IP_ADDRESS,21245,21259,"GDPR_Art5_1b, DPDPA_S8"
tenant-c_log_05.json,14.8.22.152,IP_ADDRESS,22529,22540,"GDPR_Art5_1b, DPDPA_S8"
tenant-c_log_05.json,143.68.254.181,IP_ADDRESS,23808,23822,"GDPR_Art5_1b, DPDPA_S8"
tenant-c_log_05.json,112.196.112.192,IP_ADDRESS,25096,25111,"GDPR_Art5_1b, DPDPA_S8"
tenant-c_log_05.json,36.7.10.50,IP_ADDRESS,26381,26391,"GDPR_Art5_1b, DPDPA_S8"
tenant-c_log_05.json,83.87.235.27,IP_ADDRESS,27666,27678,"GDPR_Art5_1b, DPDPA_S8"
tenant-c_log_05.json,200.176.16.137,IP_ADDRESS,28957,28971,"GDPR_Art5_1b, DPDPA_S8"
tenant-c_log_05.json,43.95.238.16,IP_ADDRESS,30243,30255,"GDPR_Art5_1b, DPDPA_S8"
tenant-c_log_05.json,157.56.216.32,IP_ADDRESS,31527,31540,"GDPR_Art5_1b, DPDPA_S8"
tenant-c_log_05.json,199.159.102.233,IP_ADDRESS,32814,32829,"GDPR_Art5_1b, DPDPA_S8"
tenant-c_log_05.json,101.113.86.162,IP_ADDRESS,34112,34126,"GDPR_Art5_1b, DPDPA_S8"
tenant-c_log_05.json,59.149.224.73,IP_ADDRESS,35399,35412,"GDPR_Art5_1b, DPDPA_S8"
tenant-c_log_05.json,196.240.194.136,IP_ADDRESS,36689,36704,"GDPR_Art5_1b, DPDPA_S8"
tenant-c_log_05.json,112.249.207.173,IP_ADDRESS,37983,37998,"GDPR_Art5_1b, DPDPA_S8"
tenant-c_log_05.json,32.157.246.58,IP_ADDRESS,39279,39292,"GDPR_Art5_1b, DPDPA_S8"
tenant-c_log_05.json,167.241.141.139,IP_ADDRESS,40566,40581,"GDPR_Art5_1b, DPDPA_S8"
tenant-c_log_05.json,97.51.26.141,IP_ADDRESS,41850,41862,"GDPR_Art5_1b, DPDPA_S8"
tenant-c_log_05.json,149.168.234.53,IP_ADDRESS,43134,43148,"GDPR_Art5_1b, DPDPA_S8"
tenant-c_log_05.json,29.204.15.174,IP_ADDRESS,44422,44435,"GDPR_Art5_1b, DPDPA_S8"
tenant-c_log_05.json,172.167.154.116,IP_ADDRESS,45710,45725,"GDPR_Art5_1b, DPDPA_S8"
tenant-c_log_05.json,190.183.103.188,IP_ADDRESS,47000,47015,"GDPR_Art5_1b, DPDPA_S8"
tenant-c_log_05.json,175.169.6.39,IP_ADDRESS,48289,48301,"GDPR_Art5_1b, DPDPA_S8"
tenant-c_log_05.json,66.123.44.73,IP_ADDRESS,49572,49584,"GDPR_Art5_1b, DPDPA_S8"
tenant-c_log_05.json,27.61.118.252,IP_ADDRESS,50863,50876,"GDPR_Art5_1b, DPDPA_S8"
tenant-c_log_05.json,arn:aws:iam::345678901234:user/grace.iyer,AWS_ARN,183,224,"GDPR_Art5_1b, DPDPA_S8"
tenant-c_log_05.json,arn:aws:s3:::tenant-c-archive,AWS_ARN,1062,1091,"GDPR_Art5_1b, DPDPA_S8"
tenant-c_log_05.json,arn:aws:iam::345678901234:user/iris.menon,AWS_ARN,1469,1510,"GDPR_Art5_1b, DPDPA_S8"
tenant-c_log_05.json,arn:aws:s3:::tenant-c-archive,AWS_ARN,2355,2384,"GDPR_Art5_1b, DPDPA_S8"
tenant-c_log_05.json,arn:aws:iam::345678901234:user/grace.iyer,AWS_ARN,2762,2803,"GDPR_Art5_1b, DPDPA_S8"
tenant-c_log_05.json,arn:aws:s3:::tenant-c-prod,AWS_ARN,3637,3663,"GDPR_Art5_1b, DPDPA_S8"
tenant-c_log_05.json,arn:aws:iam::345678901234:user/iris.menon,AWS_ARN,4041,4082,"GDPR_Art5_1b, DPDPA_S8"
tenant-c_log_05.json,arn:aws:s3:::tenant-c-prod,AWS_ARN,4921,4947,"GDPR_Art5_1b, DPDPA_S8"
tenant-c_log_05.json,arn:aws:iam::345678901234:user/henry.das,AWS_ARN,5325,5365,"GDPR_Art5_1b, DPDPA_S8"
tenant-c_log_05.json,arn:aws:s3:::tenant-c-prod,AWS_ARN,6203,6229,"GDPR_Art5_1b, DPDPA_S8"
tenant-c_log_05.json,arn:aws:iam::345678901234:user/grace.iyer,AWS_ARN,6607,6648,"GDPR_Art5_1b, DPDPA_S8"
tenant-c_log_05.json,arn:aws:s3:::tenant-c-prod,AWS_ARN,7486,7512,"GDPR_Art5_1b, DPDPA_S8"
tenant-c_log_05.json,arn:aws:iam::345678901234:user/iris.menon,AWS_ARN,7890,7931,"GDPR_Art5_1b, DPDPA_S8"
tenant-c_log_05.json,arn:aws:s3:::tenant-c-prod,AWS_ARN,8765,8791,"GDPR_Art5_1b, DPDPA_S8"
tenant-c_log_05.json,arn:aws:iam::345678901234:user/iris.menon,AWS_ARN,9169,9210,"GDPR_Art5_1b, DPDPA_S8"
tenant-c_log_05.json,arn:aws:s3:::tenant-c-prod,AWS_ARN,10050,10076,"GDPR_Art5_1b, DPDPA_S8"
tenant-c_log_05.json,arn:aws:iam::345678901234:user/grace.iyer,AWS_ARN,10454,10495,"GDPR_Art5_1b, DPDPA_S8"
tenant-c_log_05.json,arn:aws:s3:::tenant-c-prod,AWS_ARN,11332,11358,"GDPR_Art5_1b, DPDPA_S8"
tenant-c_log_05.json,arn:aws:iam::345678901234:user/henry.das,AWS_ARN,11736,11776,"GDPR_Art5_1b, DPDPA_S8"
tenant-c_log_05.json,arn:aws:s3:::tenant-c-prod,AWS_ARN,12616,12642,"GDPR_Art5_1b, DPDPA_S8"
tenant-c_log_05.json,arn:aws:iam::345678901234:user/grace.iyer,AWS_ARN,13020,13061,"GDPR_Art5_1b, DPDPA_S8"
tenant-c_log_05.json,arn:aws:s3:::tenant-c-archive,AWS_ARN,13901,13930,"GDPR_Art5_1b, DPDPA_S8"
tenant-c_log_05.json,arn:aws:iam::345678901234:user/grace.iyer,AWS_ARN,14308,14349,"GDPR_Art5_1b, DPDPA_S8"
tenant-c_log_05.json,arn:aws:s3:::tenant-c-archive,AWS_ARN,15190,15219,"GDPR_Art5_1b, DPDPA_S8"
tenant-c_log_05.json,arn:aws:iam::345678901234:user/henry.das,AWS_ARN,15597,15637,"GDPR_Art5_1b, DPDPA_S8"
tenant-c_log_05.json,arn:aws:s3:::tenant-c-prod,AWS_ARN,16477,16503,"GDPR_Art5_1b, DPDPA_S8"
tenant-c_log_05.json,arn:aws:iam::345678901234:user/henry.das,AWS_ARN,16881,16921,"GDPR_Art5_1b, DPDPA_S8"
tenant-c_log_05.json,arn:aws:s3:::tenant-c-archive,AWS_ARN,17762,17791,"GDPR_Art5_1b, DPDPA_S8"
tenant-c_log_05.json,arn:aws:iam::345678901234:user/grace.iyer,AWS_ARN,18169,18210,"GDPR_Art5_1b, DPDPA_S8"
tenant-c_log_05.json,arn:aws:s3:::tenant-c-archive,AWS_ARN,19054,19083,"GDPR_Art5_1b, DPDPA_S8"
tenant-c_log_05.json,arn:aws:iam::345678901234:user/henry.das,AWS_ARN,19461,19501,"GDPR_Art5_1b, DPDPA_S8"
tenant-c_log_05.json,arn:aws:s3:::tenant-c-archive,AWS_ARN,20343,20372,"GDPR_Art5_1b, DPDPA_S8"
tenant-c_log_05.json,arn:aws:iam::345678901234:user/henry.das,AWS_ARN,20750,20790,"GDPR_Art5_1b, DPDPA_S8"
tenant-c_log_05.json,arn:aws:s3:::tenant-c-prod,AWS_ARN,21630,21656,"GDPR_Art5_1b, DPDPA_S8"
tenant-c_log_05.json,arn:aws:iam::345678901234:user/henry.das,AWS_ARN,22034,22074,"GDPR_Art5_1b, DPDPA_S8"
tenant-c_log_05.json,arn:aws:s3:::tenant-c-prod,AWS_ARN,22907,22933,"GDPR_Art5_1b, DPDPA_S8"
tenant-c_log_05.json,arn:aws:iam::345678901234:user/grace.iyer,AWS_ARN,23311,23352,"GDPR_Art5_1b, DPDPA_S8"
tenant-c_log_05.json,arn:aws:s3:::tenant-c-archive,AWS_ARN,24192,24221,"GDPR_Art5_1b, DPDPA_S8"
tenant-c_log_05.json,arn:aws:iam::345678901234:user/grace.iyer,AWS_ARN,24599,24640,"GDPR_Art5_1b, DPDPA_S8"
tenant-c_log_05.json,arn:aws:s3:::tenant-c-prod,AWS_ARN,25477,25503,"GDPR_Art5_1b, DPDPA_S8"
tenant-c_log_05.json,arn:aws:iam::345678901234:user/grace.iyer,AWS_ARN,25881,25922,"GDPR_Art5_1b, DPDPA_S8"
tenant-c_log_05.json,arn:aws:s3:::tenant-c-prod,AWS_ARN,26762,26788,"GDPR_Art5_1b, DPDPA_S8"
tenant-c_log_05.json,arn:aws:iam::345678901234:user/iris.menon,AWS_ARN,27166,27207,"GDPR_Art5_1b, DPDPA_S8"
tenant-c_log_05.json,arn:aws:s3:::tenant-c-archive,AWS_ARN,28050,28079,"GDPR_Art5_1b, DPDPA_S8"
tenant-c_log_05.json,arn:aws:iam::345678901234:user/iris.menon,AWS_ARN,28457,28498,"GDPR_Art5_1b, DPDPA_S8"
tenant-c_log_05.json,arn:aws:s3:::tenant-c-prod,AWS_ARN,29339,29365,"GDPR_Art5_1b, DPDPA_S8"
tenant-c_log_05.json,arn:aws:iam::345678901234:user/grace.iyer,AWS_ARN,29743,29784,"GDPR_Art5_1b, DPDPA_S8"
tenant-c_log_05.json,arn:aws:s3:::tenant-c-prod,AWS_ARN,30623,30649,"GDPR_Art5_1b, DPDPA_S8"
tenant-c_log_05.json,arn:aws:iam::345678901234:user/iris.menon,AWS_ARN,31027,31068,"GDPR_Art5_1b, DPDPA_S8"
tenant-c_log_05.json,arn:aws:s3:::tenant-c-prod,AWS_ARN,31910,31936,"GDPR_Art5_1b, DPDPA_S8"
tenant-c_log_05.json,arn:aws:iam::345678901234:user/grace.iyer,AWS_ARN,32314,32355,"GDPR_Art5_1b, DPDPA_S8"
tenant-c_log_05.json,arn:aws:s3:::tenant-c-archive,AWS_ARN,33205,33234,"GDPR_Art5_1b, DPDPA_S8"
tenant-c_log_05.json,arn:aws:iam::345678901234:user/grace.iyer,AWS_ARN,33612,33653,"GDPR_Art5_1b, DPDPA_S8"
tenant-c_log_05.json,arn:aws:s3:::tenant-c-prod,AWS_ARN,34495,34521,"GDPR_Art5_1b, DPDPA_S8"
tenant-c_log_05.json,arn:aws:iam::345678901234:user/iris.menon,AWS_ARN,34899,34940,"GDPR_Art5_1b, DPDPA_S8"
tenant-c_log_05.json,arn:aws:s3:::tenant-c-archive,AWS_ARN,35782,35811,"GDPR_Art5_1b, DPDPA_S8"
tenant-c_log_05.json,arn:aws:iam::345678901234:user/grace.iyer,AWS_ARN,36189,36230,"GDPR_Art5_1b, DPDPA_S8"
tenant-c_log_05.json,arn:aws:s3:::tenant-c-archive,AWS_ARN,37076,37105,"GDPR_Art5_1b, DPDPA_S8"
tenant-c_log_05.json,arn:aws:iam::345678901234:user/iris.menon,AWS_ARN,37483,37524,"GDPR_Art5_1b, DPDPA_S8"
tenant-c_log_05.json,arn:aws:s3:::tenant-c-archive,AWS_ARN,38372,38401,"GDPR_Art5_1b, DPDPA_S8"
tenant-c_log_05.json,arn:aws:iam::345678901234:user/grace.iyer,AWS_ARN,38779,38820,"GDPR_Art5_1b, DPDPA_S8"
tenant-c_log_05.json,arn:aws:s3:::tenant-c-prod,AWS_ARN,39664,39690,"GDPR_Art5_1b, DPDPA_S8"
tenant-c_log_05.json,arn:aws:iam::345678901234:user/henry.das,AWS_ARN,40068,40108,"GDPR_Art5_1b, DPDPA_S8"
tenant-c_log_05.json,arn:aws:s3:::tenant-c-prod,AWS_ARN,40948,40974,"GDPR_Art5_1b, DPDPA_S8"
tenant-c_log_05.json,arn:aws:iam::345678901234:user/henry.das,AWS_ARN,41352,41392,"GDPR_Art5_1b, DPDPA_S8"
tenant-c_log_05.json,arn:aws:s3:::tenant-c-prod,AWS_ARN,42230,42256,"GDPR_Art5_1b, DPDPA_S8"
tenant-c_log_05.json,arn:aws:iam::345678901234:user/grace.iyer,AWS_ARN,42634,42675,"GDPR_Art5_1b, DPDPA_S8"
tenant-c_log_05.json,arn:aws:s3:::tenant-c-prod,AWS_ARN,43518,43544,"GDPR_Art5_1b, DPDPA_S8"
tenant-c_log_05.json,arn:aws:iam::345678901234:user/grace.iyer,AWS_ARN,43922,43963,"GDPR_Art5_1b, DPDPA_S8"
tenant-c_log_05.json,arn:aws:s3:::tenant-c-archive,AWS_ARN,44805,44834,"GDPR_Art5_1b, DPDPA_S8"
tenant-c_log_05.json,arn:aws:iam::345678901234:user/henry.das,AWS_ARN,45212,45252,"GDPR_Art5_1b, DPDPA_S8"
tenant-c_log_05.json,arn:aws:s3:::tenant-c-prod,AWS_ARN,46096,46122,"GDPR_Art5_1b, DPDPA_S8"
tenant-c_log_05.json,arn:aws:iam::345678901234:user/grace.iyer,AWS_ARN,46500,46541,"GDPR_Art5_1b, DPDPA_S8"
tenant-c_log_05.json,arn:aws:s3:::tenant-c-prod,AWS_ARN,47385,47411,"GDPR_Art5_1b, DPDPA_S8"
tenant-c_log_05.json,arn:aws:iam::345678901234:user/grace.iyer,AWS_ARN,47789,47830,"GDPR_Art5_1b, DPDPA_S8"
tenant-c_log_05.json,arn:aws:s3:::tenant-c-prod,AWS_ARN,48668,48694,"GDPR_Art5_1b, DPDPA_S8"
tenant-c_log_05.json,arn:aws:iam::345678901234:user/iris.menon,AWS_ARN,49072,49113,"GDPR_Art5_1b, DPDPA_S8"
tenant-c_log_05.json,arn:aws:s3:::tenant-c-archive,AWS_ARN,49956,49985,"GDPR_Art5_1b, DPDPA_S8"
tenant-c_log_05.json,arn:aws:iam::345678901234:user/grace.iyer,AWS_ARN,50363,50404,"GDPR_Art5_1b, DPDPA_S8"
tenant-c_log_05.json,arn:aws:s3:::tenant-c-archive,AWS_ARN,51247,51276,"GDPR_Art5_1b, DPDPA_S8"
tenant-c_log_05.json,345678901234,AWS_ACCOUNT_ID,249,261,"GDPR_Art5_1b, DPDPA_S8"
tenant-c_log_05.json,345678901234,AWS_ACCOUNT_ID,1118,1130,"GDPR_Art5_1b, DPDPA_S8"
tenant-c_log_05.json,345678901234,AWS_ACCOUNT_ID,1282,1294,"GDPR_Art5_1b, DPDPA_S8"
tenant-c_log_05.json,345678901234,AWS_ACCOUNT_ID,1535,1547,"GDPR_Art5_1b, DPDPA_S8"
tenant-c_log_05.json,345678901234,AWS_ACCOUNT_ID,2411,2423,"GDPR_Art5_1b, DPDPA_S8"
tenant-c_log_05.json,345678901234,AWS_ACCOUNT_ID,2575,2587,"GDPR_Art5_1b, DPDPA_S8"
tenant-c_log_05.json,345678901234,AWS_ACCOUNT_ID,2828,2840,"GDPR_Art5_1b, DPDPA_S8"
tenant-c_log_05.json,345678901234,AWS_ACCOUNT_ID,3690,3702,"GDPR_Art5_1b, DPDPA_S8"
tenant-c_log_05.json,345678901234,AWS_ACCOUNT_ID,3854,3866,"GDPR_Art5_1b, DPDPA_S8"
tenant-c_log_05.json,345678901234,AWS_ACCOUNT_ID,4107,4119,"GDPR_Art5_1b, DPDPA_S8"
tenant-c_log_05.json,345678901234,AWS_ACCOUNT_ID,4974,4986,"GDPR_Art5_1b, DPDPA_S8"
tenant-c_log_05.json,345678901234,AWS_ACCOUNT_ID,5138,5150,"GDPR_Art5_1b, DPDPA_S8"
tenant-c_log_05.json,345678901234,AWS_ACCOUNT_ID,5390,5402,"GDPR_Art5_1b, DPDPA_S8"
tenant-c_log_05.json,345678901234,AWS_ACCOUNT_ID,6256,6268,"GDPR_Art5_1b, DPDPA_S8"
tenant-c_log_05.json,345678901234,AWS_ACCOUNT_ID,6420,6432,"GDPR_Art5_1b, DPDPA_S8"
tenant-c_log_05.json,345678901234,AWS_ACCOUNT_ID,6673,6685,"GDPR_Art5_1b, DPDPA_S8"
tenant-c_log_05.json,345678901234,AWS_ACCOUNT_ID,7539,7551,"GDPR_Art5_1b, DPDPA_S8"
tenant-c_log_05.json,345678901234,AWS_ACCOUNT_ID,7703,7715,"GDPR_Art5_1b, DPDPA_S8"
tenant-c_log_05.json,345678901234,AWS_ACCOUNT_ID,7956,7968,"GDPR_Art5_1b, DPDPA_S8"
tenant-c_log_05.json,345678901234,AWS_ACCOUNT_ID,8818,8830,"GDPR_Art5_1b, DPDPA_S8"
tenant-c_log_05.json,345678901234,AWS_ACCOUNT_ID,8982,8994,"GDPR_Art5_1b, DPDPA_S8"
tenant-c_log_05.json,345678901234,AWS_ACCOUNT_ID,9235,9247,"GDPR_Art5_1b, DPDPA_S8"
tenant-c_log_05.json,345678901234,AWS_ACCOUNT_ID,10103,10115,"GDPR_Art5_1b, DPDPA_S8"
tenant-c_log_05.json,345678901234,AWS_ACCOUNT_ID,10267,10279,"GDPR_Art5_1b, DPDPA_S8"
tenant-c_log_05.json,345678901234,AWS_ACCOUNT_ID,10520,10532,"GDPR_Art5_1b, DPDPA_S8"
tenant-c_log_05.json,345678901234,AWS_ACCOUNT_ID,11385,11397,"GDPR_Art5_1b, DPDPA_S8"
tenant-c_log_05.json,345678901234,AWS_ACCOUNT_ID,11549,11561,"GDPR_Art5_1b, DPDPA_S8"
tenant-c_log_05.json,345678901234,AWS_ACCOUNT_ID,11801,11813,"GDPR_Art5_1b, DPDPA_S8"
tenant-c_log_05.json,345678901234,AWS_ACCOUNT_ID,12669,12681,"GDPR_Art5_1b, DPDPA_S8"
tenant-c_log_05.json,345678901234,AWS_ACCOUNT_ID,12833,12845,"GDPR_Art5_1b, DPDPA_S8"
tenant-c_log_05.json,345678901234,AWS_ACCOUNT_ID,13086,13098,"GDPR_Art5_1b, DPDPA_S8"
tenant-c_log_05.json,345678901234,AWS_ACCOUNT_ID,13957,13969,"GDPR_Art5_1b, DPDPA_S8"
tenant-c_log_05.json,345678901234,AWS_ACCOUNT_ID,14121,14133,"GDPR_Art5_1b, DPDPA_S8"
tenant-c_log_05.json,345678901234,AWS_ACCOUNT_ID,14374,14386,"GDPR_Art5_1b, DPDPA_S8"
tenant-c_log_05.json,345678901234,AWS_ACCOUNT_ID,15246,15258,"GDPR_Art5_1b, DPDPA_S8"
tenant-c_log_05.json,345678901234,AWS_ACCOUNT_ID,15410,15422,"GDPR_Art5_1b, DPDPA_S8"
tenant-c_log_05.json,345678901234,AWS_ACCOUNT_ID,15662,15674,"GDPR_Art5_1b, DPDPA_S8"
tenant-c_log_05.json,345678901234,AWS_ACCOUNT_ID,16530,16542,"GDPR_Art5_1b, DPDPA_S8"
tenant-c_log_05.json,345678901234,AWS_ACCOUNT_ID,16694,16706,"GDPR_Art5_1b, DPDPA_S8"
tenant-c_log_05.json,345678901234,AWS_ACCOUNT_ID,16946,16958,"GDPR_Art5_1b, DPDPA_S8"
tenant-c_log_05.json,345678901234,AWS_ACCOUNT_ID,17818,17830,"GDPR_Art5_1b, DPDPA_S8"
tenant-c_log_05.json,345678901234,AWS_ACCOUNT_ID,17982,17994,"GDPR_Art5_1b, DPDPA_S8"
tenant-c_log_05.json,345678901234,AWS_ACCOUNT_ID,18235,18247,"GDPR_Art5_1b, DPDPA_S8"
tenant-c_log_05.json,345678901234,AWS_ACCOUNT_ID,19110,19122,"GDPR_Art5_1b, DPDPA_S8"
tenant-c_log_05.json,345678901234,AWS_ACCOUNT_ID,19274,19286,"GDPR_Art5_1b, DPDPA_S8"
tenant-c_log_05.json,345678901234,AWS_ACCOUNT_ID,19526,19538,"GDPR_Art5_1b, DPDPA_S8"
tenant-c_log_05.json,345678901234,AWS_ACCOUNT_ID,20399,20411,"GDPR_Art5_1b, DPDPA_S8"
tenant-c_log_05.json,345678901234,AWS_ACCOUNT_ID,20563,20575,"GDPR_Art5_1b, DPDPA_S8"
tenant-c_log_05.json,345678901234,AWS_ACCOUNT_ID,20815,20827,"GDPR_Art5_1b, DPDPA_S8"
tenant-c_log_05.json,345678901234,AWS_ACCOUNT_ID,21683,21695,"GDPR_Art5_1b, DPDPA_S8"
tenant-c_log_05.json,345678901234,AWS_ACCOUNT_ID,21847,21859,"GDPR_Art5_1b, DPDPA_S8"
tenant-c_log_05.json,345678901234,AWS_ACCOUNT_ID,22099,22111,"GDPR_Art5_1b, DPDPA_S8"
tenant-c_log_05.json,345678901234,AWS_ACCOUNT_ID,22960,22972,"GDPR_Art5_1b, DPDPA_S8"
tenant-c_log_05.json,345678901234,AWS_ACCOUNT_ID,23124,23136,"GDPR_Art5_1b, DPDPA_S8"
tenant-c_log_05.json,345678901234,AWS_ACCOUNT_ID,23377,23389,"GDPR_Art5_1b, DPDPA_S8"
tenant-c_log_05.json,345678901234,AWS_ACCOUNT_ID,24248,24260,"GDPR_Art5_1b, DPDPA_S8"
tenant-c_log_05.json,345678901234,AWS_ACCOUNT_ID,24412,24424,"GDPR_Art5_1b, DPDPA_S8"
tenant-c_log_05.json,345678901234,AWS_ACCOUNT_ID,24665,24677,"GDPR_Art5_1b, DPDPA_S8"
tenant-c_log_05.json,345678901234,AWS_ACCOUNT_ID,25530,25542,"GDPR_Art5_1b, DPDPA_S8"
tenant-c_log_05.json,345678901234,AWS_ACCOUNT_ID,25694,25706,"GDPR_Art5_1b, DPDPA_S8"
tenant-c_log_05.json,345678901234,AWS_ACCOUNT_ID,25947,25959,"GDPR_Art5_1b, DPDPA_S8"
tenant-c_log_05.json,345678901234,AWS_ACCOUNT_ID,26815,26827,"GDPR_Art5_1b, DPDPA_S8"
tenant-c_log_05.json,345678901234,AWS_ACCOUNT_ID,26979,26991,"GDPR_Art5_1b, DPDPA_S8"
tenant-c_log_05.json,345678901234,AWS_ACCOUNT_ID,27232,27244,"GDPR_Art5_1b, DPDPA_S8"
tenant-c_log_05.json,345678901234,AWS_ACCOUNT_ID,28106,28118,"GDPR_Art5_1b, DPDPA_S8"
tenant-c_log_05.json,345678901234,AWS_ACCOUNT_ID,28270,28282,"GDPR_Art5_1b, DPDPA_S8"
tenant-c_log_05.json,345678901234,AWS_ACCOUNT_ID,28523,28535,"GDPR_Art5_1b, DPDPA_S8"
tenant-c_log_05.json,345678901234,AWS_ACCOUNT_ID,29392,29404,"GDPR_Art5_1b, DPDPA_S8"
tenant-c_log_05.json,345678901234,AWS_ACCOUNT_ID,29556,29568,"GDPR_Art5_1b, DPDPA_S8"
tenant-c_log_05.json,345678901234,AWS_ACCOUNT_ID,29809,29821,"GDPR_Art5_1b, DPDPA_S8"
tenant-c_log_05.json,345678901234,AWS_ACCOUNT_ID,30676,30688,"GDPR_Art5_1b, DPDPA_S8"
tenant-c_log_05.json,345678901234,AWS_ACCOUNT_ID,30840,30852,"GDPR_Art5_1b, DPDPA_S8"
tenant-c_log_05.json,345678901234,AWS_ACCOUNT_ID,31093,31105,"GDPR_Art5_1b, DPDPA_S8"
tenant-c_log_05.json,345678901234,AWS_ACCOUNT_ID,31963,31975,"GDPR_Art5_1b, DPDPA_S8"
tenant-c_log_05.json,345678901234,AWS_ACCOUNT_ID,32127,32139,"GDPR_Art5_1b, DPDPA_S8"
tenant-c_log_05.json,345678901234,AWS_ACCOUNT_ID,32380,32392,"GDPR_Art5_1b, DPDPA_S8"
tenant-c_log_05.json,345678901234,AWS_ACCOUNT_ID,33261,33273,"GDPR_Art5_1b, DPDPA_S8"
tenant-c_log_05.json,345678901234,AWS_ACCOUNT_ID,33425,33437,"GDPR_Art5_1b, DPDPA_S8"
tenant-c_log_05.json,345678901234,AWS_ACCOUNT_ID,33678,33690,"GDPR_Art5_1b, DPDPA_S8"
tenant-c_log_05.json,345678901234,AWS_ACCOUNT_ID,34548,34560,"GDPR_Art5_1b, DPDPA_S8"
tenant-c_log_05.json,345678901234,AWS_ACCOUNT_ID,34712,34724,"GDPR_Art5_1b, DPDPA_S8"
tenant-c_log_05.json,345678901234,AWS_ACCOUNT_ID,34965,34977,"GDPR_Art5_1b, DPDPA_S8"
tenant-c_log_05.json,345678901234,AWS_ACCOUNT_ID,35838,35850,"GDPR_Art5_1b, DPDPA_S8"
tenant-c_log_05.json,345678901234,AWS_ACCOUNT_ID,36002,36014,"GDPR_Art5_1b, DPDPA_S8"
tenant-c_log_05.json,345678901234,AWS_ACCOUNT_ID,36255,36267,"GDPR_Art5_1b, DPDPA_S8"
tenant-c_log_05.json,345678901234,AWS_ACCOUNT_ID,37132,37144,"GDPR_Art5_1b, DPDPA_S8"
tenant-c_log_05.json,345678901234,AWS_ACCOUNT_ID,37296,37308,"GDPR_Art5_1b, DPDPA_S8"
tenant-c_log_05.json,345678901234,AWS_ACCOUNT_ID,37549,37561,"GDPR_Art5_1b, DPDPA_S8"
tenant-c_log_05.json,345678901234,AWS_ACCOUNT_ID,38428,38440,"GDPR_Art5_1b, DPDPA_S8"
tenant-c_log_05.json,345678901234,AWS_ACCOUNT_ID,38592,38604,"GDPR_Art5_1b, DPDPA_S8"
tenant-c_log_05.json,345678901234,AWS_ACCOUNT_ID,38845,38857,"GDPR_Art5_1b, DPDPA_S8"
tenant-c_log_05.json,345678901234,AWS_ACCOUNT_ID,39717,39729,"GDPR_Art5_1b, DPDPA_S8"
tenant-c_log_05.json,345678901234,AWS_ACCOUNT_ID,39881,39893,"GDPR_Art5_1b, DPDPA_S8"
tenant-c_log_05.json,345678901234,AWS_ACCOUNT_ID,40133,40145,"GDPR_Art5_1b, DPDPA_S8"
tenant-c_log_05.json,345678901234,AWS_ACCOUNT_ID,41001,41013,"GDPR_Art5_1b, DPDPA_S8"
tenant-c_log_05.json,345678901234,AWS_ACCOUNT_ID,41165,41177,"GDPR_Art5_1b, DPDPA_S8"
tenant-c_log_05.json,345678901234,AWS_ACCOUNT_ID,41417,41429,"GDPR_Art5_1b, DPDPA_S8"
tenant-c_log_05.json,345678901234,AWS_ACCOUNT_ID,42283,42295,"GDPR_Art5_1b, DPDPA_S8"
tenant-c_log_05.json,345678901234,AWS_ACCOUNT_ID,42447,42459,"GDPR_Art5_1b, DPDPA_S8"
tenant-c_log_05.json,345678901234,AWS_ACCOUNT_ID,42700,42712,"GDPR_Art5_1b, DPDPA_S8"
tenant-c_log_05.json,345678901234,AWS_ACCOUNT_ID,43571,43583,"GDPR_Art5_1b, DPDPA_S8"
tenant-c_log_05.json,345678901234,AWS_ACCOUNT_ID,43735,43747,"GDPR_Art5_1b, DPDPA_S8"
tenant-c_log_05.json,345678901234,AWS_ACCOUNT_ID,43988,44000,"GDPR_Art5_1b, DPDPA_S8"
tenant-c_log_05.json,345678901234,AWS_ACCOUNT_ID,44861,44873,"GDPR_Art5_1b, DPDPA_S8"
tenant-c_log_05.json,345678901234,AWS_ACCOUNT_ID,45025,45037,"GDPR_Art5_1b, DPDPA_S8"
tenant-c_log_05.json,345678901234,AWS_ACCOUNT_ID,45277,45289,"GDPR_Art5_1b, DPDPA_S8"
tenant-c_log_05.json,345678901234,AWS_ACCOUNT_ID,46149,46161,"GDPR_Art5_1b, DPDPA_S8"
tenant-c_log_05.json,345678901234,AWS_ACCOUNT_ID,46313,46325,"GDPR_Art5_1b, DPDPA_S8"
tenant-c_log_05.json,345678901234,AWS_ACCOUNT_ID,46566,46578,"GDPR_Art5_1b, DPDPA_S8"
tenant-c_log_05.json,345678901234,AWS_ACCOUNT_ID,47438,47450,"GDPR_Art5_1b, DPDPA_S8"
tenant-c_log_05.json,345678901234,AWS_ACCOUNT_ID,47602,47614,"GDPR_Art5_1b, DPDPA_S8"
tenant-c_log_05.json,345678901234,AWS_ACCOUNT_ID,47855,47867,"GDPR_Art5_1b, DPDPA_S8"
tenant-c_log_05.json,345678901234,AWS_ACCOUNT_ID,48721,48733,"GDPR_Art5_1b, DPDPA_S8"
tenant-c_log_05.json,345678901234,AWS_ACCOUNT_ID,48885,48897,"GDPR_Art5_1b, DPDPA_S8"
tenant-c_log_05.json,345678901234,AWS_ACCOUNT_ID,49138,49150,"GDPR_Art5_1b, DPDPA_S8"
tenant-c_log_05.json,345678901234,AWS_ACCOUNT_ID,50012,50024,"GDPR_Art5_1b, DPDPA_S8"
tenant-c_log_05.json,345678901234,AWS_ACCOUNT_ID,50176,50188,"GDPR_Art5_1b, DPDPA_S8"
tenant-c_log_05.json,345678901234,AWS_ACCOUNT_ID,50429,50441,"GDPR_Art5_1b, DPDPA_S8"
tenant-c_log_05.json,345678901234,AWS_ACCOUNT_ID,51303,51315,"GDPR_Art5_1b, DPDPA_S8"
tenant-c_log_05.json,345678901234,AWS_ACCOUNT_ID,51467,51479,"GDPR_Art5_1b, DPDPA_S8"
tenant-c_log_06.json,henry.das,PERSON,284,293,"GDPR_Art5_1a, DPDPA_S8"
tenant-c_log_06.json,grace.iyer,PERSON,1565,1575,"GDPR_Art5_1a, DPDPA_S8"
tenant-c_log_06.json,grace.iyer,PERSON,2853,2863,"GDPR_Art5_1a, DPDPA_S8"
tenant-c_log_06.json,grace.iyer,PERSON,4140,4150,"GDPR_Art5_1a, DPDPA_S8"
tenant-c_log_06.json,grace.iyer,PERSON,5429,5439,"GDPR_Art5_1a, DPDPA_S8"
tenant-c_log_06.json,iris.menon,PERSON,6713,6723,"GDPR_Art5_1a, DPDPA_S8"
tenant-c_log_06.json,henry.das,PERSON,8002,8011,"GDPR_Art5_1a, DPDPA_S8"
tenant-c_log_06.json,henry.das,PERSON,9290,9299,"GDPR_Art5_1a, DPDPA_S8"
tenant-c_log_06.json,henry.das,PERSON,10575,10584,"GDPR_Art5_1a, DPDPA_S8"
tenant-c_log_06.json,grace.iyer,PERSON,11861,11871,"GDPR_Art5_1a, DPDPA_S8"
tenant-c_log_06.json,grace.iyer,PERSON,13148,13158,"GDPR_Art5_1a, DPDPA_S8"
tenant-c_log_06.json,henry.das,PERSON,14440,14449,"GDPR_Art5_1a, DPDPA_S8"
tenant-c_log_06.json,iris.menon,PERSON,15724,15734,"GDPR_Art5_1a, DPDPA_S8"
tenant-c_log_06.json,grace.iyer,PERSON,17006,17016,"GDPR_Art5_1a, DPDPA_S8"
tenant-c_log_06.json,grace.iyer,PERSON,18296,18306,"GDPR_Art5_1a, DPDPA_S8"
tenant-c_log_06.json,iris.menon,PERSON,19582,19592,"GDPR_Art5_1a, DPDPA_S8"
tenant-c_log_06.json,grace.iyer,PERSON,20868,20878,"GDPR_Art5_1a, DPDPA_S8"
tenant-c_log_06.json,henry.das,PERSON,22151,22160,"GDPR_Art5_1a, DPDPA_S8"
tenant-c_log_06.json,henry.das,PERSON,23440,23449,"GDPR_Art5_1a, DPDPA_S8"
tenant-c_log_06.json,grace.iyer,PERSON,24725,24735,"GDPR_Art5_1a, DPDPA_S8"
tenant-c_log_06.json,iris.menon,PERSON,26020,26030,"GDPR_Art5_1a, DPDPA_S8"
tenant-c_log_06.json,henry.das,PERSON,27307,27316,"GDPR_Art5_1a, DPDPA_S8"
tenant-c_log_06.json,henry.das,PERSON,28593,28602,"GDPR_Art5_1a, DPDPA_S8"
tenant-c_log_06.json,henry.das,PERSON,29874,29883,"GDPR_Art5_1a, DPDPA_S8"
tenant-c_log_06.json,iris.menon,PERSON,31161,31171,"GDPR_Art5_1a, DPDPA_S8"
tenant-c_log_06.json,grace.iyer,PERSON,32453,32463,"GDPR_Art5_1a, DPDPA_S8"
tenant-c_log_06.json,grace.iyer,PERSON,33747,33757,"GDPR_Art5_1a, DPDPA_S8"
tenant-c_log_06.json,henry.das,PERSON,35040,35049,"GDPR_Art5_1a, DPDPA_S8"
tenant-c_log_06.json,henry.das,PERSON,36322,36331,"GDPR_Art5_1a, DPDPA_S8"
tenant-c_log_06.json,henry.das,PERSON,37603,37612,"GDPR_Art5_1a, DPDPA_S8"
tenant-c_log_06.json,grace.iyer,PERSON,38897,38907,"GDPR_Art5_1a, DPDPA_S8"
tenant-c_log_06.json,iris.menon,PERSON,40184,40194,"GDPR_Art5_1a, DPDPA_S8"
tenant-c_log_06.json,grace.iyer,PERSON,41468,41478,"GDPR_Art5_1a, DPDPA_S8"
tenant-c_log_06.json,iris.menon,PERSON,42760,42770,"GDPR_Art5_1a, DPDPA_S8"
tenant-c_log_06.json,henry.das,PERSON,44044,44053,"GDPR_Art5_1a, DPDPA_S8"
tenant-c_log_06.json,iris.menon,PERSON,45326,45336,"GDPR_Art5_1a, DPDPA_S8"
tenant-c_log_06.json,iris.menon,PERSON,46618,46628,"GDPR_Art5_1a, DPDPA_S8"
tenant-c_log_06.json,iris.menon,PERSON,47901,47911,"GDPR_Art5_1a, DPDPA_S8"
tenant-c_log_06.json,iris.menon,PERSON,49182,49192,"GDPR_Art5_1a, DPDPA_S8"
tenant-c_log_06.json,henry.das,PERSON,50468,50477,"GDPR_Art5_1a, DPDPA_S8"
tenant-c_log_06.json,80.96.93.84,IP_ADDRESS,678,689,"GDPR_Art5_1b, DPDPA_S8"
tenant-c_log_06.json,41.243.96.67,IP_ADDRESS,1960,1972,"GDPR_Art5_1b, DPDPA_S8"
tenant-c_log_06.json,60.151.191.58,IP_ADDRESS,3248,3261,"GDPR_Art5_1b, DPDPA_S8"
tenant-c_log_06.json,78.82.221.116,IP_ADDRESS,4535,4548,"GDPR_Art5_1b, DPDPA_S8"
tenant-c_log_06.json,220.202.113.213,IP_ADDRESS,5824,5839,"GDPR_Art5_1b, DPDPA_S8"
tenant-c_log_06.json,21.141.234.81,IP_ADDRESS,7108,7121,"GDPR_Art5_1b, DPDPA_S8"
tenant-c_log_06.json,53.196.5.190,IP_ADDRESS,8396,8408,"GDPR_Art5_1b, DPDPA_S8"
tenant-c_log_06.json,114.99.153.68,IP_ADDRESS,9684,9697,"GDPR_Art5_1b, DPDPA_S8"
tenant-c_log_06.json,193.51.74.8,IP_ADDRESS,10969,10980,"GDPR_Art5_1b, DPDPA_S8"
tenant-c_log_06.json,84.142.237.88,IP_ADDRESS,12256,12269,"GDPR_Art5_1b, DPDPA_S8"
tenant-c_log_06.json,140.80.216.254,IP_ADDRESS,13543,13557,"GDPR_Art5_1b, DPDPA_S8"
tenant-c_log_06.json,195.61.46.18,IP_ADDRESS,14834,14846,"GDPR_Art5_1b, DPDPA_S8"
tenant-c_log_06.json,47.35.83.178,IP_ADDRESS,16119,16131,"GDPR_Art5_1b, DPDPA_S8"
tenant-c_log_06.json,205.251.186.118,IP_ADDRESS,17401,17416,"GDPR_Art5_1b, DPDPA_S8"
tenant-c_log_06.json,38.91.220.168,IP_ADDRESS,18691,18704,"GDPR_Art5_1b, DPDPA_S8"
tenant-c_log_06.json,84.40.83.249,IP_ADDRESS,19977,19989,"GDPR_Art5_1b, DPDPA_S8"
tenant-c_log_06.json,187.247.79.64,IP_ADDRESS,21263,21276,"GDPR_Art5_1b, DPDPA_S8"
tenant-c_log_06.json,135.141.167.117,IP_ADDRESS,22545,22560,"GDPR_Art5_1b, DPDPA_S8"
tenant-c_log_06.json,111.203.48.33,IP_ADDRESS,23834,23847,"GDPR_Art5_1b, DPDPA_S8"
tenant-c_log_06.json,91.87.162.248,IP_ADDRESS,25120,25133,"GDPR_Art5_1b, DPDPA_S8"
tenant-c_log_06.json,161.119.78.215,IP_ADDRESS,26418,26432,"GDPR_Art5_1b, DPDPA_S8"
tenant-c_log_06.json,17.22.24.250,IP_ADDRESS,27704,27716,"GDPR_Art5_1b, DPDPA_S8"
tenant-c_log_06.json,95.32.182.1,IP_ADDRESS,28990,29001,"GDPR_Art5_1b, DPDPA_S8"
tenant-c_log_06.json,194.132.236.57,IP_ADDRESS,30271,30285,"GDPR_Art5_1b, DPDPA_S8"
tenant-c_log_06.json,3.184.173.93,IP_ADDRESS,31559,31571,"GDPR_Art5_1b, DPDPA_S8"
tenant-c_log_06.json,215.255.123.135,IP_ADDRESS,32851,32866,"GDPR_Art5_1b, DPDPA_S8"
tenant-c_log_06.json,212.84.153.84,IP_ADDRESS,34145,34158,"GDPR_Art5_1b, DPDPA_S8"
tenant-c_log_06.json,96.226.33.219,IP_ADDRESS,35437,35450,"GDPR_Art5_1b, DPDPA_S8"
tenant-c_log_06.json,176.46.5.47,IP_ADDRESS,36719,36730,"GDPR_Art5_1b, DPDPA_S8"
tenant-c_log_06.json,199.38.60.166,IP_ADDRESS,38000,38013,"GDPR_Art5_1b, DPDPA_S8"
tenant-c_log_06.json,199.127.150.207,IP_ADDRESS,39295,39310,"GDPR_Art5_1b, DPDPA_S8"
tenant-c_log_06.json,62.14.164.88,IP_ADDRESS,40582,40594,"GDPR_Art5_1b, DPDPA_S8"
tenant-c_log_06.json,70.17.105.78,IP_ADDRESS,41866,41878,"GDPR_Art5_1b, DPDPA_S8"
tenant-c_log_06.json,129.202.16.253,IP_ADDRESS,43158,43172,"GDPR_Art5_1b, DPDPA_S8"
tenant-c_log_06.json,141.169.120.1,IP_ADDRESS,44441,44454,"GDPR_Art5_1b, DPDPA_S8"
tenant-c_log_06.json,222.31.116.190,IP_ADDRESS,45724,45738,"GDPR_Art5_1b, DPDPA_S8"
tenant-c_log_06.json,212.85.82.60,IP_ADDRESS,47016,47028,"GDPR_Art5_1b, DPDPA_S8"
tenant-c_log_06.json,154.3.125.81,IP_ADDRESS,48299,48311,"GDPR_Art5_1b, DPDPA_S8"
tenant-c_log_06.json,188.61.220.112,IP_ADDRESS,49580,49594,"GDPR_Art5_1b, DPDPA_S8"
tenant-c_log_06.json,141.164.15.48,IP_ADDRESS,50865,50878,"GDPR_Art5_1b, DPDPA_S8"
tenant-c_log_06.json,arn:aws:iam::345678901234:user/henry.das,AWS_ARN,183,223,"GDPR_Art5_1b, DPDPA_S8"
tenant-c_log_06.json,arn:aws:s3:::tenant-c-prod,AWS_ARN,1059,1085,"GDPR_Art5_1b, DPDPA_S8"
tenant-c_log_06.json,arn:aws:iam::345678901234:user/grace.iyer,AWS_ARN,1463,1504,"GDPR_Art5_1b, DPDPA_S8"
tenant-c_log_06.json,arn:aws:s3:::tenant-c-archive,AWS_ARN,2344,2373,"GDPR_Art5_1b, DPDPA_S8"
tenant-c_log_06.json,arn:aws:iam::345678901234:user/grace.iyer,AWS_ARN,2751,2792,"GDPR_Art5_1b, DPDPA_S8"
tenant-c_log_06.json,arn:aws:s3:::tenant-c-prod,AWS_ARN,3634,3660,"GDPR_Art5_1b, DPDPA_S8"
tenant-c_log_06.json,arn:aws:iam::345678901234:user/grace.iyer,AWS_ARN,4038,4079,"GDPR_Art5_1b, DPDPA_S8"
tenant-c_log_06.json,arn:aws:s3:::tenant-c-archive,AWS_ARN,4920,4949,"GDPR_Art5_1b, DPDPA_S8"
tenant-c_log_06.json,arn:aws:iam::345678901234:user/grace.iyer,AWS_ARN,5327,5368,"GDPR_Art5_1b, DPDPA_S8"
tenant-c_log_06.json,arn:aws:s3:::tenant-c-prod,AWS_ARN,6207,6233,"GDPR_Art5_1b, DPDPA_S8"
tenant-c_log_06.json,arn:aws:iam::345678901234:user/iris.menon,AWS_ARN,6611,6652,"GDPR_Art5_1b, DPDPA_S8"
tenant-c_log_06.json,arn:aws:s3:::tenant-c-archive,AWS_ARN,7494,7523,"GDPR_Art5_1b, DPDPA_S8"
tenant-c_log_06.json,arn:aws:iam::345678901234:user/henry.das,AWS_ARN,7901,7941,"GDPR_Art5_1b, DPDPA_S8"
tenant-c_log_06.json,arn:aws:s3:::tenant-c-prod,AWS_ARN,8785,8811,"GDPR_Art5_1b, DPDPA_S8"
tenant-c_log_06.json,arn:aws:iam::345678901234:user/henry.das,AWS_ARN,9189,9229,"GDPR_Art5_1b, DPDPA_S8"
tenant-c_log_06.json,arn:aws:s3:::tenant-c-prod,AWS_ARN,10070,10096,"GDPR_Art5_1b, DPDPA_S8"
tenant-c_log_06.json,arn:aws:iam::345678901234:user/henry.das,AWS_ARN,10474,10514,"GDPR_Art5_1b, DPDPA_S8"
tenant-c_log_06.json,arn:aws:s3:::tenant-c-archive,AWS_ARN,11352,11381,"GDPR_Art5_1b, DPDPA_S8"
tenant-c_log_06.json,arn:aws:iam::345678901234:user/grace.iyer,AWS_ARN,11759,11800,"GDPR_Art5_1b, DPDPA_S8"
tenant-c_log_06.json,arn:aws:s3:::tenant-c-archive,AWS_ARN,12639,12668,"GDPR_Art5_1b, DPDPA_S8"
tenant-c_log_06.json,arn:aws:iam::345678901234:user/grace.iyer,AWS_ARN,13046,13087,"GDPR_Art5_1b, DPDPA_S8"
tenant-c_log_06.json,arn:aws:s3:::tenant-c-archive,AWS_ARN,13932,13961,"GDPR_Art5_1b, DPDPA_S8"
tenant-c_log_06.json,arn:aws:iam::345678901234:user/henry.das,AWS_ARN,14339,14379,"GDPR_Art5_1b, DPDPA_S8"
tenant-c_log_06.json,arn:aws:s3:::tenant-c-archive,AWS_ARN,15215,15244,"GDPR_Art5_1b, DPDPA_S8"
tenant-c_log_06.json,arn:aws:iam::345678901234:user/iris.menon,AWS_ARN,15622,15663,"GDPR_Art5_1b, DPDPA_S8"
tenant-c_log_06.json,arn:aws:s3:::tenant-c-prod,AWS_ARN,16500,16526,"GDPR_Art5_1b, DPDPA_S8"
tenant-c_log_06.json,arn:aws:iam::345678901234:user/grace.iyer,AWS_ARN,16904,16945,"GDPR_Art5_1b, DPDPA_S8"
tenant-c_log_06.json,arn:aws:s3:::tenant-c-archive,AWS_ARN,17787,17816,"GDPR_Art5_1b, DPDPA_S8"
tenant-c_log_06.json,arn:aws:iam::345678901234:user/grace.iyer,AWS_ARN,18194,18235,"GDPR_Art5_1b, DPDPA_S8"
tenant-c_log_06.json,arn:aws:s3:::tenant-c-prod,AWS_ARN,19076,19102,"GDPR_Art5_1b, DPDPA_S8"
tenant-c_log_06.json,arn:aws:iam::345678901234:user/iris.menon,AWS_ARN,19480,19521,"GDPR_Art5_1b, DPDPA_S8"
tenant-c_log_06.json,arn:aws:s3:::tenant-c-archive,AWS_ARN,20359,20388,"GDPR_Art5_1b, DPDPA_S8"
tenant-c_log_06.json,arn:aws:iam::345678901234:user/grace.iyer,AWS_ARN,20766,20807,"GDPR_Art5_1b, DPDPA_S8"
tenant-c_log_06.json,arn:aws:s3:::tenant-c-prod,AWS_ARN,21646,21672,"GDPR_Art5_1b, DPDPA_S8"
tenant-c_log_06.json,arn:aws:iam::345678901234:user/henry.das,AWS_ARN,22050,22090,"GDPR_Art5_1b, DPDPA_S8"
tenant-c_log_06.json,arn:aws:s3:::tenant-c-archive,AWS_ARN,22932,22961,"GDPR_Art5_1b, DPDPA_S8"
tenant-c_log_06.json,arn:aws:iam::345678901234:user/henry.das,AWS_ARN,23339,23379,"GDPR_Art5_1b, DPDPA_S8"
tenant-c_log_06.json,arn:aws:s3:::tenant-c-archive,AWS_ARN,24216,24245,"GDPR_Art5_1b, DPDPA_S8"
tenant-c_log_06.json,arn:aws:iam::345678901234:user/grace.iyer,AWS_ARN,24623,24664,"GDPR_Art5_1b, DPDPA_S8"
tenant-c_log_06.json,arn:aws:s3:::tenant-c-archive,AWS_ARN,25511,25540,"GDPR_Art5_1b, DPDPA_S8"
tenant-c_log_06.json,arn:aws:iam::345678901234:user/iris.menon,AWS_ARN,25918,25959,"GDPR_Art5_1b, DPDPA_S8"
tenant-c_log_06.json,arn:aws:s3:::tenant-c-prod,AWS_ARN,26802,26828,"GDPR_Art5_1b, DPDPA_S8"
tenant-c_log_06.json,arn:aws:iam::345678901234:user/henry.das,AWS_ARN,27206,27246,"GDPR_Art5_1b, DPDPA_S8"
tenant-c_log_06.json,arn:aws:s3:::tenant-c-archive,AWS_ARN,28085,28114,"GDPR_Art5_1b, DPDPA_S8"
tenant-c_log_06.json,arn:aws:iam::345678901234:user/henry.das,AWS_ARN,28492,28532,"GDPR_Art5_1b, DPDPA_S8"
tenant-c_log_06.json,arn:aws:s3:::tenant-c-prod,AWS_ARN,29369,29395,"GDPR_Art5_1b, DPDPA_S8"
tenant-c_log_06.json,arn:aws:iam::345678901234:user/henry.das,AWS_ARN,29773,29813,"GDPR_Art5_1b, DPDPA_S8"
tenant-c_log_06.json,arn:aws:s3:::tenant-c-prod,AWS_ARN,30655,30681,"GDPR_Art5_1b, DPDPA_S8"
tenant-c_log_06.json,arn:aws:iam::345678901234:user/iris.menon,AWS_ARN,31059,31100,"GDPR_Art5_1b, DPDPA_S8"
tenant-c_log_06.json,arn:aws:s3:::tenant-c-archive,AWS_ARN,31944,31973,"GDPR_Art5_1b, DPDPA_S8"
tenant-c_log_06.json,arn:aws:iam::345678901234:user/grace.iyer,AWS_ARN,32351,32392,"GDPR_Art5_1b, DPDPA_S8"
tenant-c_log_06.json,arn:aws:s3:::tenant-c-archive,AWS_ARN,33238,33267,"GDPR_Art5_1b, DPDPA_S8"
tenant-c_log_06.json,arn:aws:iam::345678901234:user/grace.iyer,AWS_ARN,33645,33686,"GDPR_Art5_1b, DPDPA_S8"
tenant-c_log_06.json,arn:aws:s3:::tenant-c-archive,AWS_ARN,34532,34561,"GDPR_Art5_1b, DPDPA_S8"
tenant-c_log_06.json,arn:aws:iam::345678901234:user/henry.das,AWS_ARN,34939,34979,"GDPR_Art5_1b, DPDPA_S8"
tenant-c_log_06.json,arn:aws:s3:::tenant-c-prod,AWS_ARN,35817,35843,"GDPR_Art5_1b, DPDPA_S8"
tenant-c_log_06.json,arn:aws:iam::345678901234:user/henry.das,AWS_ARN,36221,36261,"GDPR_Art5_1b, DPDPA_S8"
tenant-c_log_06.json,arn:aws:s3:::tenant-c-prod,AWS_ARN,37098,37124,"GDPR_Art5_1b, DPDPA_S8"
tenant-c_log_06.json,arn:aws:iam::345678901234:user/henry.das,AWS_ARN,37502,37542,"GDPR_Art5_1b, DPDPA_S8"
tenant-c_log_06.json,arn:aws:s3:::tenant-c-archive,AWS_ARN,38388,38417,"GDPR_Art5_1b, DPDPA_S8"
tenant-c_log_06.json,arn:aws:iam::345678901234:user/grace.iyer,AWS_ARN,38795,38836,"GDPR_Art5_1b, DPDPA_S8"
tenant-c_log_06.json,arn:aws:s3:::tenant-c-prod,AWS_ARN,39678,39704,"GDPR_Art5_1b, DPDPA_S8"
tenant-c_log_06.json,arn:aws:iam::345678901234:user/iris.menon,AWS_ARN,40082,40123,"GDPR_Art5_1b, DPDPA_S8"
tenant-c_log_06.json,arn:aws:s3:::tenant-c-prod,AWS_ARN,40962,40988,"GDPR_Art5_1b, DPDPA_S8"
tenant-c_log_06.json,arn:aws:iam::345678901234:user/grace.iyer,AWS_ARN,41366,41407,"GDPR_Art5_1b, DPDPA_S8"
tenant-c_log_06.json,arn:aws:s3:::tenant-c-archive,AWS_ARN,42251,42280,"GDPR_Art5_1b, DPDPA_S8"
tenant-c_log_06.json,arn:aws:iam::345678901234:user/iris.menon,AWS_ARN,42658,42699,"GDPR_Art5_1b, DPDPA_S8"
tenant-c_log_06.json,arn:aws:s3:::tenant-c-prod,AWS_ARN,43539,43565,"GDPR_Art5_1b, DPDPA_S8"
tenant-c_log_06.json,arn:aws:iam::345678901234:user/henry.das,AWS_ARN,43943,43983,"GDPR_Art5_1b, DPDPA_S8"
tenant-c_log_06.json,arn:aws:s3:::tenant-c-prod,AWS_ARN,44820,44846,"GDPR_Art5_1b, DPDPA_S8"
tenant-c_log_06.json,arn:aws:iam::345678901234:user/iris.menon,AWS_ARN,45224,45265,"GDPR_Art5_1b, DPDPA_S8"
tenant-c_log_06.json,arn:aws:s3:::tenant-c-archive,AWS_ARN,46109,46138,"GDPR_Art5_1b, DPDPA_S8"
tenant-c_log_06.json,arn:aws:iam::345678901234:user/iris.menon,AWS_ARN,46516,46557,"GDPR_Art5_1b, DPDPA_S8"
tenant-c_log_06.json,arn:aws:s3:::tenant-c-prod,AWS_ARN,47395,47421,"GDPR_Art5_1b, DPDPA_S8"
tenant-c_log_06.json,arn:aws:iam::345678901234:user/iris.menon,AWS_ARN,47799,47840,"GDPR_Art5_1b, DPDPA_S8"
tenant-c_log_06.json,arn:aws:s3:::tenant-c-prod,AWS_ARN,48676,48702,"GDPR_Art5_1b, DPDPA_S8"
tenant-c_log_06.json,arn:aws:iam::345678901234:user/iris.menon,AWS_ARN,49080,49121,"GDPR_Art5_1b, DPDPA_S8"
tenant-c_log_06.json,arn:aws:s3:::tenant-c-prod,AWS_ARN,49963,49989,"GDPR_Art5_1b, DPDPA_S8"
tenant-c_log_06.json,arn:aws:iam::345678901234:user/henry.das,AWS_ARN,50367,50407,"GDPR_Art5_1b, DPDPA_S8"
tenant-c_log_06.json,arn:aws:s3:::tenant-c-archive,AWS_ARN,51254,51283,"GDPR_Art5_1b, DPDPA_S8"
tenant-c_log_06.json,345678901234,AWS_ACCOUNT_ID,248,260,"GDPR_Art5_1b, DPDPA_S8"
tenant-c_log_06.json,345678901234,AWS_ACCOUNT_ID,1112,1124,"GDPR_Art5_1b, DPDPA_S8"
tenant-c_log_06.json,345678901234,AWS_ACCOUNT_ID,1276,1288,"GDPR_Art5_1b, DPDPA_S8"
tenant-c_log_06.json,345678901234,AWS_ACCOUNT_ID,1529,1541,"GDPR_Art5_1b, DPDPA_S8"
tenant-c_log_06.json,345678901234,AWS_ACCOUNT_ID,2400,2412,"GDPR_Art5_1b, DPDPA_S8"
tenant-c_log_06.json,345678901234,AWS_ACCOUNT_ID,2564,2576,"GDPR_Art5_1b, DPDPA_S8"
tenant-c_log_06.json,345678901234,AWS_ACCOUNT_ID,2817,2829,"GDPR_Art5_1b, DPDPA_S8"
tenant-c_log_06.json,345678901234,AWS_ACCOUNT_ID,3687,3699,"GDPR_Art5_1b, DPDPA_S8"
tenant-c_log_06.json,345678901234,AWS_ACCOUNT_ID,3851,3863,"GDPR_Art5_1b, DPDPA_S8"
tenant-c_log_06.json,345678901234,AWS_ACCOUNT_ID,4104,4116,"GDPR_Art5_1b, DPDPA_S8"
tenant-c_log_06.json,345678901234,AWS_ACCOUNT_ID,4976,4988,"GDPR_Art5_1b, DPDPA_S8"
tenant-c_log_06.json,345678901234,AWS_ACCOUNT_ID,5140,5152,"GDPR_Art5_1b, DPDPA_S8"
tenant-c_log_06.json,345678901234,AWS_ACCOUNT_ID,5393,5405,"GDPR_Art5_1b, DPDPA_S8"
tenant-c_log_06.json,345678901234,AWS_ACCOUNT_ID,6260,6272,"GDPR_Art5_1b, DPDPA_S8"
tenant-c_log_06.json,345678901234,AWS_ACCOUNT_ID,6424,6436,"GDPR_Art5_1b, DPDPA_S8"
tenant-c_log_06.json,345678901234,AWS_ACCOUNT_ID,6677,6689,"GDPR_Art5_1b, DPDPA_S8"
tenant-c_log_06.json,345678901234,AWS_ACCOUNT_ID,7550,7562,"GDPR_Art5_1b, DPDPA_S8"
tenant-c_log_06.json,345678901234,AWS_ACCOUNT_ID,7714,7726,"GDPR_Art5_1b, DPDPA_S8"
tenant-c_log_06.json,345678901234,AWS_ACCOUNT_ID,7966,7978,"GDPR_Art5_1b, DPDPA_S8"
tenant-c_log_06.json,345678901234,AWS_ACCOUNT_ID,8838,8850,"GDPR_Art5_1b, DPDPA_S8"
tenant-c_log_06.json,345678901234,AWS_ACCOUNT_ID,9002,9014,"GDPR_Art5_1b, DPDPA_S8"
tenant-c_log_06.json,345678901234,AWS_ACCOUNT_ID,9254,9266,"GDPR_Art5_1b, DPDPA_S8"
tenant-c_log_06.json,345678901234,AWS_ACCOUNT_ID,10123,10135,"GDPR_Art5_1b, DPDPA_S8"
tenant-c_log_06.json,345678901234,AWS_ACCOUNT_ID,10287,10299,"GDPR_Art5_1b, DPDPA_S8"
tenant-c_log_06.json,345678901234,AWS_ACCOUNT_ID,10539,10551,"GDPR_Art5_1b, DPDPA_S8"
tenant-c_log_06.json,345678901234,AWS_ACCOUNT_ID,11408,11420,"GDPR_Art5_1b, DPDPA_S8"
tenant-c_log_06.json,345678901234,AWS_ACCOUNT_ID,11572,11584,"GDPR_Art5_1b, DPDPA_S8"
tenant-c_log_06.json,345678901234,AWS_ACCOUNT_ID,11825,11837,"GDPR_Art5_1b, DPDPA_S8"
tenant-c_log_06.json,345678901234,AWS_ACCOUNT_ID,12695,12707,"GDPR_Art5_1b, DPDPA_S8"
tenant-c_log_06.json,345678901234,AWS_ACCOUNT_ID,12859,12871,"GDPR_Art5_1b, DPDPA_S8"
tenant-c_log_06.json,345678901234,AWS_ACCOUNT_ID,13112,13124,"GDPR_Art5_1b, DPDPA_S8"
tenant-c_log_06.json,345678901234,AWS_ACCOUNT_ID,13988,14000,"GDPR_Art5_1b, DPDPA_S8"
tenant-c_log_06.json,345678901234,AWS_ACCOUNT_ID,14152,14164,"GDPR_Art5_1b, DPDPA_S8"
tenant-c_log_06.json,345678901234,AWS_ACCOUNT_ID,14404,14416,"GDPR_Art5_1b, DPDPA_S8"
tenant-c_log_06.json,345678901234,AWS_ACCOUNT_ID,15271,15283,"GDPR_Art5_1b, DPDPA_S8"
tenant-c_log_06.json,345678901234,AWS_ACCOUNT_ID,15435,15447,"GDPR_Art5_1b, DPDPA_S8"
tenant-c_log_06.json,345678901234,AWS_ACCOUNT_ID,15688,15700,"GDPR_Art5_1b, DPDPA_S8"
tenant-c_log_06.json,345678901234,AWS_ACCOUNT_ID,16553,16565,"GDPR_Art5_1b, DPDPA_S8"
tenant-c_log_06.json,345678901234,AWS_ACCOUNT_ID,16717,16729,"GDPR_Art5_1b, DPDPA_S8"
tenant-c_log_06.json,345678901234,AWS_ACCOUNT_ID,16970,16982,"GDPR_Art5_1b, DPDPA_S8"
tenant-c_log_06.json,345678901234,AWS_ACCOUNT_ID,17843,17855,"GDPR_Art5_1b, DPDPA_S8"
tenant-c_log_06.json,345678901234,AWS_ACCOUNT_ID,18007,18019,"GDPR_Art5_1b, DPDPA_S8"
tenant-c_log_06.json,345678901234,AWS_ACCOUNT_ID,18260,18272,"GDPR_Art5_1b, DPDPA_S8"
tenant-c_log_06.json,345678901234,AWS_ACCOUNT_ID,19129,19141,"GDPR_Art5_1b, DPDPA_S8"
tenant-c_log_06.json,345678901234,AWS_ACCOUNT_ID,19293,19305,"GDPR_Art5_1b, DPDPA_S8"
tenant-c_log_06.json,345678901234,AWS_ACCOUNT_ID,19546,19558,"GDPR_Art5_1b, DPDPA_S8"
tenant-c_log_06.json,345678901234,AWS_ACCOUNT_ID,20415,20427,"GDPR_Art5_1b, DPDPA_S8"
tenant-c_log_06.json,345678901234,AWS_ACCOUNT_ID,20579,20591,"GDPR_Art5_1b, DPDPA_S8"
tenant-c_log_06.json,345678901234,AWS_ACCOUNT_ID,20832,20844,"GDPR_Art5_1b, DPDPA_S8"
tenant-c_log_06.json,345678901234,AWS_ACCOUNT_ID,21699,21711,"GDPR_Art5_1b, DPDPA_S8"
tenant-c_log_06.json,345678901234,AWS_ACCOUNT_ID,21863,21875,"GDPR_Art5_1b, DPDPA_S8"
tenant-c_log_06.json,345678901234,AWS_ACCOUNT_ID,22115,22127,"GDPR_Art5_1b, DPDPA_S8"
tenant-c_log_06.json,345678901234,AWS_ACCOUNT_ID,22988,23000,"GDPR_Art5_1b, DPDPA_S8"
tenant-c_log_06.json,345678901234,AWS_ACCOUNT_ID,23152,23164,"GDPR_Art5_1b, DPDPA_S8"
tenant-c_log_06.json,345678901234,AWS_ACCOUNT_ID,23404,23416,"GDPR_Art5_1b, DPDPA_S8"
tenant-c_log_06.json,345678901234,AWS_ACCOUNT_ID,24272,24284,"GDPR_Art5_1b, DPDPA_S8"
tenant-c_log_06.json,345678901234,AWS_ACCOUNT_ID,24436,24448,"GDPR_Art5_1b, DPDPA_S8"
tenant-c_log_06.json,345678901234,AWS_ACCOUNT_ID,24689,24701,"GDPR_Art5_1b, DPDPA_S8"
tenant-c_log_06.json,345678901234,AWS_ACCOUNT_ID,25567,25579,"GDPR_Art5_1b, DPDPA_S8"
tenant-c_log_06.json,345678901234,AWS_ACCOUNT_ID,25731,25743,"GDPR_Art5_1b, DPDPA_S8"
tenant-c_log_06.json,345678901234,AWS_ACCOUNT_ID,25984,25996,"GDPR_Art5_1b, DPDPA_S8"
tenant-c_log_06.json,345678901234,AWS_ACCOUNT_ID,26855,26867,"GDPR_Art5_1b, DPDPA_S8"
tenant-c_log_06.json,345678901234,AWS_ACCOUNT_ID,27019,27031,"GDPR_Art5_1b, DPDPA_S8"
tenant-c_log_06.json,345678901234,AWS_ACCOUNT_ID,27271,27283,"GDPR_Art5_1b, DPDPA_S8"
tenant-c_log_06.json,345678901234,AWS_ACCOUNT_ID,28141,28153,"GDPR_Art5_1b, DPDPA_S8"
tenant-c_log_06.json,345678901234,AWS_ACCOUNT_ID,28305,28317,"GDPR_Art5_1b, DPDPA_S8"
tenant-c_log_06.json,345678901234,AWS_ACCOUNT_ID,28557,28569,"GDPR_Art5_1b, DPDPA_S8"
tenant-c_log_06.json,345678901234,AWS_ACCOUNT_ID,29422,29434,"GDPR_Art5_1b, DPDPA_S8"
tenant-c_log_06.json,345678901234,AWS_ACCOUNT_ID,29586,29598,"GDPR_Art5_1b, DPDPA_S8"
tenant-c_log_06.json,345678901234,AWS_ACCOUNT_ID,29838,29850,"GDPR_Art5_1b, DPDPA_S8"
tenant-c_log_06.json,345678901234,AWS_ACCOUNT_ID,30708,30720,"GDPR_Art5_1b, DPDPA_S8"
tenant-c_log_06.json,345678901234,AWS_ACCOUNT_ID,30872,30884,"GDPR_Art5_1b, DPDPA_S8"
tenant-c_log_06.json,345678901234,AWS_ACCOUNT_ID,31125,31137,"GDPR_Art5_1b, DPDPA_S8"
tenant-c_log_06.json,345678901234,AWS_ACCOUNT_ID,32000,32012,"GDPR_Art5_1b, DPDPA_S8"
tenant-c_log_06.json,345678901234,AWS_ACCOUNT_ID,32164,32176,"GDPR_Art5_1b, DPDPA_S8"
tenant-c_log_06.json,345678901234,AWS_ACCOUNT_ID,32417,32429,"GDPR_Art5_1b, DPDPA_S8"
tenant-c_log_06.json,345678901234,AWS_ACCOUNT_ID,33294,33306,"GDPR_Art5_1b, DPDPA_S8"
tenant-c_log_06.json,345678901234,AWS_ACCOUNT_ID,33458,33470,"GDPR_Art5_1b, DPDPA_S8"
tenant-c_log_06.json,345678901234,AWS_ACCOUNT_ID,33711,33723,"GDPR_Art5_1b, DPDPA_S8"
tenant-c_log_06.json,345678901234,AWS_ACCOUNT_ID,34588,34600,"GDPR_Art5_1b, DPDPA_S8"
tenant-c_log_06.json,345678901234,AWS_ACCOUNT_ID,34752,34764,"GDPR_Art5_1b, DPDPA_S8"
tenant-c_log_06.json,345678901234,AWS_ACCOUNT_ID,35004,35016,"GDPR_Art5_1b, DPDPA_S8"
tenant-c_log_06.json,345678901234,AWS_ACCOUNT_ID,35870,35882,"GDPR_Art5_1b, DPDPA_S8"
tenant-c_log_06.json,345678901234,AWS_ACCOUNT_ID,36034,36046,"GDPR_Art5_1b, DPDPA_S8"
tenant-c_log_06.json,345678901234,AWS_ACCOUNT_ID,36286,36298,"GDPR_Art5_1b, DPDPA_S8"
tenant-c_log_06.json,345678901234,AWS_ACCOUNT_ID,37151,37163,"GDPR_Art5_1b, DPDPA_S8"
tenant-c_log_06.json,345678901234,AWS_ACCOUNT_ID,37315,37327,"GDPR_Art5_1b, DPDPA_S8"
tenant-c_log_06.json,345678901234,AWS_ACCOUNT_ID,37567,37579,"GDPR_Art5_1b, DPDPA_S8"
tenant-c_log_06.json,345678901234,AWS_ACCOUNT_ID,38444,38456,"GDPR_Art5_1b, DPDPA_S8"
tenant-c_log_06.json,345678901234,AWS_ACCOUNT_ID,38608,38620,"GDPR_Art5_1b, DPDPA_S8"
tenant-c_log_06.json,345678901234,AWS_ACCOUNT_ID,38861,38873,"GDPR_Art5_1b, DPDPA_S8"
tenant-c_log_06.json,345678901234,AWS_ACCOUNT_ID,39731,39743,"GDPR_Art5_1b, DPDPA_S8"
tenant-c_log_06.json,345678901234,AWS_ACCOUNT_ID,39895,39907,"GDPR_Art5_1b, DPDPA_S8"
tenant-c_log_06.json,345678901234,AWS_ACCOUNT_ID,40148,40160,"GDPR_Art5_1b, DPDPA_S8"
tenant-c_log_06.json,345678901234,AWS_ACCOUNT_ID,41015,41027,"GDPR_Art5_1b, DPDPA_S8"
tenant-c_log_06.json,345678901234,AWS_ACCOUNT_ID,41179,41191,"GDPR_Art5_1b, DPDPA_S8"
tenant-c_log_06.json,345678901234,AWS_ACCOUNT_ID,41432,41444,"GDPR_Art5_1b, DPDPA_S8"
tenant-c_log_06.json,345678901234,AWS_ACCOUNT_ID,42307,42319,"GDPR_Art5_1b, DPDPA_S8"
tenant-c_log_06.json,345678901234,AWS_ACCOUNT_ID,42471,42483,"GDPR_Art5_1b, DPDPA_S8"
tenant-c_log_06.json,345678901234,AWS_ACCOUNT_ID,42724,42736,"GDPR_Art5_1b, DPDPA_S8"
tenant-c_log_06.json,345678901234,AWS_ACCOUNT_ID,43592,43604,"GDPR_Art5_1b, DPDPA_S8"
tenant-c_log_06.json,345678901234,AWS_ACCOUNT_ID,43756,43768,"GDPR_Art5_1b, DPDPA_S8"
tenant-c_log_06.json,345678901234,AWS_ACCOUNT_ID,44008,44020,"GDPR_Art5_1b, DPDPA_S8"
tenant-c_log_06.json,345678901234,AWS_ACCOUNT_ID,44873,44885,"GDPR_Art5_1b, DPDPA_S8"
tenant-c_log_06.json,345678901234,AWS_ACCOUNT_ID,45037,45049,"GDPR_Art5_1b, DPDPA_S8"
tenant-c_log_06.json,345678901234,AWS_ACCOUNT_ID,45290,45302,"GDPR_Art5_1b, DPDPA_S8"
tenant-c_log_06.json,345678901234,AWS_ACCOUNT_ID,46165,46177,"GDPR_Art5_1b, DPDPA_S8"
tenant-c_log_06.json,345678901234,AWS_ACCOUNT_ID,46329,46341,"GDPR_Art5_1b, DPDPA_S8"
tenant-c_log_06.json,345678901234,AWS_ACCOUNT_ID,46582,46594,"GDPR_Art5_1b, DPDPA_S8"
tenant-c_log_06.json,345678901234,AWS_ACCOUNT_ID,47448,47460,"GDPR_Art5_1b, DPDPA_S8"
tenant-c_log_06.json,345678901234,AWS_ACCOUNT_ID,47612,47624,"GDPR_Art5_1b, DPDPA_S8"
tenant-c_log_06.json,345678901234,AWS_ACCOUNT_ID,47865,47877,"GDPR_Art5_1b, DPDPA_S8"
tenant-c_log_06.json,345678901234,AWS_ACCOUNT_ID,48729,48741,"GDPR_Art5_1b, DPDPA_S8"
tenant-c_log_06.json,345678901234,AWS_ACCOUNT_ID,48893,48905,"GDPR_Art5_1b, DPDPA_S8"
tenant-c_log_06.json,345678901234,AWS_ACCOUNT_ID,49146,49158,"GDPR_Art5_1b, DPDPA_S8"
tenant-c_log_06.json,345678901234,AWS_ACCOUNT_ID,50016,50028,"GDPR_Art5_1b, DPDPA_S8"
tenant-c_log_06.json,345678901234,AWS_ACCOUNT_ID,50180,50192,"GDPR_Art5_1b, DPDPA_S8"
tenant-c_log_06.json,345678901234,AWS_ACCOUNT_ID,50432,50444,"GDPR_Art5_1b, DPDPA_S8"
tenant-c_log_06.json,345678901234,AWS_ACCOUNT_ID,51310,51322,"GDPR_Art5_1b, DPDPA_S8"
tenant-c_log_06.json,345678901234,AWS_ACCOUNT_ID,51474,51486,"GDPR_Art5_1b, DPDPA_S8"
tenant-c_log_07.json,grace.iyer,PERSON,285,295,"GDPR_Art5_1a, DPDPA_S8"
tenant-c_log_07.json,grace.iyer,PERSON,1575,1585,"GDPR_Art5_1a, DPDPA_S8"
tenant-c_log_07.json,iris.menon,PERSON,2868,2878,"GDPR_Art5_1a, DPDPA_S8"
tenant-c_log_07.json,iris.menon,PERSON,4157,4167,"GDPR_Art5_1a, DPDPA_S8"
tenant-c_log_07.json,henry.das,PERSON,5445,5454,"GDPR_Art5_1a, DPDPA_S8"
tenant-c_log_07.json,henry.das,PERSON,6730,6739,"GDPR_Art5_1a, DPDPA_S8"
tenant-c_log_07.json,henry.das,PERSON,8013,8022,"GDPR_Art5_1a, DPDPA_S8"
tenant-c_log_07.json,henry.das,PERSON,9294,9303,"GDPR_Art5_1a, DPDPA_S8"
tenant-c_log_07.json,henry.das,PERSON,10585,10594,"GDPR_Art5_1a, DPDPA_S8"
tenant-c_log_07.json,henry.das,PERSON,11868,11877,"GDPR_Art5_1a, DPDPA_S8"
tenant-c_log_07.json,henry.das,PERSON,13156,13165,"GDPR_Art5_1a, DPDPA_S8"
tenant-c_log_07.json,iris.menon,PERSON,14436,14446,"GDPR_Art5_1a, DPDPA_S8"
tenant-c_log_07.json,henry.das,PERSON,15718,15727,"GDPR_Art5_1a, DPDPA_S8"
tenant-c_log_07.json,grace.iyer,PERSON,17002,17012,"GDPR_Art5_1a, DPDPA_S8"
tenant-c_log_07.json,henry.das,PERSON,18281,18290,"GDPR_Art5_1a, DPDPA_S8"
tenant-c_log_07.json,iris.menon,PERSON,19569,19579,"GDPR_Art5_1a, DPDPA_S8"
tenant-c_log_07.json,grace.iyer,PERSON,20851,20861,"GDPR_Art5_1a, DPDPA_S8"
tenant-c_log_07.json,henry.das,PERSON,22135,22144,"GDPR_Art5_1a, DPDPA_S8"
tenant-c_log_07.json,iris.menon,PERSON,23424,23434,"GDPR_Art5_1a, DPDPA_S8"
tenant-c_log_07.json,henry.das,PERSON,24707,24716,"GDPR_Art5_1a, DPDPA_S8"
tenant-c_log_07.json,iris.menon,PERSON,25990,26000,"GDPR_Art5_1a, DPDPA_S8"
tenant-c_log_07.json,henry.das,PERSON,27280,27289,"GDPR_Art5_1a, DPDPA_S8"
tenant-c_log_07.json,grace.iyer,PERSON,28569,28579,"GDPR_Art5_1a, DPDPA_S8"
tenant-c_log_07.json,grace.iyer,PERSON,29858,29868,"GDPR_Art5_1a, DPDPA_S8"
tenant-c_log_07.json,grace.iyer,PERSON,31149,31159,"GDPR_Art5_1a, DPDPA_S8"
tenant-c_log_07.json,grace.iyer,PERSON,32435,32445,"GDPR_Art5_1a, DPDPA_S8"
tenant-c_log_07.json,grace.iyer,PERSON,33725,33735,"GDPR_Art5_1a, DPDPA_S8"
tenant-c_log_07.json,grace.iyer,PERSON,35017,35027,"GDPR_Art5_1a, DPDPA_S8"
tenant-c_log_07.json,grace.iyer,PERSON,36309,36319,"GDPR_Art5_1a, DPDPA_S8"
tenant-c_log_07.json,henry.das,PERSON,37601,37610,"GDPR_Art5_1a, DPDPA_S8"
tenant-c_log_07.json,henry.das,PERSON,38890,38899,"GDPR_Art5_1a, DPDPA_S8"
tenant-c_log_07.json,henry.das,PERSON,40176,40185,"GDPR_Art5_1a, DPDPA_S8"
tenant-c_log_07.json,grace.iyer,PERSON,41464,41474,"GDPR_Art5_1a, DPDPA_S8"
tenant-c_log_07.json,grace.iyer,PERSON,42753,42763,"GDPR_Art5_1a, DPDPA_S8"
tenant-c_log_07.json,henry.das,PERSON,44044,44053,"GDPR_Art5_1a, DPDPA_S8"
tenant-c_log_07.json,henry.das,PERSON,45343,45352,"GDPR_Art5_1a, DPDPA_S8"
tenant-c_log_07.json,henry.das,PERSON,46633,46642,"GDPR_Art5_1a, DPDPA_S8"
tenant-c_log_07.json,henry.das,PERSON,47915,47924,"GDPR_Art5_1a, DPDPA_S8"
tenant-c_log_07.json,grace.iyer,PERSON,49198,49208,"GDPR_Art5_1a, DPDPA_S8"
tenant-c_log_07.json,iris.menon,PERSON,50489,50499,"GDPR_Art5_1a, DPDPA_S8"
tenant-c_log_07.json,202.179.104.97,IP_ADDRESS,680,694,"GDPR_Art5_1b, DPDPA_S8"
tenant-c_log_07.json,72.76.214.196,IP_ADDRESS,1970,1983,"GDPR_Art5_1b, DPDPA_S8"
tenant-c_log_07.json,186.111.131.62,IP_ADDRESS,3263,3277,"GDPR_Art5_1b, DPDPA_S8"
tenant-c_log_07.json,102.155.133.19,IP_ADDRESS,4552,4566,"GDPR_Art5_1b, DPDPA_S8"
tenant-c_log_07.json,69.21.42.229,IP_ADDRESS,5839,5851,"GDPR_Art5_1b, DPDPA_S8"
tenant-c_log_07.json,90.27.147.208,IP_ADDRESS,7124,7137,"GDPR_Art5_1b, DPDPA_S8"
tenant-c_log_07.json,115.123.144.20,IP_ADDRESS,8407,8421,"GDPR_Art5_1b, DPDPA_S8"
tenant-c_log_07.json,74.167.218.195,IP_ADDRESS,9688,9702,"GDPR_Art5_1b, DPDPA_S8"
tenant-c_log_07.json,165.180.143.198,IP_ADDRESS,10979,10994,"GDPR_Art5_1b, DPDPA_S8"
tenant-c_log_07.json,78.49.66.68,IP_ADDRESS,12262,12273,"GDPR_Art5_1b, DPDPA_S8"
tenant-c_log_07.json,187.12.119.45,IP_ADDRESS,13550,13563,"GDPR_Art5_1b, DPDPA_S8"
tenant-c_log_07.json,198.198.91.129,IP_ADDRESS,14831,14845,"GDPR_Art5_1b, DPDPA_S8"
tenant-c_log_07.json,53.24.26.146,IP_ADDRESS,16112,16124,"GDPR_Art5_1b, DPDPA_S8"
tenant-c_log_07.json,27.52.63.31,IP_ADDRESS,17397,17408,"GDPR_Art5_1b, DPDPA_S8"
tenant-c_log_07.json,101.216.99.156,IP_ADDRESS,18675,18689,"GDPR_Art5_1b, DPDPA_S8"
tenant-c_log_07.json,53.61.187.146,IP_ADDRESS,19964,19977,"GDPR_Art5_1b, DPDPA_S8"
tenant-c_log_07.json,151.223.242.81,IP_ADDRESS,21246,21260,"GDPR_Art5_1b, DPDPA_S8"
tenant-c_log_07.json,55.132.70.181,IP_ADDRESS,22529,22542,"GDPR_Art5_1b, DPDPA_S8"
tenant-c_log_07.json,204.186.43.211,IP_ADDRESS,23819,23833,"GDPR_Art5_1b, DPDPA_S8"
tenant-c_log_07.json,159.113.80.213,IP_ADDRESS,25101,25115,"GDPR_Art5_1b, DPDPA_S8"
tenant-c_log_07.json,19.246.251.238,IP_ADDRESS,26388,26402,"GDPR_Art5_1b, DPDPA_S8"
tenant-c_log_07.json,179.4.51.195,IP_ADDRESS,27677,27689,"GDPR_Art5_1b, DPDPA_S8"
tenant-c_log_07.json,106.115.129.104,IP_ADDRESS,28967,28982,"GDPR_Art5_1b, DPDPA_S8"
tenant-c_log_07.json,62.136.119.222,IP_ADDRESS,30256,30270,"GDPR_Art5_1b, DPDPA_S8"
tenant-c_log_07.json,148.172.248.11,IP_ADDRESS,31547,31561,"GDPR_Art5_1b, DPDPA_S8"
tenant-c_log_07.json,202.73.36.209,IP_ADDRESS,32833,32846,"GDPR_Art5_1b, DPDPA_S8"
tenant-c_log_07.json,200.191.169.6,IP_ADDRESS,34123,34136,"GDPR_Art5_1b, DPDPA_S8"
tenant-c_log_07.json,23.107.151.229,IP_ADDRESS,35415,35429,"GDPR_Art5_1b, DPDPA_S8"
tenant-c_log_07.json,148.92.76.28,IP_ADDRESS,36707,36719,"GDPR_Art5_1b, DPDPA_S8"
tenant-c_log_07.json,76.156.106.29,IP_ADDRESS,37998,38011,"GDPR_Art5_1b, DPDPA_S8"
tenant-c_log_07.json,212.1.243.6,IP_ADDRESS,39287,39298,"GDPR_Art5_1b, DPDPA_S8"
tenant-c_log_07.json,222.128.44.184,IP_ADDRESS,40573,40587,"GDPR_Art5_1b, DPDPA_S8"
tenant-c_log_07.json,14.253.43.115,IP_ADDRESS,41862,41875,"GDPR_Art5_1b, DPDPA_S8"
tenant-c_log_07.json,170.162.247.27,IP_ADDRESS,43151,43165,"GDPR_Art5_1b, DPDPA_S8"
tenant-c_log_07.json,136.242.119.199,IP_ADDRESS,44441,44456,"GDPR_Art5_1b, DPDPA_S8"
tenant-c_log_07.json,71.228.107.123,IP_ADDRESS,45740,45754,"GDPR_Art5_1b, DPDPA_S8"
tenant-c_log_07.json,103.16.193.204,IP_ADDRESS,47030,47044,"GDPR_Art5_1b, DPDPA_S8"
tenant-c_log_07.json,3.118.49.198,IP_ADDRESS,48312,48324,"GDPR_Art5_1b, DPDPA_S8"
tenant-c_log_07.json,183.197.43.145,IP_ADDRESS,49596,49610,"GDPR_Art5_1b, DPDPA_S8"
tenant-c_log_07.json,48.99.165.104,IP_ADDRESS,50887,50900,"GDPR_Art5_1b, DPDPA_S8"
tenant-c_log_07.json,arn:aws:iam::345678901234:user/grace.iyer,AWS_ARN,183,224,"GDPR_Art5_1b, DPDPA_S8"
tenant-c_log_07.json,arn:aws:s3:::tenant-c-archive,AWS_ARN,1066,1095,"GDPR_Art5_1b, DPDPA_S8"
tenant-c_log_07.json,arn:aws:iam::345678901234:user/grace.iyer,AWS_ARN,1473,1514,"GDPR_Art5_1b, DPDPA_S8"
tenant-c_log_07.json,arn:aws:s3:::tenant-c-archive,AWS_ARN,2359,2388,"GDPR_Art5_1b, DPDPA_S8"
tenant-c_log_07.json,arn:aws:iam::345678901234:user/iris.menon,AWS_ARN,2766,2807,"GDPR_Art5_1b, DPDPA_S8"
tenant-c_log_07.json,arn:aws:s3:::tenant-c-archive,AWS_ARN,3648,3677,"GDPR_Art5_1b, DPDPA_S8"
tenant-c_log_07.json,arn:aws:iam::345678901234:user/iris.menon,AWS_ARN,4055,4096,"GDPR_Art5_1b, DPDPA_S8"
tenant-c_log_07.json,arn:aws:s3:::tenant-c-archive,AWS_ARN,4937,4966,"GDPR_Art5_1b, DPDPA_S8"
tenant-c_log_07.json,arn:aws:iam::345678901234:user/henry.das,AWS_ARN,5344,5384,"GDPR_Art5_1b, DPDPA_S8"
tenant-c_log_07.json,arn:aws:s3:::tenant-c-archive,AWS_ARN,6222,6251,"GDPR_Art5_1b, DPDPA_S8"
tenant-c_log_07.json,arn:aws:iam::345678901234:user/henry.das,AWS_ARN,6629,6669,"GDPR_Art5_1b, DPDPA_S8"
tenant-c_log_07.json,arn:aws:s3:::tenant-c-prod,AWS_ARN,7508,7534,"GDPR_Art5_1b, DPDPA_S8"
tenant-c_log_07.json,arn:aws:iam::345678901234:user/henry.das,AWS_ARN,7912,7952,"GDPR_Art5_1b, DPDPA_S8"
tenant-c_log_07.json,arn:aws:s3:::tenant-c-prod,AWS_ARN,8789,8815,"GDPR_Art5_1b, DPDPA_S8"
tenant-c_log_07.json,arn:aws:iam::345678901234:user/henry.das,AWS_ARN,9193,9233,"GDPR_Art5_1b, DPDPA_S8"
tenant-c_log_07.json,arn:aws:s3:::tenant-c-archive,AWS_ARN,10077,10106,"GDPR_Art5_1b, DPDPA_S8"
tenant-c_log_07.json,arn:aws:iam::345678901234:user/henry.das,AWS_ARN,10484,10524,"GDPR_Art5_1b, DPDPA_S8"
tenant-c_log_07.json,arn:aws:s3:::tenant-c-prod,AWS_ARN,11363,11389,"GDPR_Art5_1b, DPDPA_S8"
tenant-c_log_07.json,arn:aws:iam::345678901234:user/henry.das,AWS_ARN,11767,11807,"GDPR_Art5_1b, DPDPA_S8"
tenant-c_log_07.json,arn:aws:s3:::tenant-c-archive,AWS_ARN,12648,12677,"GDPR_Art5_1b, DPDPA_S8"
tenant-c_log_07.json,arn:aws:iam::345678901234:user/henry.das,AWS_ARN,13055,13095,"GDPR_Art5_1b, DPDPA_S8"
tenant-c_log_07.json,arn:aws:s3:::tenant-c-prod,AWS_ARN,13930,13956,"GDPR_Art5_1b, DPDPA_S8"
tenant-c_log_07.json,arn:aws:iam::345678901234:user/iris.menon,AWS_ARN,14334,14375,"GDPR_Art5_1b, DPDPA_S8"
tenant-c_log_07.json,arn:aws:s3:::tenant-c-prod,AWS_ARN,15213,15239,"GDPR_Art5_1b, DPDPA_S8"
tenant-c_log_07.json,arn:aws:iam::345678901234:user/henry.das,AWS_ARN,15617,15657,"GDPR_Art5_1b, DPDPA_S8"
tenant-c_log_07.json,arn:aws:s3:::tenant-c-archive,AWS_ARN,16493,16522,"GDPR_Art5_1b, DPDPA_S8"
tenant-c_log_07.json,arn:aws:iam::345678901234:user/grace.iyer,AWS_ARN,16900,16941,"GDPR_Art5_1b, DPDPA_S8"
tenant-c_log_07.json,arn:aws:s3:::tenant-c-prod,AWS_ARN,17776,17802,"GDPR_Art5_1b, DPDPA_S8"
tenant-c_log_07.json,arn:aws:iam::345678901234:user/henry.das,AWS_ARN,18180,18220,"GDPR_Art5_1b, DPDPA_S8"
tenant-c_log_07.json,arn:aws:s3:::tenant-c-archive,AWS_ARN,19060,19089,"GDPR_Art5_1b, DPDPA_S8"
tenant-c_log_07.json,arn:aws:iam::345678901234:user/iris.menon,AWS_ARN,19467,19508,"GDPR_Art5_1b, DPDPA_S8"
tenant-c_log_07.json,arn:aws:s3:::tenant-c-prod,AWS_ARN,20345,20371,"GDPR_Art5_1b, DPDPA_S8"
tenant-c_log_07.json,arn:aws:iam::345678901234:user/grace.iyer,AWS_ARN,20749,20790,"GDPR_Art5_1b, DPDPA_S8"
tenant-c_log_07.json,arn:aws:s3:::tenant-c-prod,AWS_ARN,21630,21656,"GDPR_Art5_1b, DPDPA_S8"
tenant-c_log_07.json,arn:aws:iam::345678901234:user/henry.das,AWS_ARN,22034,22074,"GDPR_Art5_1b, DPDPA_S8"
tenant-c_log_07.json,arn:aws:s3:::tenant-c-archive,AWS_ARN,22915,22944,"GDPR_Art5_1b, DPDPA_S8"
tenant-c_log_07.json,arn:aws:iam::345678901234:user/iris.menon,AWS_ARN,23322,23363,"GDPR_Art5_1b, DPDPA_S8"
tenant-c_log_07.json,arn:aws:s3:::tenant-c-prod,AWS_ARN,24202,24228,"GDPR_Art5_1b, DPDPA_S8"
tenant-c_log_07.json,arn:aws:iam::345678901234:user/henry.das,AWS_ARN,24606,24646,"GDPR_Art5_1b, DPDPA_S8"
tenant-c_log_07.json,arn:aws:s3:::tenant-c-prod,AWS_ARN,25484,25510,"GDPR_Art5_1b, DPDPA_S8"
tenant-c_log_07.json,arn:aws:iam::345678901234:user/iris.menon,AWS_ARN,25888,25929,"GDPR_Art5_1b, DPDPA_S8"
tenant-c_log_07.json,arn:aws:s3:::tenant-c-archive,AWS_ARN,26772,26801,"GDPR_Art5_1b, DPDPA_S8"
tenant-c_log_07.json,arn:aws:iam::345678901234:user/henry.das,AWS_ARN,27179,27219,"GDPR_Art5_1b, DPDPA_S8"
tenant-c_log_07.json,arn:aws:s3:::tenant-c-archive,AWS_ARN,28060,28089,"GDPR_Art5_1b, DPDPA_S8"
tenant-c_log_07.json,arn:aws:iam::345678901234:user/grace.iyer,AWS_ARN,28467,28508,"GDPR_Art5_1b, DPDPA_S8"
tenant-c_log_07.json,arn:aws:s3:::tenant-c-prod,AWS_ARN,29352,29378,"GDPR_Art5_1b, DPDPA_S8"
tenant-c_log_07.json,arn:aws:iam::345678901234:user/grace.iyer,AWS_ARN,29756,29797,"GDPR_Art5_1b, DPDPA_S8"
tenant-c_log_07.json,arn:aws:s3:::tenant-c-archive,AWS_ARN,30640,30669,"GDPR_Art5_1b, DPDPA_S8"
tenant-c_log_07.json,arn:aws:iam::345678901234:user/grace.iyer,AWS_ARN,31047,31088,"GDPR_Art5_1b, DPDPA_S8"
tenant-c_log_07.json,arn:aws:s3:::tenant-c-prod,AWS_ARN,31929,31955,"GDPR_Art5_1b, DPDPA_S8"
tenant-c_log_07.json,arn:aws:iam::345678901234:user/grace.iyer,AWS_ARN,32333,32374,"GDPR_Art5_1b, DPDPA_S8"
tenant-c_log_07.json,arn:aws:s3:::tenant-c-archive,AWS_ARN,33216,33245,"GDPR_Art5_1b, DPDPA_S8"
tenant-c_log_07.json,arn:aws:iam::345678901234:user/grace.iyer,AWS_ARN,33623,33664,"GDPR_Art5_1b, DPDPA_S8"
tenant-c_log_07.json,arn:aws:s3:::tenant-c-archive,AWS_ARN,34508,34537,"GDPR_Art5_1b, DPDPA_S8"
tenant-c_log_07.json,arn:aws:iam::345678901234:user/grace.iyer,AWS_ARN,34915,34956,"GDPR_Art5_1b, DPDPA_S8"
tenant-c_log_07.json,arn:aws:s3:::tenant-c-archive,AWS_ARN,35800,35829,"GDPR_Art5_1b, DPDPA_S8"
tenant-c_log_07.json,arn:aws:iam::345678901234:user/grace.iyer,AWS_ARN,36207,36248,"GDPR_Art5_1b, DPDPA_S8"
tenant-c_log_07.json,arn:aws:s3:::tenant-c-archive,AWS_ARN,37093,37122,"GDPR_Art5_1b, DPDPA_S8"
tenant-c_log_07.json,arn:aws:iam::345678901234:user/henry.das,AWS_ARN,37500,37540,"GDPR_Art5_1b, DPDPA_S8"
tenant-c_log_07.json,arn:aws:s3:::tenant-c-archive,AWS_ARN,38382,38411,"GDPR_Art5_1b, DPDPA_S8"
tenant-c_log_07.json,arn:aws:iam::345678901234:user/henry.das,AWS_ARN,38789,38829,"GDPR_Art5_1b, DPDPA_S8"
tenant-c_log_07.json,arn:aws:s3:::tenant-c-archive,AWS_ARN,39668,39697,"GDPR_Art5_1b, DPDPA_S8"
tenant-c_log_07.json,arn:aws:iam::345678901234:user/henry.das,AWS_ARN,40075,40115,"GDPR_Art5_1b, DPDPA_S8"
tenant-c_log_07.json,arn:aws:s3:::tenant-c-prod,AWS_ARN,40958,40984,"GDPR_Art5_1b, DPDPA_S8"
tenant-c_log_07.json,arn:aws:iam::345678901234:user/grace.iyer,AWS_ARN,41362,41403,"GDPR_Art5_1b, DPDPA_S8"
tenant-c_log_07.json,arn:aws:s3:::tenant-c-prod,AWS_ARN,42247,42273,"GDPR_Art5_1b, DPDPA_S8"
tenant-c_log_07.json,arn:aws:iam::345678901234:user/grace.iyer,AWS_ARN,42651,42692,"GDPR_Art5_1b, DPDPA_S8"
tenant-c_log_07.json,arn:aws:s3:::tenant-c-archive,AWS_ARN,43536,43565,"GDPR_Art5_1b, DPDPA_S8"
tenant-c_log_07.json,arn:aws:iam::345678901234:user/henry.das,AWS_ARN,43943,43983,"GDPR_Art5_1b, DPDPA_S8"
tenant-c_log_07.json,arn:aws:s3:::tenant-c-archive,AWS_ARN,44835,44864,"GDPR_Art5_1b, DPDPA_S8"
tenant-c_log_07.json,arn:aws:iam::345678901234:user/henry.das,AWS_ARN,45242,45282,"GDPR_Art5_1b, DPDPA_S8"
tenant-c_log_07.json,arn:aws:s3:::tenant-c-archive,AWS_ARN,46125,46154,"GDPR_Art5_1b, DPDPA_S8"
tenant-c_log_07.json,arn:aws:iam::345678901234:user/henry.das,AWS_ARN,46532,46572,"GDPR_Art5_1b, DPDPA_S8"
tenant-c_log_07.json,arn:aws:s3:::tenant-c-prod,AWS_ARN,47410,47436,"GDPR_Art5_1b, DPDPA_S8"
tenant-c_log_07.json,arn:aws:iam::345678901234:user/henry.das,AWS_ARN,47814,47854,"GDPR_Art5_1b, DPDPA_S8"
tenant-c_log_07.json,arn:aws:s3:::tenant-c-prod,AWS_ARN,48692,48718,"GDPR_Art5_1b, DPDPA_S8"
tenant-c_log_07.json,arn:aws:iam::345678901234:user/grace.iyer,AWS_ARN,49096,49137,"GDPR_Art5_1b, DPDPA_S8"
tenant-c_log_07.json,arn:aws:s3:::tenant-c-archive,AWS_ARN,49980,50009,"GDPR_Art5_1b, DPDPA_S8"
tenant-c_log_07.json,arn:aws:iam::345678901234:user/iris.menon,AWS_ARN,50387,50428,"GDPR_Art5_1b, DPDPA_S8"
tenant-c_log_07.json,arn:aws:s3:::tenant-c-archive,AWS_ARN,51271,51300,"GDPR_Art5_1b, DPDPA_S8"
tenant-c_log_07.json,345678901234,AWS_ACCOUNT_ID,249,261,"GDPR_Art5_1b, DPDPA_S8"
tenant-c_log_07.json,345678901234,AWS_ACCOUNT_ID,1122,1134,"GDPR_Art5_1b, DPDPA_S8"
tenant-c_log_07.json,345678901234,AWS_ACCOUNT_ID,1286,1298,"GDPR_Art5_1b, DPDPA_S8"
tenant-c_log_07.json,345678901234,AWS_ACCOUNT_ID,1539,1551,"GDPR_Art5_1b, DPDPA_S8"
tenant-c_log_07.json,345678901234,AWS_ACCOUNT_ID,2415,2427,"GDPR_Art5_1b, DPDPA_S8"
tenant-c_log_07.json,345678901234,AWS_ACCOUNT_ID,2579,2591,"GDPR_Art5_1b, DPDPA_S8"
tenant-c_log_07.json,345678901234,AWS_ACCOUNT_ID,2832,2844,"GDPR_Art5_1b, DPDPA_S8"
tenant-c_log_07.json,345678901234,AWS_ACCOUNT_ID,3704,3716,"GDPR_Art5_1b, DPDPA_S8"
tenant-c_log_07.json,345678901234,AWS_ACCOUNT_ID,3868,3880,"GDPR_Art5_1b, DPDPA_S8"
tenant-c_log_07.json,345678901234,AWS_ACCOUNT_ID,4121,4133,"GDPR_Art5_1b, DPDPA_S8"
tenant-c_log_07.json,345678901234,AWS_ACCOUNT_ID,4993,5005,"GDPR_Art5_1b, DPDPA_S8"
tenant-c_log_07.json,345678901234,AWS_ACCOUNT_ID,5157,5169,"GDPR_Art5_1b, DPDPA_S8"
tenant-c_log_07.json,345678901234,AWS_ACCOUNT_ID,5409,5421,"GDPR_Art5_1b, DPDPA_S8"
tenant-c_log_07.json,345678901234,AWS_ACCOUNT_ID,6278,6290,"GDPR_Art5_1b, DPDPA_S8"
tenant-c_log_07.json,345678901234,AWS_ACCOUNT_ID,6442,6454,"GDPR_Art5_1b, DPDPA_S8"
tenant-c_log_07.json,345678901234,AWS_ACCOUNT_ID,6694,6706,"GDPR_Art5_1b, DPDPA_S8"
tenant-c_log_07.json,345678901234,AWS_ACCOUNT_ID,7561,7573,"GDPR_Art5_1b, DPDPA_S8"
tenant-c_log_07.json,345678901234,AWS_ACCOUNT_ID,7725,7737,"GDPR_Art5_1b, DPDPA_S8"
tenant-c_log_07.json,345678901234,AWS_ACCOUNT_ID,7977,7989,"GDPR_Art5_1b, DPDPA_S8"
tenant-c_log_07.json,345678901234,AWS_ACCOUNT_ID,8842,8854,"GDPR_Art5_1b, DPDPA_S8"
tenant-c_log_07.json,345678901234,AWS_ACCOUNT_ID,9006,9018,"GDPR_Art5_1b, DPDPA_S8"
tenant-c_log_07.json,345678901234,AWS_ACCOUNT_ID,9258,9270,"GDPR_Art5_1b, DPDPA_S8"
tenant-c_log_07.json,345678901234,AWS_ACCOUNT_ID,10133,10145,"GDPR_Art5_1b, DPDPA_S8"
tenant-c_log_07.json,345678901234,AWS_ACCOUNT_ID,10297,10309,"GDPR_Art5_1b, DPDPA_S8"
tenant-c_log_07.json,345678901234,AWS_ACCOUNT_ID,10549,10561,"GDPR_Art5_1b, DPDPA_S8"
tenant-c_log_07.json,345678901234,AWS_ACCOUNT_ID,11416,11428,"GDPR_Art5_1b, DPDPA_S8"
tenant-c_log_07.json,345678901234,AWS_ACCOUNT_ID,11580,11592,"GDPR_Art5_1b, DPDPA_S8"
tenant-c_log_07.json,345678901234,AWS_ACCOUNT_ID,11832,11844,"GDPR_Art5_1b, DPDPA_S8"
tenant-c_log_07.json,345678901234,AWS_ACCOUNT_ID,12704,12716,"GDPR_Art5_1b, DPDPA_S8"
tenant-c_log_07.json,345678901234,AWS_ACCOUNT_ID,12868,12880,"GDPR_Art5_1b, DPDPA_S8"
tenant-c_log_07.json,345678901234,AWS_ACCOUNT_ID,13120,13132,"GDPR_Art5_1b, DPDPA_S8"
tenant-c_log_07.json,345678901234,AWS_ACCOUNT_ID,13983,13995,"GDPR_Art5_1b, DPDPA_S8"
tenant-c_log_07.json,345678901234,AWS_ACCOUNT_ID,14147,14159,"GDPR_Art5_1b, DPDPA_S8"
tenant-c_log_07.json,345678901234,AWS_ACCOUNT_ID,14400,14412,"GDPR_Art5_1b, DPDPA_S8"
tenant-c_log_07.json,345678901234,AWS_ACCOUNT_ID,15266,15278,"GDPR_Art5_1b, DPDPA_S8"
tenant-c_log_07.json,345678901234,AWS_ACCOUNT_ID,15430,15442,"GDPR_Art5_1b, DPDPA_S8"
tenant-c_log_07.json,345678901234,AWS_ACCOUNT_ID,15682,15694,"GDPR_Art5_1b, DPDPA_S8"
tenant-c_log_07.json,345678901234,AWS_ACCOUNT_ID,16549,16561,"GDPR_Art5_1b, DPDPA_S8"
tenant-c_log_07.json,345678901234,AWS_ACCOUNT_ID,16713,16725,"GDPR_Art5_1b, DPDPA_S8"
tenant-c_log_07.json,345678901234,AWS_ACCOUNT_ID,16966,16978,"GDPR_Art5_1b, DPDPA_S8"
tenant-c_log_07.json,345678901234,AWS_ACCOUNT_ID,17829,17841,"GDPR_Art5_1b, DPDPA_S8"
tenant-c_log_07.json,345678901234,AWS_ACCOUNT_ID,17993,18005,"GDPR_Art5_1b, DPDPA_S8"
tenant-c_log_07.json,345678901234,AWS_ACCOUNT_ID,18245,18257,"GDPR_Art5_1b, DPDPA_S8"
tenant-c_log_07.json,345678901234,AWS_ACCOUNT_ID,19116,19128,"GDPR_Art5_1b, DPDPA_S8"
tenant-c_log_07.json,345678901234,AWS_ACCOUNT_ID,19280,19292,"GDPR_Art5_1b, DPDPA_S8"
tenant-c_log_07.json,345678901234,AWS_ACCOUNT_ID,19533,19545,"GDPR_Art5_1b, DPDPA_S8"
tenant-c_log_07.json,345678901234,AWS_ACCOUNT_ID,20398,20410,"GDPR_Art5_1b, DPDPA_S8"
tenant-c_log_07.json,345678901234,AWS_ACCOUNT_ID,20562,20574,"GDPR_Art5_1b, DPDPA_S8"
tenant-c_log_07.json,345678901234,AWS_ACCOUNT_ID,20815,20827,"GDPR_Art5_1b, DPDPA_S8"
tenant-c_log_07.json,345678901234,AWS_ACCOUNT_ID,21683,21695,"GDPR_Art5_1b, DPDPA_S8"
tenant-c_log_07.json,345678901234,AWS_ACCOUNT_ID,21847,21859,"GDPR_Art5_1b, DPDPA_S8"
tenant-c_log_07.json,345678901234,AWS_ACCOUNT_ID,22099,22111,"GDPR_Art5_1b, DPDPA_S8"
tenant-c_log_07.json,345678901234,AWS_ACCOUNT_ID,22971,22983,"GDPR_Art5_1b, DPDPA_S8"
tenant-c_log_07.json,345678901234,AWS_ACCOUNT_ID,23135,23147,"GDPR_Art5_1b, DPDPA_S8"
tenant-c_log_07.json,345678901234,AWS_ACCOUNT_ID,23388,23400,"GDPR_Art5_1b, DPDPA_S8"
tenant-c_log_07.json,345678901234,AWS_ACCOUNT_ID,24255,24267,"GDPR_Art5_1b, DPDPA_S8"
tenant-c_log_07.json,345678901234,AWS_ACCOUNT_ID,24419,24431,"GDPR_Art5_1b, DPDPA_S8"
tenant-c_log_07.json,345678901234,AWS_ACCOUNT_ID,24671,24683,"GDPR_Art5_1b, DPDPA_S8"
tenant-c_log_07.json,345678901234,AWS_ACCOUNT_ID,25537,25549,"GDPR_Art5_1b, DPDPA_S8"
tenant-c_log_07.json,345678901234,AWS_ACCOUNT_ID,25701,25713,"GDPR_Art5_1b, DPDPA_S8"
tenant-c_log_07.json,345678901234,AWS_ACCOUNT_ID,25954,25966,"GDPR_Art5_1b, DPDPA_S8"
tenant-c_log_07.json,345678901234,AWS_ACCOUNT_ID,26828,26840,"GDPR_Art5_1b, DPDPA_S8"
tenant-c_log_07.json,345678901234,AWS_ACCOUNT_ID,26992,27004,"GDPR_Art5_1b, DPDPA_S8"
tenant-c_log_07.json,345678901234,AWS_ACCOUNT_ID,27244,27256,"GDPR_Art5_1b, DPDPA_S8"
tenant-c_log_07.json,345678901234,AWS_ACCOUNT_ID,28116,28128,"GDPR_Art5_1b, DPDPA_S8"
tenant-c_log_07.json,345678901234,AWS_ACCOUNT_ID,28280,28292,"GDPR_Art5_1b, DPDPA_S8"
tenant-c_log_07.json,345678901234,AWS_ACCOUNT_ID,28533,28545,"GDPR_Art5_1b, DPDPA_S8"
tenant-c_log_07.json,345678901234,AWS_ACCOUNT_ID,29405,29417,"GDPR_Art5_1b, DPDPA_S8"
tenant-c_log_07.json,345678901234,AWS_ACCOUNT_ID,29569,29581,"GDPR_Art5_1b, DPDPA_S8"
tenant-c_log_07.json,345678901234,AWS_ACCOUNT_ID,29822,29834,"GDPR_Art5_1b, DPDPA_S8"
tenant-c_log_07.json,345678901234,AWS_ACCOUNT_ID,30696,30708,"GDPR_Art5_1b, DPDPA_S8"
tenant-c_log_07.json,345678901234,AWS_ACCOUNT_ID,30860,30872,"GDPR_Art5_1b, DPDPA_S8"
tenant-c_log_07.json,345678901234,AWS_ACCOUNT_ID,31113,31125,"GDPR_Art5_1b, DPDPA_S8"
tenant-c_log_07.json,345678901234,AWS_ACCOUNT_ID,31982,31994,"GDPR_Art5_1b, DPDPA_S8"
tenant-c_log_07.json,345678901234,AWS_ACCOUNT_ID,32146,32158,"GDPR_Art5_1b, DPDPA_S8"
tenant-c_log_07.json,345678901234,AWS_ACCOUNT_ID,32399,32411,"GDPR_Art5_1b, DPDPA_S8"
tenant-c_log_07.json,345678901234,AWS_ACCOUNT_ID,33272,33284,"GDPR_Art5_1b, DPDPA_S8"
tenant-c_log_07.json,345678901234,AWS_ACCOUNT_ID,33436,33448,"GDPR_Art5_1b, DPDPA_S8"
tenant-c_log_07.json,345678901234,AWS_ACCOUNT_ID,33689,33701,"GDPR_Art5_1b, DPDPA_S8"
tenant-c_log_07.json,345678901234,AWS_ACCOUNT_ID,34564,34576,"GDPR_Art5_1b, DPDPA_S8"
tenant-c_log_07.json,345678901234,AWS_ACCOUNT_ID,34728,34740,"GDPR_Art5_1b, DPDPA_S8"
tenant-c_log_07.json,345678901234,AWS_ACCOUNT_ID,34981,34993,"GDPR_Art5_1b, DPDPA_S8"
tenant-c_log_07.json,345678901234,AWS_ACCOUNT_ID,35856,35868,"GDPR_Art5_1b, DPDPA_S8"
tenant-c_log_07.json,345678901234,AWS_ACCOUNT_ID,36020,36032,"GDPR_Art5_1b, DPDPA_S8"
tenant-c_log_07.json,345678901234,AWS_ACCOUNT_ID,36273,36285,"GDPR_Art5_1b, DPDPA_S8"
tenant-c_log_07.json,345678901234,AWS_ACCOUNT_ID,37149,37161,"GDPR_Art5_1b, DPDPA_S8"
tenant-c_log_07.json,345678901234,AWS_ACCOUNT_ID,37313,37325,"GDPR_Art5_1b, DPDPA_S8"
tenant-c_log_07.json,345678901234,AWS_ACCOUNT_ID,37565,37577,"GDPR_Art5_1b, DPDPA_S8"
tenant-c_log_07.json,345678901234,AWS_ACCOUNT_ID,38438,38450,"GDPR_Art5_1b, DPDPA_S8"
tenant-c_log_07.json,345678901234,AWS_ACCOUNT_ID,38602,38614,"GDPR_Art5_1b, DPDPA_S8"
tenant-c_log_07.json,345678901234,AWS_ACCOUNT_ID,38854,38866,"GDPR_Art5_1b, DPDPA_S8"
tenant-c_log_07.json,345678901234,AWS_ACCOUNT_ID,39724,39736,"GDPR_Art5_1b, DPDPA_S8"
tenant-c_log_07.json,345678901234,AWS_ACCOUNT_ID,39888,39900,"GDPR_Art5_1b, DPDPA_S8"
tenant-c_log_07.json,345678901234,AWS_ACCOUNT_ID,40140,40152,"GDPR_Art5_1b, DPDPA_S8"
tenant-c_log_07.json,345678901234,AWS_ACCOUNT_ID,41011,41023,"GDPR_Art5_1b, DPDPA_S8"
tenant-c_log_07.json,345678901234,AWS_ACCOUNT_ID,41175,41187,"GDPR_Art5_1b, DPDPA_S8"
tenant-c_log_07.json,345678901234,AWS_ACCOUNT_ID,41428,41440,"GDPR_Art5_1b, DPDPA_S8"
tenant-c_log_07.json,345678901234,AWS_ACCOUNT_ID,42300,42312,"GDPR_Art5_1b, DPDPA_S8"
tenant-c_log_07.json,345678901234,AWS_ACCOUNT_ID,42464,42476,"GDPR_Art5_1b, DPDPA_S8"
tenant-c_log_07.json,345678901234,AWS_ACCOUNT_ID,42717,42729,"GDPR_Art5_1b, DPDPA_S8"
tenant-c_log_07.json,345678901234,AWS_ACCOUNT_ID,43592,43604,"GDPR_Art5_1b, DPDPA_S8"
tenant-c_log_07.json,345678901234,AWS_ACCOUNT_ID,43756,43768,"GDPR_Art5_1b, DPDPA_S8"
tenant-c_log_07.json,345678901234,AWS_ACCOUNT_ID,44008,44020,"GDPR_Art5_1b, DPDPA_S8"
tenant-c_log_07.json,345678901234,AWS_ACCOUNT_ID,44891,44903,"GDPR_Art5_1b, DPDPA_S8"
tenant-c_log_07.json,345678901234,AWS_ACCOUNT_ID,45055,45067,"GDPR_Art5_1b, DPDPA_S8"
tenant-c_log_07.json,345678901234,AWS_ACCOUNT_ID,45307,45319,"GDPR_Art5_1b, DPDPA_S8"
tenant-c_log_07.json,345678901234,AWS_ACCOUNT_ID,46181,46193,"GDPR_Art5_1b, DPDPA_S8"
tenant-c_log_07.json,345678901234,AWS_ACCOUNT_ID,46345,46357,"GDPR_Art5_1b, DPDPA_S8"
tenant-c_log_07.json,345678901234,AWS_ACCOUNT_ID,46597,46609,"GDPR_Art5_1b, DPDPA_S8"
tenant-c_log_07.json,345678901234,AWS_ACCOUNT_ID,47463,47475,"GDPR_Art5_1b, DPDPA_S8"
tenant-c_log_07.json,345678901234,AWS_ACCOUNT_ID,47627,47639,"GDPR_Art5_1b, DPDPA_S8"
tenant-c_log_07.json,345678901234,AWS_ACCOUNT_ID,47879,47891,"GDPR_Art5_1b, DPDPA_S8"
tenant-c_log_07.json,345678901234,AWS_ACCOUNT_ID,48745,48757,"GDPR_Art5_1b, DPDPA_S8"
tenant-c_log_07.json,345678901234,AWS_ACCOUNT_ID,48909,48921,"GDPR_Art5_1b, DPDPA_S8"
tenant-c_log_07.json,345678901234,AWS_ACCOUNT_ID,49162,49174,"GDPR_Art5_1b, DPDPA_S8"
tenant-c_log_07.json,345678901234,AWS_ACCOUNT_ID,50036,50048,"GDPR_Art5_1b, DPDPA_S8"
tenant-c_log_07.json,345678901234,AWS_ACCOUNT_ID,50200,50212,"GDPR_Art5_1b, DPDPA_S8"
tenant-c_log_07.json,345678901234,AWS_ACCOUNT_ID,50453,50465,"GDPR_Art5_1b, DPDPA_S8"
tenant-c_log_07.json,345678901234,AWS_ACCOUNT_ID,51327,51339,"GDPR_Art5_1b, DPDPA_S8"
tenant-c_log_07.json,345678901234,AWS_ACCOUNT_ID,51491,51503,"GDPR_Art5_1b, DPDPA_S8"
tenant-c_log_08.json,grace.iyer,PERSON,285,295,"GDPR_Art5_1a, DPDPA_S8"
tenant-c_log_08.json,grace.iyer,PERSON,1574,1584,"GDPR_Art5_1a, DPDPA_S8"
tenant-c_log_08.json,henry.das,PERSON,2861,2870,"GDPR_Art5_1a, DPDPA_S8"
tenant-c_log_08.json,henry.das,PERSON,4145,4154,"GDPR_Art5_1a, DPDPA_S8"
tenant-c_log_08.json,henry.das,PERSON,5431,5440,"GDPR_Art5_1a, DPDPA_S8"
tenant-c_log_08.json,henry.das,PERSON,6719,6728,"GDPR_Art5_1a, DPDPA_S8"
tenant-c_log_08.json,grace.iyer,PERSON,8007,8017,"GDPR_Art5_1a, DPDPA_S8"
tenant-c_log_08.json,henry.das,PERSON,9287,9296,"GDPR_Art5_1a, DPDPA_S8"
tenant-c_log_08.json,grace.iyer,PERSON,10566,10576,"GDPR_Art5_1a, DPDPA_S8"
tenant-c_log_08.json,grace.iyer,PERSON,11853,11863,"GDPR_Art5_1a, DPDPA_S8"
tenant-c_log_08.json,iris.menon,PERSON,13142,13152,"GDPR_Art5_1a, DPDPA_S8"
tenant-c_log_08.json,grace.iyer,PERSON,14431,14441,"GDPR_Art5_1a, DPDPA_S8"
tenant-c_log_08.json,grace.iyer,PERSON,15720,15730,"GDPR_Art5_1a, DPDPA_S8"
tenant-c_log_08.json,henry.das,PERSON,17009,17018,"GDPR_Art5_1a, DPDPA_S8"
tenant-c_log_08.json,grace.iyer,PERSON,18288,18298,"GDPR_Art5_1a, DPDPA_S8"
tenant-c_log_08.json,grace.iyer,PERSON,19572,19582,"GDPR_Art5_1a, DPDPA_S8"
tenant-c_log_08.json,henry.das,PERSON,20852,20861,"GDPR_Art5_1a, DPDPA_S8"
tenant-c_log_08.json,grace.iyer,PERSON,22133,22143,"GDPR_Art5_1a, DPDPA_S8"
tenant-c_log_08.json,grace.iyer,PERSON,23421,23431,"GDPR_Art5_1a, DPDPA_S8"
tenant-c_log_08.json,iris.menon,PERSON,24713,24723,"GDPR_Art5_1a, DPDPA_S8"
tenant-c_log_08.json,172.29.189.226,IP_ADDRESS,679,693,"GDPR_Art5_1b, DPDPA_S8"
tenant-c_log_08.json,10.253.197.249,IP_ADDRESS,1968,1982,"GDPR_Art5_1b, DPDPA_S8"
tenant-c_log_08.json,192.168.244.247,IP_ADDRESS,3254,3269,"GDPR_Art5_1b, DPDPA_S8"
tenant-c_log_08.json,192.168.213.125,IP_ADDRESS,4538,4553,"GDPR_Art5_1b, DPDPA_S8"
tenant-c_log_08.json,172.23.232.204,IP_ADDRESS,5824,5838,"GDPR_Art5_1b, DPDPA_S8"
tenant-c_log_08.json,10.200.180.142,IP_ADDRESS,7112,7126,"GDPR_Art5_1b, DPDPA_S8"
tenant-c_log_08.json,172.28.53.39,IP_ADDRESS,8401,8413,"GDPR_Art5_1b, DPDPA_S8"
tenant-c_log_08.json,192.168.186.75,IP_ADDRESS,9680,9694,"GDPR_Art5_1b, DPDPA_S8"
tenant-c_log_08.json,192.168.47.251,IP_ADDRESS,10960,10974,"GDPR_Art5_1b, DPDPA_S8"
tenant-c_log_08.json,192.168.5.234,IP_ADDRESS,12247,12260,"GDPR_Art5_1b, DPDPA_S8"
tenant-c_log_08.json,192.168.61.236,IP_ADDRESS,13536,13550,"GDPR_Art5_1b, DPDPA_S8"
tenant-c_log_08.json,172.27.183.249,IP_ADDRESS,14825,14839,"GDPR_Art5_1b, DPDPA_S8"
tenant-c_log_08.json,10.178.252.4,IP_ADDRESS,16114,16126,"GDPR_Art5_1b, DPDPA_S8"
tenant-c_log_08.json,172.23.1.128,IP_ADDRESS,17402,17414,"GDPR_Art5_1b, DPDPA_S8"
tenant-c_log_08.json,172.22.247.94,IP_ADDRESS,18682,18695,"GDPR_Art5_1b, DPDPA_S8"
tenant-c_log_08.json,10.118.243.106,IP_ADDRESS,19966,19980,"GDPR_Art5_1b, DPDPA_S8"
tenant-c_log_08.json,10.200.190.120,IP_ADDRESS,21245,21259,"GDPR_Art5_1b, DPDPA_S8"
tenant-c_log_08.json,10.238.191.153,IP_ADDRESS,22527,22541,"GDPR_Art5_1b, DPDPA_S8"
tenant-c_log_08.json,172.23.158.238,IP_ADDRESS,23815,23829,"GDPR_Art5_1b, DPDPA_S8"
tenant-c_log_08.json,10.233.74.218,IP_ADDRESS,25107,25120,"GDPR_Art5_1b, DPDPA_S8"
tenant-c_log_08.json,arn:aws:iam::345678901234:user/grace.iyer,AWS_ARN,183,224,"GDPR_Art5_1b, DPDPA_S8"
tenant-c_log_08.json,arn:aws:s3:::tenant-c-archive,AWS_ARN,1065,1094,"GDPR_Art5_1b, DPDPA_S8"
tenant-c_log_08.json,arn:aws:iam::345678901234:user/grace.iyer,AWS_ARN,1472,1513,"GDPR_Art5_1b, DPDPA_S8"
tenant-c_log_08.json,arn:aws:s3:::tenant-c-prod,AWS_ARN,2356,2382,"GDPR_Art5_1b, DPDPA_S8"
tenant-c_log_08.json,arn:aws:iam::345678901234:user/henry.das,AWS_ARN,2760,2800,"GDPR_Art5_1b, DPDPA_S8"
tenant-c_log_08.json,arn:aws:s3:::tenant-c-prod,AWS_ARN,3640,3666,"GDPR_Art5_1b, DPDPA_S8"
tenant-c_log_08.json,arn:aws:iam::345678901234:user/henry.das,AWS_ARN,4044,4084,"GDPR_Art5_1b, DPDPA_S8"
tenant-c_log_08.json,arn:aws:s3:::tenant-c-archive,AWS_ARN,4923,4952,"GDPR_Art5_1b, DPDPA_S8"
tenant-c_log_08.json,arn:aws:iam::345678901234:user/henry.das,AWS_ARN,5330,5370,"GDPR_Art5_1b, DPDPA_S8"
tenant-c_log_08.json,arn:aws:s3:::tenant-c-archive,AWS_ARN,6211,6240,"GDPR_Art5_1b, DPDPA_S8"
tenant-c_log_08.json,arn:aws:iam::345678901234:user/henry.das,AWS_ARN,6618,6658,"GDPR_Art5_1b, DPDPA_S8"
tenant-c_log_08.json,arn:aws:s3:::tenant-c-archive,AWS_ARN,7498,7527,"GDPR_Art5_1b, DPDPA_S8"
tenant-c_log_08.json,arn:aws:iam::345678901234:user/grace.iyer,AWS_ARN,7905,7946,"GDPR_Art5_1b, DPDPA_S8"
tenant-c_log_08.json,arn:aws:s3:::tenant-c-prod,AWS_ARN,8782,8808,"GDPR_Art5_1b, DPDPA_S8"
tenant-c_log_08.json,arn:aws:iam::345678901234:user/henry.das,AWS_ARN,9186,9226,"GDPR_Art5_1b, DPDPA_S8"
tenant-c_log_08.json,arn:aws:s3:::tenant-c-prod,AWS_ARN,10060,10086,"GDPR_Art5_1b, DPDPA_S8"
tenant-c_log_08.json,arn:aws:iam::345678901234:user/grace.iyer,AWS_ARN,10464,10505,"GDPR_Art5_1b, DPDPA_S8"
tenant-c_log_08.json,arn:aws:s3:::tenant-c-prod,AWS_ARN,11347,11373,"GDPR_Art5_1b, DPDPA_S8"
tenant-c_log_08.json,arn:aws:iam::345678901234:user/grace.iyer,AWS_ARN,11751,11792,"GDPR_Art5_1b, DPDPA_S8"
tenant-c_log_08.json,arn:aws:s3:::tenant-c-archive,AWS_ARN,12633,12662,"GDPR_Art5_1b, DPDPA_S8"
tenant-c_log_08.json,arn:aws:iam::345678901234:user/iris.menon,AWS_ARN,13040,13081,"GDPR_Art5_1b, DPDPA_S8"
tenant-c_log_08.json,arn:aws:s3:::tenant-c-archive,AWS_ARN,13922,13951,"GDPR_Art5_1b, DPDPA_S8"
tenant-c_log_08.json,arn:aws:iam::345678901234:user/grace.iyer,AWS_ARN,14329,14370,"GDPR_Art5_1b, DPDPA_S8"
tenant-c_log_08.json,arn:aws:s3:::tenant-c-archive,AWS_ARN,15211,15240,"GDPR_Art5_1b, DPDPA_S8"
tenant-c_log_08.json,arn:aws:iam::345678901234:user/grace.iyer,AWS_ARN,15618,15659,"GDPR_Art5_1b, DPDPA_S8"
tenant-c_log_08.json,arn:aws:s3:::tenant-c-archive,AWS_ARN,16501,16530,"GDPR_Art5_1b, DPDPA_S8"
tenant-c_log_08.json,arn:aws:iam::345678901234:user/henry.das,AWS_ARN,16908,16948,"GDPR_Art5_1b, DPDPA_S8"
tenant-c_log_08.json,arn:aws:s3:::tenant-c-prod,AWS_ARN,17782,17808,"GDPR_Art5_1b, DPDPA_S8"
tenant-c_log_08.json,arn:aws:iam::345678901234:user/grace.iyer,AWS_ARN,18186,18227,"GDPR_Art5_1b, DPDPA_S8"
tenant-c_log_08.json,arn:aws:s3:::tenant-c-archive,AWS_ARN,19063,19092,"GDPR_Art5_1b, DPDPA_S8"
tenant-c_log_08.json,arn:aws:iam::345678901234:user/grace.iyer,AWS_ARN,19470,19511,"GDPR_Art5_1b, DPDPA_S8"
tenant-c_log_08.json,arn:aws:s3:::tenant-c-prod,AWS_ARN,20347,20373,"GDPR_Art5_1b, DPDPA_S8"
tenant-c_log_08.json,arn:aws:iam::345678901234:user/henry.das,AWS_ARN,20751,20791,"GDPR_Art5_1b, DPDPA_S8"
tenant-c_log_08.json,arn:aws:s3:::tenant-c-prod,AWS_ARN,21627,21653,"GDPR_Art5_1b, DPDPA_S8"
tenant-c_log_08.json,arn:aws:iam::345678901234:user/grace.iyer,AWS_ARN,22031,22072,"GDPR_Art5_1b, DPDPA_S8"
tenant-c_log_08.json,arn:aws:s3:::tenant-c-archive,AWS_ARN,22912,22941,"GDPR_Art5_1b, DPDPA_S8"
tenant-c_log_08.json,arn:aws:iam::345678901234:user/grace.iyer,AWS_ARN,23319,23360,"GDPR_Art5_1b, DPDPA_S8"
tenant-c_log_08.json,arn:aws:s3:::tenant-c-archive,AWS_ARN,24204,24233,"GDPR_Art5_1b, DPDPA_S8"
tenant-c_log_08.json,arn:aws:iam::345678901234:user/iris.menon,AWS_ARN,24611,24652,"GDPR_Art5_1b, DPDPA_S8"
tenant-c_log_08.json,arn:aws:s3:::tenant-c-archive,AWS_ARN,25491,25520,"GDPR_Art5_1b, DPDPA_S8"
tenant-c_log_08.json,345678901234,AWS_ACCOUNT_ID,249,261,"GDPR_Art5_1b, DPDPA_S8"
tenant-c_log_08.json,345678901234,AWS_ACCOUNT_ID,1121,1133,"GDPR_Art5_1b, DPDPA_S8"
tenant-c_log_08.json,345678901234,AWS_ACCOUNT_ID,1285,1297,"GDPR_Art5_1b, DPDPA_S8"
tenant-c_log_08.json,345678901234,AWS_ACCOUNT_ID,1538,1550,"GDPR_Art5_1b, DPDPA_S8"
tenant-c_log_08.json,345678901234,AWS_ACCOUNT_ID,2409,2421,"GDPR_Art5_1b, DPDPA_S8"
tenant-c_log_08.json,345678901234,AWS_ACCOUNT_ID,2573,2585,"GDPR_Art5_1b, DPDPA_S8"
tenant-c_log_08.json,345678901234,AWS_ACCOUNT_ID,2825,2837,"GDPR_Art5_1b, DPDPA_S8"
tenant-c_log_08.json,345678901234,AWS_ACCOUNT_ID,3693,3705,"GDPR_Art5_1b, DPDPA_S8"
tenant-c_log_08.json,345678901234,AWS_ACCOUNT_ID,3857,3869,"GDPR_Art5_1b, DPDPA_S8"
tenant-c_log_08.json,345678901234,AWS_ACCOUNT_ID,4109,4121,"GDPR_Art5_1b, DPDPA_S8"
tenant-c_log_08.json,345678901234,AWS_ACCOUNT_ID,4979,4991,"GDPR_Art5_1b, DPDPA_S8"
tenant-c_log_08.json,345678901234,AWS_ACCOUNT_ID,5143,5155,"GDPR_Art5_1b, DPDPA_S8"
tenant-c_log_08.json,345678901234,AWS_ACCOUNT_ID,5395,5407,"GDPR_Art5_1b, DPDPA_S8"
tenant-c_log_08.json,345678901234,AWS_ACCOUNT_ID,6267,6279,"GDPR_Art5_1b, DPDPA_S8"
tenant-c_log_08.json,345678901234,AWS_ACCOUNT_ID,6431,6443,"GDPR_Art5_1b, DPDPA_S8"
tenant-c_log_08.json,345678901234,AWS_ACCOUNT_ID,6683,6695,"GDPR_Art5_1b, DPDPA_S8"
tenant-c_log_08.json,345678901234,AWS_ACCOUNT_ID,7554,7566,"GDPR_Art5_1b, DPDPA_S8"
tenant-c_log_08.json,345678901234,AWS_ACCOUNT_ID,7718,7730,"GDPR_Art5_1b, DPDPA_S8"
tenant-c_log_08.json,345678901234,AWS_ACCOUNT_ID,7971,7983,"GDPR_Art5_1b, DPDPA_S8"
tenant-c_log_08.json,345678901234,AWS_ACCOUNT_ID,8835,8847,"GDPR_Art5_1b, DPDPA_S8"
tenant-c_log_08.json,345678901234,AWS_ACCOUNT_ID,8999,9011,"GDPR_Art5_1b, DPDPA_S8"
tenant-c_log_08.json,345678901234,AWS_ACCOUNT_ID,9251,9263,"GDPR_Art5_1b, DPDPA_S8"
tenant-c_log_08.json,345678901234,AWS_ACCOUNT_ID,10113,10125,"GDPR_Art5_1b, DPDPA_S8"
tenant-c_log_08.json,345678901234,AWS_ACCOUNT_ID,10277,10289,"GDPR_Art5_1b, DPDPA_S8"
tenant-c_log_08.json,345678901234,AWS_ACCOUNT_ID,10530,10542,"GDPR_Art5_1b, DPDPA_S8"
tenant-c_log_08.json,345678901234,AWS_ACCOUNT_ID,11400,11412,"GDPR_Art5_1b, DPDPA_S8"
tenant-c_log_08.json,345678901234,AWS_ACCOUNT_ID,11564,11576,"GDPR_Art5_1b, DPDPA_S8"
tenant-c_log_08.json,345678901234,AWS_ACCOUNT_ID,11817,11829,"GDPR_Art5_1b, DPDPA_S8"
tenant-c_log_08.json,345678901234,AWS_ACCOUNT_ID,12689,12701,"GDPR_Art5_1b, DPDPA_S8"
tenant-c_log_08.json,345678901234,AWS_ACCOUNT_ID,12853,12865,"GDPR_Art5_1b, DPDPA_S8"
tenant-c_log_08.json,345678901234,AWS_ACCOUNT_ID,13106,13118,"GDPR_Art5_1b, DPDPA_S8"
tenant-c_log_08.json,345678901234,AWS_ACCOUNT_ID,13978,13990,"GDPR_Art5_1b, DPDPA_S8"
tenant-c_log_08.json,345678901234,AWS_ACCOUNT_ID,14142,14154,"GDPR_Art5_1b, DPDPA_S8"
tenant-c_log_08.json,345678901234,AWS_ACCOUNT_ID,14395,14407,"GDPR_Art5_1b, DPDPA_S8"
tenant-c_log_08.json,345678901234,AWS_ACCOUNT_ID,15267,15279,"GDPR_Art5_1b, DPDPA_S8"
tenant-c_log_08.json,345678901234,AWS_ACCOUNT_ID,15431,15443,"GDPR_Art5_1b, DPDPA_S8"
tenant-c_log_08.json,345678901234,AWS_ACCOUNT_ID,15684,15696,"GDPR_Art5_1b, DPDPA_S8"
tenant-c_log_08.json,345678901234,AWS_ACCOUNT_ID,16557,16569,"GDPR_Art5_1b, DPDPA_S8"
tenant-c_log_08.json,345678901234,AWS_ACCOUNT_ID,16721,16733,"GDPR_Art5_1b, DPDPA_S8"
tenant-c_log_08.json,345678901234,AWS_ACCOUNT_ID,16973,16985,"GDPR_Art5_1b, DPDPA_S8"
tenant-c_log_08.json,345678901234,AWS_ACCOUNT_ID,17835,17847,"GDPR_Art5_1b, DPDPA_S8"
tenant-c_log_08.json,345678901234,AWS_ACCOUNT_ID,17999,18011,"GDPR_Art5_1b, DPDPA_S8"
tenant-c_log_08.json,345678901234,AWS_ACCOUNT_ID,18252,18264,"GDPR_Art5_1b, DPDPA_S8"
tenant-c_log_08.json,345678901234,AWS_ACCOUNT_ID,19119,19131,"GDPR_Art5_1b, DPDPA_S8"
tenant-c_log_08.json,345678901234,AWS_ACCOUNT_ID,19283,19295,"GDPR_Art5_1b, DPDPA_S8"
tenant-c_log_08.json,345678901234,AWS_ACCOUNT_ID,19536,19548,"GDPR_Art5_1b, DPDPA_S8"
tenant-c_log_08.json,345678901234,AWS_ACCOUNT_ID,20400,20412,"GDPR_Art5_1b, DPDPA_S8"
tenant-c_log_08.json,345678901234,AWS_ACCOUNT_ID,20564,20576,"GDPR_Art5_1b, DPDPA_S8"
tenant-c_log_08.json,345678901234,AWS_ACCOUNT_ID,20816,20828,"GDPR_Art5_1b, DPDPA_S8"
tenant-c_log_08.json,345678901234,AWS_ACCOUNT_ID,21680,21692,"GDPR_Art5_1b, DPDPA_S8"
tenant-c_log_08.json,345678901234,AWS_ACCOUNT_ID,21844,21856,"GDPR_Art5_1b, DPDPA_S8"
tenant-c_log_08.json,345678901234,AWS_ACCOUNT_ID,22097,22109,"GDPR_Art5_1b, DPDPA_S8"
tenant-c_log_08.json,345678901234,AWS_ACCOUNT_ID,22968,22980,"GDPR_Art5_1b, DPDPA_S8"
tenant-c_log_08.json,345678901234,AWS_ACCOUNT_ID,23132,23144,"GDPR_Art5_1b, DPDPA_S8"
tenant-c_log_08.json,345678901234,AWS_ACCOUNT_ID,23385,23397,"GDPR_Art5_1b, DPDPA_S8"
tenant-c_log_08.json,345678901234,AWS_ACCOUNT_ID,24260,24272,"GDPR_Art5_1b, DPDPA_S8"
tenant-c_log_08.json,345678901234,AWS_ACCOUNT_ID,24424,24436,"GDPR_Art5_1b, DPDPA_S8"
tenant-c_log_08.json,345678901234,AWS_ACCOUNT_ID,24677,24689,"GDPR_Art5_1b, DPDPA_S8"
tenant-c_log_08.json,345678901234,AWS_ACCOUNT_ID,25547,25559,"GDPR_Art5_1b, DPDPA_S8"
tenant-c_log_08.json,345678901234,AWS_ACCOUNT_ID,25711,25723,"GDPR_Art5_1b, DPDPA_S8"
tenant-c_log_09.json,henry.das,PERSON,284,293,"GDPR_Art5_1a, DPDPA_S8"
tenant-c_log_09.json,grace.iyer,PERSON,1564,1574,"GDPR_Art5_1a, DPDPA_S8"
tenant-c_log_09.json,henry.das,PERSON,2846,2855,"GDPR_Art5_1a, DPDPA_S8"
tenant-c_log_09.json,iris.menon,PERSON,4123,4133,"GDPR_Art5_1a, DPDPA_S8"
tenant-c_log_09.json,henry.das,PERSON,5402,5411,"GDPR_Art5_1a, DPDPA_S8"
tenant-c_log_09.json,grace.iyer,PERSON,6691,6701,"GDPR_Art5_1a, DPDPA_S8"
tenant-c_log_09.json,grace.iyer,PERSON,7975,7985,"GDPR_Art5_1a, DPDPA_S8"
tenant-c_log_09.json,henry.das,PERSON,9255,9264,"GDPR_Art5_1a, DPDPA_S8"
tenant-c_log_09.json,iris.menon,PERSON,10537,10547,"GDPR_Art5_1a, DPDPA_S8"
tenant-c_log_09.json,grace.iyer,PERSON,11822,11832,"GDPR_Art5_1a, DPDPA_S8"
tenant-c_log_09.json,iris.menon,PERSON,13108,13118,"GDPR_Art5_1a, DPDPA_S8"
tenant-c_log_09.json,iris.menon,PERSON,14389,14399,"GDPR_Art5_1a, DPDPA_S8"
tenant-c_log_09.json,grace.iyer,PERSON,15669,15679,"GDPR_Art5_1a, DPDPA_S8"
tenant-c_log_09.json,iris.menon,PERSON,16948,16958,"GDPR_Art5_1a, DPDPA_S8"
tenant-c_log_09.json,henry.das,PERSON,18228,18237,"GDPR_Art5_1a, DPDPA_S8"
tenant-c_log_09.json,iris.menon,PERSON,19515,19525,"GDPR_Art5_1a, DPDPA_S8"
tenant-c_log_09.json,henry.das,PERSON,20796,20805,"GDPR_Art5_1a, DPDPA_S8"
tenant-c_log_09.json,iris.menon,PERSON,22076,22086,"GDPR_Art5_1a, DPDPA_S8"
tenant-c_log_09.json,henry.das,PERSON,23367,23376,"GDPR_Art5_1a, DPDPA_S8"
tenant-c_log_09.json,henry.das,PERSON,24651,24660,"GDPR_Art5_1a, DPDPA_S8"
tenant-c_log_09.json,172.16.33.142,IP_ADDRESS,677,690,"GDPR_Art5_1b, DPDPA_S8"
tenant-c_log_09.json,192.168.174.199,IP_ADDRESS,1958,1973,"GDPR_Art5_1b, DPDPA_S8"
tenant-c_log_09.json,10.11.183.78,IP_ADDRESS,3239,3251,"GDPR_Art5_1b, DPDPA_S8"
tenant-c_log_09.json,10.0.68.115,IP_ADDRESS,4517,4528,"GDPR_Art5_1b, DPDPA_S8"
tenant-c_log_09.json,192.168.87.135,IP_ADDRESS,5795,5809,"GDPR_Art5_1b, DPDPA_S8"
tenant-c_log_09.json,192.168.214.38,IP_ADDRESS,7085,7099,"GDPR_Art5_1b, DPDPA_S8"
tenant-c_log_09.json,172.21.165.135,IP_ADDRESS,8369,8383,"GDPR_Art5_1b, DPDPA_S8"
tenant-c_log_09.json,10.8.61.18,IP_ADDRESS,9648,9658,"GDPR_Art5_1b, DPDPA_S8"
tenant-c_log_09.json,192.168.6.2,IP_ADDRESS,10931,10942,"GDPR_Art5_1b, DPDPA_S8"
tenant-c_log_09.json,10.31.132.25,IP_ADDRESS,12216,12228,"GDPR_Art5_1b, DPDPA_S8"
tenant-c_log_09.json,172.31.203.5,IP_ADDRESS,13502,13514,"GDPR_Art5_1b, DPDPA_S8"
tenant-c_log_09.json,192.168.109.104,IP_ADDRESS,14783,14798,"GDPR_Art5_1b, DPDPA_S8"
tenant-c_log_09.json,192.168.81.145,IP_ADDRESS,16063,16077,"GDPR_Art5_1b, DPDPA_S8"
tenant-c_log_09.json,10.129.249.224,IP_ADDRESS,17342,17356,"GDPR_Art5_1b, DPDPA_S8"
tenant-c_log_09.json,192.168.141.234,IP_ADDRESS,18621,18636,"GDPR_Art5_1b, DPDPA_S8"
tenant-c_log_09.json,192.168.42.32,IP_ADDRESS,19909,19922,"GDPR_Art5_1b, DPDPA_S8"
tenant-c_log_09.json,10.179.139.144,IP_ADDRESS,21189,21203,"GDPR_Art5_1b, DPDPA_S8"
tenant-c_log_09.json,10.50.188.249,IP_ADDRESS,22470,22483,"GDPR_Art5_1b, DPDPA_S8"
tenant-c_log_09.json,10.68.195.66,IP_ADDRESS,23760,23772,"GDPR_Art5_1b, DPDPA_S8"
tenant-c_log_09.json,172.27.247.188,IP_ADDRESS,25044,25058,"GDPR_Art5_1b, DPDPA_S8"
tenant-c_log_09.json,arn:aws:iam::345678901234:user/henry.das,AWS_ARN,183,223,"GDPR_Art5_1b, DPDPA_S8"
tenant-c_log_09.json,arn:aws:s3:::tenant-c-prod,AWS_ARN,1058,1084,"GDPR_Art5_1b, DPDPA_S8"
tenant-c_log_09.json,arn:aws:iam::345678901234:user/grace.iyer,AWS_ARN,1462,1503,"GDPR_Art5_1b, DPDPA_S8"
tenant-c_log_09.json,arn:aws:s3:::tenant-c-prod,AWS_ARN,2341,2367,"GDPR_Art5_1b, DPDPA_S8"
tenant-c_log_09.json,arn:aws:iam::345678901234:user/henry.das,AWS_ARN,2745,2785,"GDPR_Art5_1b, DPDPA_S8"
tenant-c_log_09.json,arn:aws:s3:::tenant-c-prod,AWS_ARN,3617,3643,"GDPR_Art5_1b, DPDPA_S8"
tenant-c_log_09.json,arn:aws:iam::345678901234:user/iris.menon,AWS_ARN,4021,4062,"GDPR_Art5_1b, DPDPA_S8"
tenant-c_log_09.json,arn:aws:s3:::tenant-c-prod,AWS_ARN,4897,4923,"GDPR_Art5_1b, DPDPA_S8"
tenant-c_log_09.json,arn:aws:iam::345678901234:user/henry.das,AWS_ARN,5301,5341,"GDPR_Art5_1b, DPDPA_S8"
tenant-c_log_09.json,arn:aws:s3:::tenant-c-archive,AWS_ARN,6182,6211,"GDPR_Art5_1b, DPDPA_S8"
tenant-c_log_09.json,arn:aws:iam::345678901234:user/grace.iyer,AWS_ARN,6589,6630,"GDPR_Art5_1b, DPDPA_S8"
tenant-c_log_09.json,arn:aws:s3:::tenant-c-prod,AWS_ARN,7469,7495,"GDPR_Art5_1b, DPDPA_S8"
tenant-c_log_09.json,arn:aws:iam::345678901234:user/grace.iyer,AWS_ARN,7873,7914,"GDPR_Art5_1b, DPDPA_S8"
tenant-c_log_09.json,arn:aws:s3:::tenant-c-prod,AWS_ARN,8750,8776,"GDPR_Art5_1b, DPDPA_S8"
tenant-c_log_09.json,arn:aws:iam::345678901234:user/henry.das,AWS_ARN,9154,9194,"GDPR_Art5_1b, DPDPA_S8"
tenant-c_log_09.json,arn:aws:s3:::tenant-c-archive,AWS_ARN,10028,10057,"GDPR_Art5_1b, DPDPA_S8"
tenant-c_log_09.json,arn:aws:iam::345678901234:user/iris.menon,AWS_ARN,10435,10476,"GDPR_Art5_1b, DPDPA_S8"
tenant-c_log_09.json,arn:aws:s3:::tenant-c-archive,AWS_ARN,11313,11342,"GDPR_Art5_1b, DPDPA_S8"
tenant-c_log_09.json,arn:aws:iam::345678901234:user/grace.iyer,AWS_ARN,11720,11761,"GDPR_Art5_1b, DPDPA_S8"
tenant-c_log_09.json,arn:aws:s3:::tenant-c-archive,AWS_ARN,12599,12628,"GDPR_Art5_1b, DPDPA_S8"
tenant-c_log_09.json,arn:aws:iam::345678901234:user/iris.menon,AWS_ARN,13006,13047,"GDPR_Art5_1b, DPDPA_S8"
tenant-c_log_09.json,arn:aws:s3:::tenant-c-prod,AWS_ARN,13883,13909,"GDPR_Art5_1b, DPDPA_S8"
tenant-c_log_09.json,arn:aws:iam::345678901234:user/iris.menon,AWS_ARN,14287,14328,"GDPR_Art5_1b, DPDPA_S8"
tenant-c_log_09.json,arn:aws:s3:::tenant-c-prod,AWS_ARN,15163,15189,"GDPR_Art5_1b, DPDPA_S8"
tenant-c_log_09.json,arn:aws:iam::345678901234:user/grace.iyer,AWS_ARN,15567,15608,"GDPR_Art5_1b, DPDPA_S8"
tenant-c_log_09.json,arn:aws:s3:::tenant-c-prod,AWS_ARN,16442,16468,"GDPR_Art5_1b, DPDPA_S8"
tenant-c_log_09.json,arn:aws:iam::345678901234:user/iris.menon,AWS_ARN,16846,16887,"GDPR_Art5_1b, DPDPA_S8"
tenant-c_log_09.json,arn:aws:s3:::tenant-c-prod,AWS_ARN,17723,17749,"GDPR_Art5_1b, DPDPA_S8"
tenant-c_log_09.json,arn:aws:iam::345678901234:user/henry.das,AWS_ARN,18127,18167,"GDPR_Art5_1b, DPDPA_S8"
tenant-c_log_09.json,arn:aws:s3:::tenant-c-archive,AWS_ARN,19006,19035,"GDPR_Art5_1b, DPDPA_S8"
tenant-c_log_09.json,arn:aws:iam::345678901234:user/iris.menon,AWS_ARN,19413,19454,"GDPR_Art5_1b, DPDPA_S8"
tenant-c_log_09.json,arn:aws:s3:::tenant-c-prod,AWS_ARN,20291,20317,"GDPR_Art5_1b, DPDPA_S8"
tenant-c_log_09.json,arn:aws:iam::345678901234:user/henry.das,AWS_ARN,20695,20735,"GDPR_Art5_1b, DPDPA_S8"
tenant-c_log_09.json,arn:aws:s3:::tenant-c-prod,AWS_ARN,21570,21596,"GDPR_Art5_1b, DPDPA_S8"
tenant-c_log_09.json,arn:aws:iam::345678901234:user/iris.menon,AWS_ARN,21974,22015,"GDPR_Art5_1b, DPDPA_S8"
tenant-c_log_09.json,arn:aws:s3:::tenant-c-archive,AWS_ARN,22859,22888,"GDPR_Art5_1b, DPDPA_S8"
tenant-c_log_09.json,arn:aws:iam::345678901234:user/henry.das,AWS_ARN,23266,23306,"GDPR_Art5_1b, DPDPA_S8"
tenant-c_log_09.json,arn:aws:s3:::tenant-c-archive,AWS_ARN,24143,24172,"GDPR_Art5_1b, DPDPA_S8"
tenant-c_log_09.json,arn:aws:iam::345678901234:user/henry.das,AWS_ARN,24550,24590,"GDPR_Art5_1b, DPDPA_S8"
tenant-c_log_09.json,arn:aws:s3:::tenant-c-archive,AWS_ARN,25430,25459,"GDPR_Art5_1b, DPDPA_S8"
tenant-c_log_09.json,345678901234,AWS_ACCOUNT_ID,248,260,"GDPR_Art5_1b, DPDPA_S8"
tenant-c_log_09.json,345678901234,AWS_ACCOUNT_ID,1111,1123,"GDPR_Art5_1b, DPDPA_S8"
tenant-c_log_09.json,345678901234,AWS_ACCOUNT_ID,1275,1287,"GDPR_Art5_1b, DPDPA_S8"
tenant-c_log_09.json,345678901234,AWS_ACCOUNT_ID,1528,1540,"GDPR_Art5_1b, DPDPA_S8"
tenant-c_log_09.json,345678901234,AWS_ACCOUNT_ID,2394,2406,"GDPR_Art5_1b, DPDPA_S8"
tenant-c_log_09.json,345678901234,AWS_ACCOUNT_ID,2558,2570,"GDPR_Art5_1b, DPDPA_S8"
tenant-c_log_09.json,345678901234,AWS_ACCOUNT_ID,2810,2822,"GDPR_Art5_1b, DPDPA_S8"
tenant-c_log_09.json,345678901234,AWS_ACCOUNT_ID,3670,3682,"GDPR_Art5_1b, DPDPA_S8"
tenant-c_log_09.json,345678901234,AWS_ACCOUNT_ID,3834,3846,"GDPR_Art5_1b, DPDPA_S8"
tenant-c_log_09.json,345678901234,AWS_ACCOUNT_ID,4087,4099,"GDPR_Art5_1b, DPDPA_S8"
tenant-c_log_09.json,345678901234,AWS_ACCOUNT_ID,4950,4962,"GDPR_Art5_1b, DPDPA_S8"
tenant-c_log_09.json,345678901234,AWS_ACCOUNT_ID,5114,5126,"GDPR_Art5_1b, DPDPA_S8"
tenant-c_log_09.json,345678901234,AWS_ACCOUNT_ID,5366,5378,"GDPR_Art5_1b, DPDPA_S8"
tenant-c_log_09.json,345678901234,AWS_ACCOUNT_ID,6238,6250,"GDPR_Art5_1b, DPDPA_S8"
tenant-c_log_09.json,345678901234,AWS_ACCOUNT_ID,6402,6414,"GDPR_Art5_1b, DPDPA_S8"
tenant-c_log_09.json,345678901234,AWS_ACCOUNT_ID,6655,6667,"GDPR_Art5_1b, DPDPA_S8"
tenant-c_log_09.json,345678901234,AWS_ACCOUNT_ID,7522,7534,"GDPR_Art5_1b, DPDPA_S8"
tenant-c_log_09.json,345678901234,AWS_ACCOUNT_ID,7686,7698,"GDPR_Art5_1b, DPDPA_S8"
tenant-c_log_09.json,345678901234,AWS_ACCOUNT_ID,7939,7951,"GDPR_Art5_1b, DPDPA_S8"
tenant-c_log_09.json,345678901234,AWS_ACCOUNT_ID,8803,8815,"GDPR_Art5_1b, DPDPA_S8"
tenant-c_log_09.json,345678901234,AWS_ACCOUNT_ID,8967,8979,"GDPR_Art5_1b, DPDPA_S8"
tenant-c_log_09.json,345678901234,AWS_ACCOUNT_ID,9219,9231,"GDPR_Art5_1b, DPDPA_S8"
tenant-c_log_09.json,345678901234,AWS_ACCOUNT_ID,10084,10096,"GDPR_Art5_1b, DPDPA_S8"
tenant-c_log_09.json,345678901234,AWS_ACCOUNT_ID,10248,10260,"GDPR_Art5_1b, DPDPA_S8"
tenant-c_log_09.json,345678901234,AWS_ACCOUNT_ID,10501,10513,"GDPR_Art5_1b, DPDPA_S8"
tenant-c_log_09.json,345678901234,AWS_ACCOUNT_ID,11369,11381,"GDPR_Art5_1b, DPDPA_S8"
tenant-c_log_09.json,345678901234,AWS_ACCOUNT_ID,11533,11545,"GDPR_Art5_1b, DPDPA_S8"
tenant-c_log_09.json,345678901234,AWS_ACCOUNT_ID,11786,11798,"GDPR_Art5_1b, DPDPA_S8"
tenant-c_log_09.json,345678901234,AWS_ACCOUNT_ID,12655,12667,"GDPR_Art5_1b, DPDPA_S8"
tenant-c_log_09.json,345678901234,AWS_ACCOUNT_ID,12819,12831,"GDPR_Art5_1b, DPDPA_S8"
tenant-c_log_09.json,345678901234,AWS_ACCOUNT_ID,13072,13084,"GDPR_Art5_1b, DPDPA_S8"
tenant-c_log_09.json,345678901234,AWS_ACCOUNT_ID,13936,13948,"GDPR_Art5_1b, DPDPA_S8"
tenant-c_log_09.json,345678901234,AWS_ACCOUNT_ID,14100,14112,"GDPR_Art5_1b, DPDPA_S8"
tenant-c_log_09.json,345678901234,AWS_ACCOUNT_ID,14353,14365,"GDPR_Art5_1b, DPDPA_S8"
tenant-c_log_09.json,345678901234,AWS_ACCOUNT_ID,15216,15228,"GDPR_Art5_1b, DPDPA_S8"
tenant-c_log_09.json,345678901234,AWS_ACCOUNT_ID,15380,15392,"GDPR_Art5_1b, DPDPA_S8"
tenant-c_log_09.json,345678901234,AWS_ACCOUNT_ID,15633,15645,"GDPR_Art5_1b, DPDPA_S8"
tenant-c_log_09.json,345678901234,AWS_ACCOUNT_ID,16495,16507,"GDPR_Art5_1b, DPDPA_S8"
tenant-c_log_09.json,345678901234,AWS_ACCOUNT_ID,16659,16671,"GDPR_Art5_1b, DPDPA_S8"
tenant-c_log_09.json,345678901234,AWS_ACCOUNT_ID,16912,16924,"GDPR_Art5_1b, DPDPA_S8"
tenant-c_log_09.json,345678901234,AWS_ACCOUNT_ID,17776,17788,"GDPR_Art5_1b, DPDPA_S8"
tenant-c_log_09.json,345678901234,AWS_ACCOUNT_ID,17940,17952,"GDPR_Art5_1b, DPDPA_S8"
tenant-c_log_09.json,345678901234,AWS_ACCOUNT_ID,18192,18204,"GDPR_Art5_1b, DPDPA_S8"
tenant-c_log_09.json,345678901234,AWS_ACCOUNT_ID,19062,19074,"GDPR_Art5_1b, DPDPA_S8"
tenant-c_log_09.json,345678901234,AWS_ACCOUNT_ID,19226,19238,"GDPR_Art5_1b, DPDPA_S8"
tenant-c_log_09.json,345678901234,AWS_ACCOUNT_ID,19479,19491,"GDPR_Art5_1b, DPDPA_S8"
tenant-c_log_09.json,345678901234,AWS_ACCOUNT_ID,20344,20356,"GDPR_Art5_1b, DPDPA_S8"
tenant-c_log_09.json,345678901234,AWS_ACCOUNT_ID,20508,20520,"GDPR_Art5_1b, DPDPA_S8"
tenant-c_log_09.json,345678901234,AWS_ACCOUNT_ID,20760,20772,"GDPR_Art5_1b, DPDPA_S8"
tenant-c_log_09.json,345678901234,AWS_ACCOUNT_ID,21623,21635,"GDPR_Art5_1b, DPDPA_S8"
tenant-c_log_09.json,345678901234,AWS_ACCOUNT_ID,21787,21799,"GDPR_Art5_1b, DPDPA_S8"
tenant-c_log_09.json,345678901234,AWS_ACCOUNT_ID,22040,22052,"GDPR_Art5_1b, DPDPA_S8"
tenant-c_log_09.json,345678901234,AWS_ACCOUNT_ID,22915,22927,"GDPR_Art5_1b, DPDPA_S8"
tenant-c_log_09.json,345678901234,AWS_ACCOUNT_ID,23079,23091,"GDPR_Art5_1b, DPDPA_S8"
tenant-c_log_09.json,345678901234,AWS_ACCOUNT_ID,23331,23343,"GDPR_Art5_1b, DPDPA_S8"
tenant-c_log_09.json,345678901234,AWS_ACCOUNT_ID,24199,24211,"GDPR_Art5_1b, DPDPA_S8"
tenant-c_log_09.json,345678901234,AWS_ACCOUNT_ID,24363,24375,"GDPR_Art5_1b, DPDPA_S8"
tenant-c_log_09.json,345678901234,AWS_ACCOUNT_ID,24615,24627,"GDPR_Art5_1b, DPDPA_S8"
tenant-c_log_09.json,345678901234,AWS_ACCOUNT_ID,25486,25498,"GDPR_Art5_1b, DPDPA_S8"
tenant-c_log_09.json,345678901234,AWS_ACCOUNT_ID,25650,25662,"GDPR_Art5_1b, DPDPA_S8"
tenant-c_log_10.json,grace.iyer,PERSON,285,295,"GDPR_Art5_1a, DPDPA_S8"
tenant-c_log_10.json,henry.das,PERSON,1573,1582,"GDPR_Art5_1a, DPDPA_S8"
tenant-c_log_10.json,iris.menon,PERSON,2852,2862,"GDPR_Art5_1a, DPDPA_S8"
tenant-c_log_10.json,henry.das,PERSON,4137,4146,"GDPR_Art5_1a, DPDPA_S8"
tenant-c_log_10.json,grace.iyer,PERSON,5421,5431,"GDPR_Art5_1a, DPDPA_S8"
tenant-c_log_10.json,henry.das,PERSON,6702,6711,"GDPR_Art5_1a, DPDPA_S8"
tenant-c_log_10.json,iris.menon,PERSON,7982,7992,"GDPR_Art5_1a, DPDPA_S8"
tenant-c_log_10.json,henry.das,PERSON,9261,9270,"GDPR_Art5_1a, DPDPA_S8"
tenant-c_log_10.json,iris.menon,PERSON,10543,10553,"GDPR_Art5_1a, DPDPA_S8"
tenant-c_log_10.json,grace.iyer,PERSON,11827,11837,"GDPR_Art5_1a, DPDPA_S8"
tenant-c_log_10.json,iris.menon,PERSON,13113,13123,"GDPR_Art5_1a, DPDPA_S8"
tenant-c_log_10.json,grace.iyer,PERSON,14399,14409,"GDPR_Art5_1a, DPDPA_S8"
tenant-c_log_10.json,grace.iyer,PERSON,15678,15688,"GDPR_Art5_1a, DPDPA_S8"
tenant-c_log_10.json,henry.das,PERSON,16962,16971,"GDPR_Art5_1a, DPDPA_S8"
tenant-c_log_10.json,iris.menon,PERSON,18250,18260,"GDPR_Art5_1a, DPDPA_S8"
tenant-c_log_10.json,henry.das,PERSON,19532,19541,"GDPR_Art5_1a, DPDPA_S8"
tenant-c_log_10.json,grace.iyer,PERSON,20815,20825,"GDPR_Art5_1a, DPDPA_S8"
tenant-c_log_10.json,iris.menon,PERSON,22096,22106,"GDPR_Art5_1a, DPDPA_S8"
tenant-c_log_10.json,grace.iyer,PERSON,23375,23385,"GDPR_Art5_1a, DPDPA_S8"
tenant-c_log_10.json,henry.das,PERSON,24655,24664,"GDPR_Art5_1a, DPDPA_S8"
tenant-c_log_10.json,10.54.178.157,IP_ADDRESS,679,692,"GDPR_Art5_1b, DPDPA_S8"
tenant-c_log_10.json,172.31.44.253,IP_ADDRESS,1966,1979,"GDPR_Art5_1b, DPDPA_S8"
tenant-c_log_10.json,172.25.89.237,IP_ADDRESS,3246,3259,"GDPR_Art5_1b, DPDPA_S8"
tenant-c_log_10.json,192.168.223.52,IP_ADDRESS,4530,4544,"GDPR_Art5_1b, DPDPA_S8"
tenant-c_log_10.json,192.168.90.29,IP_ADDRESS,5815,5828,"GDPR_Art5_1b, DPDPA_S8"
tenant-c_log_10.json,10.145.40.48,IP_ADDRESS,7095,7107,"GDPR_Art5_1b, DPDPA_S8"
tenant-c_log_10.json,172.17.218.209,IP_ADDRESS,8376,8390,"GDPR_Art5_1b, DPDPA_S8"
tenant-c_log_10.json,10.140.232.250,IP_ADDRESS,9654,9668,"GDPR_Art5_1b, DPDPA_S8"
tenant-c_log_10.json,192.168.243.9,IP_ADDRESS,10937,10950,"GDPR_Art5_1b, DPDPA_S8"
tenant-c_log_10.json,172.29.165.4,IP_ADDRESS,12221,12233,"GDPR_Art5_1b, DPDPA_S8"
tenant-c_log_10.json,192.168.190.189,IP_ADDRESS,13507,13522,"GDPR_Art5_1b, DPDPA_S8"
tenant-c_log_10.json,10.205.42.55,IP_ADDRESS,14793,14805,"GDPR_Art5_1b, DPDPA_S8"
tenant-c_log_10.json,172.20.74.54,IP_ADDRESS,16072,16084,"GDPR_Art5_1b, DPDPA_S8"
tenant-c_log_10.json,192.168.138.17,IP_ADDRESS,17355,17369,"GDPR_Art5_1b, DPDPA_S8"
tenant-c_log_10.json,10.241.22.19,IP_ADDRESS,18644,18656,"GDPR_Art5_1b, DPDPA_S8"
tenant-c_log_10.json,10.124.62.52,IP_ADDRESS,19925,19937,"GDPR_Art5_1b, DPDPA_S8"
tenant-c_log_10.json,192.168.137.68,IP_ADDRESS,21209,21223,"GDPR_Art5_1b, DPDPA_S8"
tenant-c_log_10.json,10.240.108.37,IP_ADDRESS,22490,22503,"GDPR_Art5_1b, DPDPA_S8"
tenant-c_log_10.json,172.24.68.198,IP_ADDRESS,23769,23782,"GDPR_Art5_1b, DPDPA_S8"
tenant-c_log_10.json,192.168.88.252,IP_ADDRESS,25048,25062,"GDPR_Art5_1b, DPDPA_S8"
tenant-c_log_10.json,arn:aws:iam::345678901234:user/grace.iyer,AWS_ARN,183,224,"GDPR_Art5_1b, DPDPA_S8"
tenant-c_log_10.json,arn:aws:s3:::tenant-c-archive,AWS_ARN,1065,1094,"GDPR_Art5_1b, DPDPA_S8"
tenant-c_log_10.json,arn:aws:iam::345678901234:user/henry.das,AWS_ARN,1472,1512,"GDPR_Art5_1b, DPDPA_S8"
tenant-c_log_10.json,arn:aws:s3:::tenant-c-prod,AWS_ARN,2346,2372,"GDPR_Art5_1b, DPDPA_S8"
tenant-c_log_10.json,arn:aws:iam::345678901234:user/iris.menon,AWS_ARN,2750,2791,"GDPR_Art5_1b, DPDPA_S8"
tenant-c_log_10.json,arn:aws:s3:::tenant-c-archive,AWS_ARN,3629,3658,"GDPR_Art5_1b, DPDPA_S8"
tenant-c_log_10.json,arn:aws:iam::345678901234:user/henry.das,AWS_ARN,4036,4076,"GDPR_Art5_1b, DPDPA_S8"
tenant-c_log_10.json,arn:aws:s3:::tenant-c-prod,AWS_ARN,4915,4941,"GDPR_Art5_1b, DPDPA_S8"
tenant-c_log_10.json,arn:aws:iam::345678901234:user/grace.iyer,AWS_ARN,5319,5360,"GDPR_Art5_1b, DPDPA_S8"
tenant-c_log_10.json,arn:aws:s3:::tenant-c-prod,AWS_ARN,6197,6223,"GDPR_Art5_1b, DPDPA_S8"
tenant-c_log_10.json,arn:aws:iam::345678901234:user/henry.das,AWS_ARN,6601,6641,"GDPR_Art5_1b, DPDPA_S8"
tenant-c_log_10.json,arn:aws:s3:::tenant-c-prod,AWS_ARN,7476,7502,"GDPR_Art5_1b, DPDPA_S8"
tenant-c_log_10.json,arn:aws:iam::345678901234:user/iris.menon,AWS_ARN,7880,7921,"GDPR_Art5_1b, DPDPA_S8"
tenant-c_log_10.json,arn:aws:s3:::tenant-c-prod,AWS_ARN,8756,8782,"GDPR_Art5_1b, DPDPA_S8"
tenant-c_log_10.json,arn:aws:iam::345678901234:user/henry.das,AWS_ARN,9160,9200,"GDPR_Art5_1b, DPDPA_S8"
tenant-c_log_10.json,arn:aws:s3:::tenant-c-prod,AWS_ARN,10037,10063,"GDPR_Art5_1b, DPDPA_S8"
tenant-c_log_10.json,arn:aws:iam::345678901234:user/iris.menon,AWS_ARN,10441,10482,"GDPR_Art5_1b, DPDPA_S8"
tenant-c_log_10.json,arn:aws:s3:::tenant-c-archive,AWS_ARN,11318,11347,"GDPR_Art5_1b, DPDPA_S8"
tenant-c_log_10.json,arn:aws:iam::345678901234:user/grace.iyer,AWS_ARN,11725,11766,"GDPR_Art5_1b, DPDPA_S8"
tenant-c_log_10.json,arn:aws:s3:::tenant-c-archive,AWS_ARN,12604,12633,"GDPR_Art5_1b, DPDPA_S8"
tenant-c_log_10.json,arn:aws:iam::345678901234:user/iris.menon,AWS_ARN,13011,13052,"GDPR_Art5_1b, DPDPA_S8"
tenant-c_log_10.json,arn:aws:s3:::tenant-c-prod,AWS_ARN,13893,13919,"GDPR_Art5_1b, DPDPA_S8"
tenant-c_log_10.json,arn:aws:iam::345678901234:user/grace.iyer,AWS_ARN,14297,14338,"GDPR_Art5_1b, DPDPA_S8"
tenant-c_log_10.json,arn:aws:s3:::tenant-c-prod,AWS_ARN,15172,15198,"GDPR_Art5_1b, DPDPA_S8"
tenant-c_log_10.json,arn:aws:iam::345678901234:user/grace.iyer,AWS_ARN,15576,15617,"GDPR_Art5_1b, DPDPA_S8"
tenant-c_log_10.json,arn:aws:s3:::tenant-c-archive,AWS_ARN,16454,16483,"GDPR_Art5_1b, DPDPA_S8"
tenant-c_log_10.json,arn:aws:iam::345678901234:user/henry.das,AWS_ARN,16861,16901,"GDPR_Art5_1b, DPDPA_S8"
tenant-c_log_10.json,arn:aws:s3:::tenant-c-archive,AWS_ARN,17741,17770,"GDPR_Art5_1b, DPDPA_S8"
tenant-c_log_10.json,arn:aws:iam::345678901234:user/iris.menon,AWS_ARN,18148,18189,"GDPR_Art5_1b, DPDPA_S8"
tenant-c_log_10.json,arn:aws:s3:::tenant-c-archive,AWS_ARN,19024,19053,"GDPR_Art5_1b, DPDPA_S8"
tenant-c_log_10.json,arn:aws:iam::345678901234:user/henry.das,AWS_ARN,19431,19471,"GDPR_Art5_1b, DPDPA_S8"
tenant-c_log_10.json,arn:aws:s3:::tenant-c-archive,AWS_ARN,20306,20335,"GDPR_Art5_1b, DPDPA_S8"
tenant-c_log_10.json,arn:aws:iam::345678901234:user/grace.iyer,AWS_ARN,20713,20754,"GDPR_Art5_1b, DPDPA_S8"
tenant-c_log_10.json,arn:aws:s3:::tenant-c-prod,AWS_ARN,21590,21616,"GDPR_Art5_1b, DPDPA_S8"
tenant-c_log_10.json,arn:aws:iam::345678901234:user/iris.menon,AWS_ARN,21994,22035,"GDPR_Art5_1b, DPDPA_S8"
tenant-c_log_10.json,arn:aws:s3:::tenant-c-prod,AWS_ARN,22869,22895,"GDPR_Art5_1b, DPDPA_S8"
tenant-c_log_10.json,arn:aws:iam::345678901234:user/grace.iyer,AWS_ARN,23273,23314,"GDPR_Art5_1b, DPDPA_S8"
tenant-c_log_10.json,arn:aws:s3:::tenant-c-prod,AWS_ARN,24150,24176,"GDPR_Art5_1b, DPDPA_S8"
tenant-c_log_10.json,arn:aws:iam::345678901234:user/henry.das,AWS_ARN,24554,24594,"GDPR_Art5_1b, DPDPA_S8"
tenant-c_log_10.json,arn:aws:s3:::tenant-c-prod,AWS_ARN,25426,25452,"GDPR_Art5_1b, DPDPA_S8"
tenant-c_log_10.json,345678901234,AWS_ACCOUNT_ID,249,261,"GDPR_Art5_1b, DPDPA_S8"
tenant-c_log_10.json,345678901234,AWS_ACCOUNT_ID,1121,1133,"GDPR_Art5_1b, DPDPA_S8"
tenant-c_log_10.json,345678901234,AWS_ACCOUNT_ID,1285,1297,"GDPR_Art5_1b, DPDPA_S8"
tenant-c_log_10.json,345678901234,AWS_ACCOUNT_ID,1537,1549,"GDPR_Art5_1b, DPDPA_S8"
tenant-c_log_10.json,345678901234,AWS_ACCOUNT_ID,2399,2411,"GDPR_Art5_1b, DPDPA_S8"
tenant-c_log_10.json,345678901234,AWS_ACCOUNT_ID,2563,2575,"GDPR_Art5_1b, DPDPA_S8"
tenant-c_log_10.json,345678901234,AWS_ACCOUNT_ID,2816,2828,"GDPR_Art5_1b, DPDPA_S8"
tenant-c_log_10.json,345678901234,AWS_ACCOUNT_ID,3685,3697,"GDPR_Art5_1b, DPDPA_S8"
tenant-c_log_10.json,345678901234,AWS_ACCOUNT_ID,3849,3861,"GDPR_Art5_1b, DPDPA_S8"
tenant-c_log_10.json,345678901234,AWS_ACCOUNT_ID,4101,4113,"GDPR_Art5_1b, DPDPA_S8"
tenant-c_log_10.json,345678901234,AWS_ACCOUNT_ID,4968,4980,"GDPR_Art5_1b, DPDPA_S8"
tenant-c_log_10.json,345678901234,AWS_ACCOUNT_ID,5132,5144,"GDPR_Art5_1b, DPDPA_S8"
tenant-c_log_10.json,345678901234,AWS_ACCOUNT_ID,5385,5397,"GDPR_Art5_1b, DPDPA_S8"
tenant-c_log_10.json,345678901234,AWS_ACCOUNT_ID,6250,6262,"GDPR_Art5_1b, DPDPA_S8"
tenant-c_log_10.json,345678901234,AWS_ACCOUNT_ID,6414,6426,"GDPR_Art5_1b, DPDPA_S8"
tenant-c_log_10.json,345678901234,AWS_ACCOUNT_ID,6666,6678,"GDPR_Art5_1b, DPDPA_S8"
tenant-c_log_10.json,345678901234,AWS_ACCOUNT_ID,7529,7541,"GDPR_Art5_1b, DPDPA_S8"
tenant-c_log_10.json,345678901234,AWS_ACCOUNT_ID,7693,7705,"GDPR_Art5_1b, DPDPA_S8"
tenant-c_log_10.json,345678901234,AWS_ACCOUNT_ID,7946,7958,"GDPR_Art5_1b, DPDPA_S8"
tenant-c_log_10.json,345678901234,AWS_ACCOUNT_ID,8809,8821,"GDPR_Art5_1b, DPDPA_S8"
tenant-c_log_10.json,345678901234,AWS_ACCOUNT_ID,8973,8985,"GDPR_Art5_1b, DPDPA_S8"
tenant-c_log_10.json,345678901234,AWS_ACCOUNT_ID,9225,9237,"GDPR_Art5_1b, DPDPA_S8"
tenant-c_log_10.json,345678901234,AWS_ACCOUNT_ID,10090,10102,"GDPR_Art5_1b, DPDPA_S8"
tenant-c_log_10.json,345678901234,AWS_ACCOUNT_ID,10254,10266,"GDPR_Art5_1b, DPDPA_S8"
tenant-c_log_10.json,345678901234,AWS_ACCOUNT_ID,10507,10519,"GDPR_Art5_1b, DPDPA_S8"
tenant-c_log_10.json,345678901234,AWS_ACCOUNT_ID,11374,11386,"GDPR_Art5_1b, DPDPA_S8"
tenant-c_log_10.json,345678901234,AWS_ACCOUNT_ID,11538,11550,"GDPR_Art5_1b, DPDPA_S8"
tenant-c_log_10.json,345678901234,AWS_ACCOUNT_ID,11791,11803,"GDPR_Art5_1b, DPDPA_S8"
tenant-c_log_10.json,345678901234,AWS_ACCOUNT_ID,12660,12672,"GDPR_Art5_1b, DPDPA_S8"
tenant-c_log_10.json,345678901234,AWS_ACCOUNT_ID,12824,12836,"GDPR_Art5_1b, DPDPA_S8"
tenant-c_log_10.json,345678901234,AWS_ACCOUNT_ID,13077,13089,"GDPR_Art5_1b, DPDPA_S8"
tenant-c_log_10.json,345678901234,AWS_ACCOUNT_ID,13946,13958,"GDPR_Art5_1b, DPDPA_S8"
tenant-c_log_10.json,345678901234,AWS_ACCOUNT_ID,14110,14122,"GDPR_Art5_1b, DPDPA_S8"
tenant-c_log_10.json,345678901234,AWS_ACCOUNT_ID,14363,14375,"GDPR_Art5_1b, DPDPA_S8"
tenant-c_log_10.json,345678901234,AWS_ACCOUNT_ID,15225,15237,"GDPR_Art5_1b, DPDPA_S8"
tenant-c_log_10.json,345678901234,AWS_ACCOUNT_ID,15389,15401,"GDPR_Art5_1b, DPDPA_S8"
tenant-c_log_10.json,345678901234,AWS_ACCOUNT_ID,15642,15654,"GDPR_Art5_1b, DPDPA_S8"
tenant-c_log_10.json,345678901234,AWS_ACCOUNT_ID,16510,16522,"GDPR_Art5_1b, DPDPA_S8"
tenant-c_log_10.json,345678901234,AWS_ACCOUNT_ID,16674,16686,"GDPR_Art5_1b, DPDPA_S8"
tenant-c_log_10.json,345678901234,AWS_ACCOUNT_ID,16926,16938,"GDPR_Art5_1b, DPDPA_S8"
tenant-c_log_10.json,345678901234,AWS_ACCOUNT_ID,17797,17809,"GDPR_Art5_1b, DPDPA_S8"
tenant-c_log_10.json,345678901234,AWS_ACCOUNT_ID,17961,17973,"GDPR_Art5_1b, DPDPA_S8"
tenant-c_log_10.json,345678901234,AWS_ACCOUNT_ID,18214,18226,"GDPR_Art5_1b, DPDPA_S8"
tenant-c_log_10.json,345678901234,AWS_ACCOUNT_ID,19080,19092,"GDPR_Art5_1b, DPDPA_S8"
tenant-c_log_10.json,345678901234,AWS_ACCOUNT_ID,19244,19256,"GDPR_Art5_1b, DPDPA_S8"
tenant-c_log_10.json,345678901234,AWS_ACCOUNT_ID,19496,19508,"GDPR_Art5_1b, DPDPA_S8"
tenant-c_log_10.json,345678901234,AWS_ACCOUNT_ID,20362,20374,"GDPR_Art5_1b, DPDPA_S8"
tenant-c_log_10.json,345678901234,AWS_ACCOUNT_ID,20526,20538,"GDPR_Art5_1b, DPDPA_S8"
tenant-c_log_10.json,345678901234,AWS_ACCOUNT_ID,20779,20791,"GDPR_Art5_1b, DPDPA_S8"
tenant-c_log_10.json,345678901234,AWS_ACCOUNT_ID,21643,21655,"GDPR_Art5_1b, DPDPA_S8"
tenant-c_log_10.json,345678901234,AWS_ACCOUNT_ID,21807,21819,"GDPR_Art5_1b, DPDPA_S8"
tenant-c_log_10.json,345678901234,AWS_ACCOUNT_ID,22060,22072,"GDPR_Art5_1b, DPDPA_S8"
tenant-c_log_10.json,345678901234,AWS_ACCOUNT_ID,22922,22934,"GDPR_Art5_1b, DPDPA_S8"
tenant-c_log_10.json,345678901234,AWS_ACCOUNT_ID,23086,23098,"GDPR_Art5_1b, DPDPA_S8"
tenant-c_log_10.json,345678901234,AWS_ACCOUNT_ID,23339,23351,"GDPR_Art5_1b, DPDPA_S8"
tenant-c_log_10.json,345678901234,AWS_ACCOUNT_ID,24203,24215,"GDPR_Art5_1b, DPDPA_S8"
tenant-c_log_10.json,345678901234,AWS_ACCOUNT_ID,24367,24379,"GDPR_Art5_1b, DPDPA_S8"
tenant-c_log_10.json,345678901234,AWS_ACCOUNT_ID,24619,24631,"GDPR_Art5_1b, DPDPA_S8"
tenant-c_log_10.json,345678901234,AWS_ACCOUNT_ID,25479,25491,"GDPR_Art5_1b, DPDPA_S8"
tenant-c_log_10.json,345678901234,AWS_ACCOUNT_ID,25643,25655,"GDPR_Art5_1b, DPDPA_S8"
tenant-c_log_11.json,iris.menon,PERSON,285,295,"GDPR_Art5_1a, DPDPA_S8"
tenant-c_log_11.json,henry.das,PERSON,1570,1579,"GDPR_Art5_1a, DPDPA_S8"
tenant-c_log_11.json,henry.das,PERSON,2848,2857,"GDPR_Art5_1a, DPDPA_S8"
tenant-c_log_11.json,grace.iyer,PERSON,4136,4146,"GDPR_Art5_1a, DPDPA_S8"
tenant-c_log_11.json,iris.menon,PERSON,5422,5432,"GDPR_Art5_1a, DPDPA_S8"
tenant-c_log_11.json,iris.menon,PERSON,6707,6717,"GDPR_Art5_1a, DPDPA_S8"
tenant-c_log_11.json,grace.iyer,PERSON,7987,7997,"GDPR_Art5_1a, DPDPA_S8"
tenant-c_log_11.json,henry.das,PERSON,9266,9275,"GDPR_Art5_1a, DPDPA_S8"
tenant-c_log_11.json,grace.iyer,PERSON,10551,10561,"GDPR_Art5_1a, DPDPA_S8"
tenant-c_log_11.json,henry.das,PERSON,11830,11839,"GDPR_Art5_1a, DPDPA_S8"
tenant-c_log_11.json,iris.menon,PERSON,13114,13124,"GDPR_Art5_1a, DPDPA_S8"
tenant-c_log_11.json,henry.das,PERSON,14398,14407,"GDPR_Art5_1a, DPDPA_S8"
tenant-c_log_11.json,henry.das,PERSON,15684,15693,"GDPR_Art5_1a, DPDPA_S8"
tenant-c_log_11.json,henry.das,PERSON,16964,16973,"GDPR_Art5_1a, DPDPA_S8"
tenant-c_log_11.json,iris.menon,PERSON,18252,18262,"GDPR_Art5_1a, DPDPA_S8"
tenant-c_log_11.json,grace.iyer,PERSON,19533,19543,"GDPR_Art5_1a, DPDPA_S8"
tenant-c_log_11.json,iris.menon,PERSON,20819,20829,"GDPR_Art5_1a, DPDPA_S8"
tenant-c_log_11.json,henry.das,PERSON,22103,22112,"GDPR_Art5_1a, DPDPA_S8"
tenant-c_log_11.json,henry.das,PERSON,23388,23397,"GDPR_Art5_1a, DPDPA_S8"
tenant-c_log_11.json,grace.iyer,PERSON,24673,24683,"GDPR_Art5_1a, DPDPA_S8"
tenant-c_log_11.json,10.231.68.128,IP_ADDRESS,679,692,"GDPR_Art5_1b, DPDPA_S8"
tenant-c_log_11.json,10.37.127.70,IP_ADDRESS,1963,1975,"GDPR_Art5_1b, DPDPA_S8"
tenant-c_log_11.json,192.168.75.205,IP_ADDRESS,3241,3255,"GDPR_Art5_1b, DPDPA_S8"
tenant-c_log_11.json,172.29.44.151,IP_ADDRESS,4530,4543,"GDPR_Art5_1b, DPDPA_S8"
tenant-c_log_11.json,172.26.142.21,IP_ADDRESS,5816,5829,"GDPR_Art5_1b, DPDPA_S8"
tenant-c_log_11.json,10.98.78.246,IP_ADDRESS,7101,7113,"GDPR_Art5_1b, DPDPA_S8"
tenant-c_log_11.json,192.168.155.54,IP_ADDRESS,8381,8395,"GDPR_Art5_1b, DPDPA_S8"
tenant-c_log_11.json,172.19.200.245,IP_ADDRESS,9659,9673,"GDPR_Art5_1b, DPDPA_S8"
tenant-c_log_11.json,172.16.37.209,IP_ADDRESS,10945,10958,"GDPR_Art5_1b, DPDPA_S8"
tenant-c_log_11.json,172.25.60.91,IP_ADDRESS,12223,12235,"GDPR_Art5_1b, DPDPA_S8"
tenant-c_log_11.json,172.31.252.27,IP_ADDRESS,13508,13521,"GDPR_Art5_1b, DPDPA_S8"
tenant-c_log_11.json,172.28.210.154,IP_ADDRESS,14791,14805,"GDPR_Art5_1b, DPDPA_S8"
tenant-c_log_11.json,192.168.81.7,IP_ADDRESS,16077,16089,"GDPR_Art5_1b, DPDPA_S8"
tenant-c_log_11.json,10.217.68.11,IP_ADDRESS,17357,17369,"GDPR_Art5_1b, DPDPA_S8"
tenant-c_log_11.json,172.25.127.247,IP_ADDRESS,18646,18660,"GDPR_Art5_1b, DPDPA_S8"
tenant-c_log_11.json,10.151.23.94,IP_ADDRESS,19927,19939,"GDPR_Art5_1b, DPDPA_S8"
tenant-c_log_11.json,10.96.208.163,IP_ADDRESS,21213,21226,"GDPR_Art5_1b, DPDPA_S8"
tenant-c_log_11.json,10.161.39.239,IP_ADDRESS,22496,22509,"GDPR_Art5_1b, DPDPA_S8"
tenant-c_log_11.json,10.44.73.141,IP_ADDRESS,23781,23793,"GDPR_Art5_1b, DPDPA_S8"
tenant-c_log_11.json,172.25.144.158,IP_ADDRESS,25067,25081,"GDPR_Art5_1b, DPDPA_S8"
tenant-c_log_11.json,arn:aws:iam::345678901234:user/iris.menon,AWS_ARN,183,224,"GDPR_Art5_1b, DPDPA_S8"
tenant-c_log_11.json,arn:aws:s3:::tenant-c-archive,AWS_ARN,1062,1091,"GDPR_Art5_1b, DPDPA_S8"
tenant-c_log_11.json,arn:aws:iam::345678901234:user/henry.das,AWS_ARN,1469,1509,"GDPR_Art5_1b, DPDPA_S8"
tenant-c_log_11.json,arn:aws:s3:::tenant-c-prod,AWS_ARN,2343,2369,"GDPR_Art5_1b, DPDPA_S8"
tenant-c_log_11.json,arn:aws:iam::345678901234:user/henry.das,AWS_ARN,2747,2787,"GDPR_Art5_1b, DPDPA_S8"
tenant-c_log_11.json,arn:aws:s3:::tenant-c-archive,AWS_ARN,3627,3656,"GDPR_Art5_1b, DPDPA_S8"
tenant-c_log_11.json,arn:aws:iam::345678901234:user/grace.iyer,AWS_ARN,4034,4075,"GDPR_Art5_1b, DPDPA_S8"
tenant-c_log_11.json,arn:aws:s3:::tenant-c-archive,AWS_ARN,4913,4942,"GDPR_Art5_1b, DPDPA_S8"
tenant-c_log_11.json,arn:aws:iam::345678901234:user/iris.menon,AWS_ARN,5320,5361,"GDPR_Art5_1b, DPDPA_S8"
tenant-c_log_11.json,arn:aws:s3:::tenant-c-archive,AWS_ARN,6198,6227,"GDPR_Art5_1b, DPDPA_S8"
tenant-c_log_11.json,arn:aws:iam::345678901234:user/iris.menon,AWS_ARN,6605,6646,"GDPR_Art5_1b, DPDPA_S8"
tenant-c_log_11.json,arn:aws:s3:::tenant-c-prod,AWS_ARN,7481,7507,"GDPR_Art5_1b, DPDPA_S8"
tenant-c_log_11.json,arn:aws:iam::345678901234:user/grace.iyer,AWS_ARN,7885,7926,"GDPR_Art5_1b, DPDPA_S8"
tenant-c_log_11.json,arn:aws:s3:::tenant-c-prod,AWS_ARN,8761,8787,"GDPR_Art5_1b, DPDPA_S8"
tenant-c_log_11.json,arn:aws:iam::345678901234:user/henry.das,AWS_ARN,9165,9205,"GDPR_Art5_1b, DPDPA_S8"
tenant-c_log_11.json,arn:aws:s3:::tenant-c-archive,AWS_ARN,10042,10071,"GDPR_Art5_1b, DPDPA_S8"
tenant-c_log_11.json,arn:aws:iam::345678901234:user/grace.iyer,AWS_ARN,10449,10490,"GDPR_Art5_1b, DPDPA_S8"
tenant-c_log_11.json,arn:aws:s3:::tenant-c-prod,AWS_ARN,11325,11351,"GDPR_Art5_1b, DPDPA_S8"
tenant-c_log_11.json,arn:aws:iam::345678901234:user/henry.das,AWS_ARN,11729,11769,"GDPR_Art5_1b, DPDPA_S8"
tenant-c_log_11.json,arn:aws:s3:::tenant-c-archive,AWS_ARN,12605,12634,"GDPR_Art5_1b, DPDPA_S8"
tenant-c_log_11.json,arn:aws:iam::345678901234:user/iris.menon,AWS_ARN,13012,13053,"GDPR_Art5_1b, DPDPA_S8"
tenant-c_log_11.json,arn:aws:s3:::tenant-c-archive,AWS_ARN,13890,13919,"GDPR_Art5_1b, DPDPA_S8"
tenant-c_log_11.json,arn:aws:iam::345678901234:user/henry.das,AWS_ARN,14297,14337,"GDPR_Art5_1b, DPDPA_S8"
tenant-c_log_11.json,arn:aws:s3:::tenant-c-archive,AWS_ARN,15176,15205,"GDPR_Art5_1b, DPDPA_S8"
tenant-c_log_11.json,arn:aws:iam::345678901234:user/henry.das,AWS_ARN,15583,15623,"GDPR_Art5_1b, DPDPA_S8"
tenant-c_log_11.json,arn:aws:s3:::tenant-c-prod,AWS_ARN,16459,16485,"GDPR_Art5_1b, DPDPA_S8"
tenant-c_log_11.json,arn:aws:iam::345678901234:user/henry.das,AWS_ARN,16863,16903,"GDPR_Art5_1b, DPDPA_S8"
tenant-c_log_11.json,arn:aws:s3:::tenant-c-archive,AWS_ARN,17743,17772,"GDPR_Art5_1b, DPDPA_S8"
tenant-c_log_11.json,arn:aws:iam::345678901234:user/iris.menon,AWS_ARN,18150,18191,"GDPR_Art5_1b, DPDPA_S8"
tenant-c_log_11.json,arn:aws:s3:::tenant-c-prod,AWS_ARN,19027,19053,"GDPR_Art5_1b, DPDPA_S8"
tenant-c_log_11.json,arn:aws:iam::345678901234:user/grace.iyer,AWS_ARN,19431,19472,"GDPR_Art5_1b, DPDPA_S8"
tenant-c_log_11.json,arn:aws:s3:::tenant-c-archive,AWS_ARN,20310,20339,"GDPR_Art5_1b, DPDPA_S8"
tenant-c_log_11.json,arn:aws:iam::345678901234:user/iris.menon,AWS_ARN,20717,20758,"GDPR_Art5_1b, DPDPA_S8"
tenant-c_log_11.json,arn:aws:s3:::tenant-c-archive,AWS_ARN,21595,21624,"GDPR_Art5_1b, DPDPA_S8"
tenant-c_log_11.json,arn:aws:iam::345678901234:user/henry.das,AWS_ARN,22002,22042,"GDPR_Art5_1b, DPDPA_S8"
tenant-c_log_11.json,arn:aws:s3:::tenant-c-archive,AWS_ARN,22880,22909,"GDPR_Art5_1b, DPDPA_S8"
tenant-c_log_11.json,arn:aws:iam::345678901234:user/henry.das,AWS_ARN,23287,23327,"GDPR_Art5_1b, DPDPA_S8"
tenant-c_log_11.json,arn:aws:s3:::tenant-c-archive,AWS_ARN,24164,24193,"GDPR_Art5_1b, DPDPA_S8"
tenant-c_log_11.json,arn:aws:iam::345678901234:user/grace.iyer,AWS_ARN,24571,24612,"GDPR_Art5_1b, DPDPA_S8"
tenant-c_log_11.json,arn:aws:s3:::tenant-c-archive,AWS_ARN,25453,25482,"GDPR_Art5_1b, DPDPA_S8"
tenant-c_log_11.json,345678901234,AWS_ACCOUNT_ID,249,261,"GDPR_Art5_1b, DPDPA_S8"
tenant-c_log_11.json,345678901234,AWS_ACCOUNT_ID,1118,1130,"GDPR_Art5_1b, DPDPA_S8"
tenant-c_log_11.json,345678901234,AWS_ACCOUNT_ID,1282,1294,"GDPR_Art5_1b, DPDPA_S8"
tenant-c_log_11.json,345678901234,AWS_ACCOUNT_ID,1534,1546,"GDPR_Art5_1b, DPDPA_S8"
tenant-c_log_11.json,345678901234,AWS_ACCOUNT_ID,2396,2408,"GDPR_Art5_1b, DPDPA_S8"
tenant-c_log_11.json,345678901234,AWS_ACCOUNT_ID,2560,2572,"GDPR_Art5_1b, DPDPA_S8"
tenant-c_log_11.json,345678901234,AWS_ACCOUNT_ID,2812,2824,"GDPR_Art5_1b, DPDPA_S8"
tenant-c_log_11.json,345678901234,AWS_ACCOUNT_ID,3683,3695,"GDPR_Art5_1b, DPDPA_S8"
tenant-c_log_11.json,345678901234,AWS_ACCOUNT_ID,3847,3859,"GDPR_Art5_1b, DPDPA_S8"
tenant-c_log_11.json,345678901234,AWS_ACCOUNT_ID,4100,4112,"GDPR_Art5_1b, DPDPA_S8"
tenant-c_log_11.json,345678901234,AWS_ACCOUNT_ID,4969,4981,"GDPR_Art5_1b, DPDPA_S8"
tenant-c_log_11.json,345678901234,AWS_ACCOUNT_ID,5133,5145,"GDPR_Art5_1b, DPDPA_S8"
tenant-c_log_11.json,345678901234,AWS_ACCOUNT_ID,5386,5398,"GDPR_Art5_1b, DPDPA_S8"
tenant-c_log_11.json,345678901234,AWS_ACCOUNT_ID,6254,6266,"GDPR_Art5_1b, DPDPA_S8"
tenant-c_log_11.json,345678901234,AWS_ACCOUNT_ID,6418,6430,"GDPR_Art5_1b, DPDPA_S8"
tenant-c_log_11.json,345678901234,AWS_ACCOUNT_ID,6671,6683,"GDPR_Art5_1b, DPDPA_S8"
tenant-c_log_11.json,345678901234,AWS_ACCOUNT_ID,7534,7546,"GDPR_Art5_1b, DPDPA_S8"
tenant-c_log_11.json,345678901234,AWS_ACCOUNT_ID,7698,7710,"GDPR_Art5_1b, DPDPA_S8"
tenant-c_log_11.json,345678901234,AWS_ACCOUNT_ID,7951,7963,"GDPR_Art5_1b, DPDPA_S8"
tenant-c_log_11.json,345678901234,AWS_ACCOUNT_ID,8814,8826,"GDPR_Art5_1b, DPDPA_S8"
tenant-c_log_11.json,345678901234,AWS_ACCOUNT_ID,8978,8990,"GDPR_Art5_1b, DPDPA_S8"
tenant-c_log_11.json,345678901234,AWS_ACCOUNT_ID,9230,9242,"GDPR_Art5_1b, DPDPA_S8"
tenant-c_log_11.json,345678901234,AWS_ACCOUNT_ID,10098,10110,"GDPR_Art5_1b, DPDPA_S8"
tenant-c_log_11.json,345678901234,AWS_ACCOUNT_ID,10262,10274,"GDPR_Art5_1b, DPDPA_S8"
tenant-c_log_11.json,345678901234,AWS_ACCOUNT_ID,10515,10527,"GDPR_Art5_1b, DPDPA_S8"
tenant-c_log_11.json,345678901234,AWS_ACCOUNT_ID,11378,11390,"GDPR_Art5_1b, DPDPA_S8"
tenant-c_log_11.json,345678901234,AWS_ACCOUNT_ID,11542,11554,"GDPR_Art5_1b, DPDPA_S8"
tenant-c_log_11.json,345678901234,AWS_ACCOUNT_ID,11794,11806,"GDPR_Art5_1b, DPDPA_S8"
tenant-c_log_11.json,345678901234,AWS_ACCOUNT_ID,12661,12673,"GDPR_Art5_1b, DPDPA_S8"
tenant-c_log_11.json,345678901234,AWS_ACCOUNT_ID,12825,12837,"GDPR_Art5_1b, DPDPA_S8"
tenant-c_log_11.json,345678901234,AWS_ACCOUNT_ID,13078,13090,"GDPR_Art5_1b, DPDPA_S8"
tenant-c_log_11.json,345678901234,AWS_ACCOUNT_ID,13946,13958,"GDPR_Art5_1b, DPDPA_S8"
tenant-c_log_11.json,345678901234,AWS_ACCOUNT_ID,14110,14122,"GDPR_Art5_1b, DPDPA_S8"
tenant-c_log_11.json,345678901234,AWS_ACCOUNT_ID,14362,14374,"GDPR_Art5_1b, DPDPA_S8"
tenant-c_log_11.json,345678901234,AWS_ACCOUNT_ID,15232,15244,"GDPR_Art5_1b, DPDPA_S8"
tenant-c_log_11.json,345678901234,AWS_ACCOUNT_ID,15396,15408,"GDPR_Art5_1b, DPDPA_S8"
tenant-c_log_11.json,345678901234,AWS_ACCOUNT_ID,15648,15660,"GDPR_Art5_1b, DPDPA_S8"
tenant-c_log_11.json,345678901234,AWS_ACCOUNT_ID,16512,16524,"GDPR_Art5_1b, DPDPA_S8"
tenant-c_log_11.json,345678901234,AWS_ACCOUNT_ID,16676,16688,"GDPR_Art5_1b, DPDPA_S8"
tenant-c_log_11.json,345678901234,AWS_ACCOUNT_ID,16928,16940,"GDPR_Art5_1b, DPDPA_S8"
tenant-c_log_11.json,345678901234,AWS_ACCOUNT_ID,17799,17811,"GDPR_Art5_1b, DPDPA_S8"
tenant-c_log_11.json,345678901234,AWS_ACCOUNT_ID,17963,17975,"GDPR_Art5_1b, DPDPA_S8"
tenant-c_log_11.json,345678901234,AWS_ACCOUNT_ID,18216,18228,"GDPR_Art5_1b, DPDPA_S8"
tenant-c_log_11.json,345678901234,AWS_ACCOUNT_ID,19080,19092,"GDPR_Art5_1b, DPDPA_S8"
tenant-c_log_11.json,345678901234,AWS_ACCOUNT_ID,19244,19256,"GDPR_Art5_1b, DPDPA_S8"
tenant-c_log_11.json,345678901234,AWS_ACCOUNT_ID,19497,19509,"GDPR_Art5_1b, DPDPA_S8"
tenant-c_log_11.json,345678901234,AWS_ACCOUNT_ID,20366,20378,"GDPR_Art5_1b, DPDPA_S8"
tenant-c_log_11.json,345678901234,AWS_ACCOUNT_ID,20530,20542,"GDPR_Art5_1b, DPDPA_S8"
tenant-c_log_11.json,345678901234,AWS_ACCOUNT_ID,20783,20795,"GDPR_Art5_1b, DPDPA_S8"
tenant-c_log_11.json,345678901234,AWS_ACCOUNT_ID,21651,21663,"GDPR_Art5_1b, DPDPA_S8"
tenant-c_log_11.json,345678901234,AWS_ACCOUNT_ID,21815,21827,"GDPR_Art5_1b, DPDPA_S8"
tenant-c_log_11.json,345678901234,AWS_ACCOUNT_ID,22067,22079,"GDPR_Art5_1b, DPDPA_S8"
tenant-c_log_11.json,345678901234,AWS_ACCOUNT_ID,22936,22948,"GDPR_Art5_1b, DPDPA_S8"
tenant-c_log_11.json,345678901234,AWS_ACCOUNT_ID,23100,23112,"GDPR_Art5_1b, DPDPA_S8"
tenant-c_log_11.json,345678901234,AWS_ACCOUNT_ID,23352,23364,"GDPR_Art5_1b, DPDPA_S8"
tenant-c_log_11.json,345678901234,AWS_ACCOUNT_ID,24220,24232,"GDPR_Art5_1b, DPDPA_S8"
tenant-c_log_11.json,345678901234,AWS_ACCOUNT_ID,24384,24396,"GDPR_Art5_1b, DPDPA_S8"
tenant-c_log_11.json,345678901234,AWS_ACCOUNT_ID,24637,24649,"GDPR_Art5_1b, DPDPA_S8"
tenant-c_log_11.json,345678901234,AWS_ACCOUNT_ID,25509,25521,"GDPR_Art5_1b, DPDPA_S8"
tenant-c_log_11.json,345678901234,AWS_ACCOUNT_ID,25673,25685,"GDPR_Art5_1b, DPDPA_S8"
tenant-c_log_12.json,henry.das,PERSON,284,293,"GDPR_Art5_1a, DPDPA_S8"
tenant-c_log_12.json,grace.iyer,PERSON,1569,1579,"GDPR_Art5_1a, DPDPA_S8"
tenant-c_log_12.json,iris.menon,PERSON,2850,2860,"GDPR_Art5_1a, DPDPA_S8"
tenant-c_log_12.json,grace.iyer,PERSON,4141,4151,"GDPR_Art5_1a, DPDPA_S8"
tenant-c_log_12.json,iris.menon,PERSON,5421,5431,"GDPR_Art5_1a, DPDPA_S8"
tenant-c_log_12.json,iris.menon,PERSON,6708,6718,"GDPR_Art5_1a, DPDPA_S8"
tenant-c_log_12.json,henry.das,PERSON,7991,8000,"GDPR_Art5_1a, DPDPA_S8"
tenant-c_log_12.json,grace.iyer,PERSON,9275,9285,"GDPR_Art5_1a, DPDPA_S8"
tenant-c_log_12.json,henry.das,PERSON,10553,10562,"GDPR_Art5_1a, DPDPA_S8"
tenant-c_log_12.json,henry.das,PERSON,11832,11841,"GDPR_Art5_1a, DPDPA_S8"
tenant-c_log_12.json,henry.das,PERSON,13117,13126,"GDPR_Art5_1a, DPDPA_S8"
tenant-c_log_12.json,henry.das,PERSON,14406,14415,"GDPR_Art5_1a, DPDPA_S8"
tenant-c_log_12.json,iris.menon,PERSON,15691,15701,"GDPR_Art5_1a, DPDPA_S8"
tenant-c_log_12.json,grace.iyer,PERSON,16980,16990,"GDPR_Art5_1a, DPDPA_S8"
tenant-c_log_12.json,grace.iyer,PERSON,18261,18271,"GDPR_Art5_1a, DPDPA_S8"
tenant-c_log_12.json,grace.iyer,PERSON,19549,19559,"GDPR_Art5_1a, DPDPA_S8"
tenant-c_log_12.json,grace.iyer,PERSON,20830,20840,"GDPR_Art5_1a, DPDPA_S8"
tenant-c_log_12.json,grace.iyer,PERSON,22110,22120,"GDPR_Art5_1a, DPDPA_S8"
tenant-c_log_12.json,henry.das,PERSON,23394,23403,"GDPR_Art5_1a, DPDPA_S8"
tenant-c_log_12.json,grace.iyer,PERSON,24675,24685,"GDPR_Art5_1a, DPDPA_S8"
tenant-c_log_12.json,192.168.157.101,IP_ADDRESS,677,692,"GDPR_Art5_1b, DPDPA_S8"
tenant-c_log_12.json,192.168.62.135,IP_ADDRESS,1963,1977,"GDPR_Art5_1b, DPDPA_S8"
tenant-c_log_12.json,192.168.37.167,IP_ADDRESS,3244,3258,"GDPR_Art5_1b, DPDPA_S8"
tenant-c_log_12.json,192.168.215.140,IP_ADDRESS,4535,4550,"GDPR_Art5_1b, DPDPA_S8"
tenant-c_log_12.json,172.20.206.23,IP_ADDRESS,5815,5828,"GDPR_Art5_1b, DPDPA_S8"
tenant-c_log_12.json,192.168.156.35,IP_ADDRESS,7102,7116,"GDPR_Art5_1b, DPDPA_S8"
tenant-c_log_12.json,10.37.179.123,IP_ADDRESS,8384,8397,"GDPR_Art5_1b, DPDPA_S8"
tenant-c_log_12.json,10.42.91.123,IP_ADDRESS,9669,9681,"GDPR_Art5_1b, DPDPA_S8"
tenant-c_log_12.json,10.177.58.46,IP_ADDRESS,10946,10958,"GDPR_Art5_1b, DPDPA_S8"
tenant-c_log_12.json,172.29.141.185,IP_ADDRESS,12225,12239,"GDPR_Art5_1b, DPDPA_S8"
tenant-c_log_12.json,10.178.209.229,IP_ADDRESS,13510,13524,"GDPR_Art5_1b, DPDPA_S8"
tenant-c_log_12.json,192.168.244.220,IP_ADDRESS,14799,14814,"GDPR_Art5_1b, DPDPA_S8"
tenant-c_log_12.json,10.217.179.236,IP_ADDRESS,16085,16099,"GDPR_Art5_1b, DPDPA_S8"
tenant-c_log_12.json,172.29.132.186,IP_ADDRESS,17374,17388,"GDPR_Art5_1b, DPDPA_S8"
tenant-c_log_12.json,172.31.248.108,IP_ADDRESS,18655,18669,"GDPR_Art5_1b, DPDPA_S8"
tenant-c_log_12.json,10.116.176.142,IP_ADDRESS,19943,19957,"GDPR_Art5_1b, DPDPA_S8"
tenant-c_log_12.json,10.47.159.27,IP_ADDRESS,21224,21236,"GDPR_Art5_1b, DPDPA_S8"
tenant-c_log_12.json,192.168.158.35,IP_ADDRESS,22504,22518,"GDPR_Art5_1b, DPDPA_S8"
tenant-c_log_12.json,172.23.72.120,IP_ADDRESS,23787,23800,"GDPR_Art5_1b, DPDPA_S8"
tenant-c_log_12.json,172.26.200.151,IP_ADDRESS,25069,25083,"GDPR_Art5_1b, DPDPA_S8"
tenant-c_log_12.json,arn:aws:iam::345678901234:user/henry.das,AWS_ARN,183,223,"GDPR_Art5_1b, DPDPA_S8"
tenant-c_log_12.json,arn:aws:s3:::tenant-c-archive,AWS_ARN,1060,1089,"GDPR_Art5_1b, DPDPA_S8"
tenant-c_log_12.json,arn:aws:iam::345678901234:user/grace.iyer,AWS_ARN,1467,1508,"GDPR_Art5_1b, DPDPA_S8"
tenant-c_log_12.json,arn:aws:s3:::tenant-c-prod,AWS_ARN,2344,2370,"GDPR_Art5_1b, DPDPA_S8"
tenant-c_log_12.json,arn:aws:iam::345678901234:user/iris.menon,AWS_ARN,2748,2789,"GDPR_Art5_1b, DPDPA_S8"
tenant-c_log_12.json,arn:aws:s3:::tenant-c-archive,AWS_ARN,3632,3661,"GDPR_Art5_1b, DPDPA_S8"
tenant-c_log_12.json,arn:aws:iam::345678901234:user/grace.iyer,AWS_ARN,4039,4080,"GDPR_Art5_1b, DPDPA_S8"
tenant-c_log_12.json,arn:aws:s3:::tenant-c-prod,AWS_ARN,4915,4941,"GDPR_Art5_1b, DPDPA_S8"
tenant-c_log_12.json,arn:aws:iam::345678901234:user/iris.menon,AWS_ARN,5319,5360,"GDPR_Art5_1b, DPDPA_S8"
tenant-c_log_12.json,arn:aws:s3:::tenant-c-archive,AWS_ARN,6199,6228,"GDPR_Art5_1b, DPDPA_S8"
tenant-c_log_12.json,arn:aws:iam::345678901234:user/iris.menon,AWS_ARN,6606,6647,"GDPR_Art5_1b, DPDPA_S8"
tenant-c_log_12.json,arn:aws:s3:::tenant-c-prod,AWS_ARN,7486,7512,"GDPR_Art5_1b, DPDPA_S8"
tenant-c_log_12.json,arn:aws:iam::345678901234:user/henry.das,AWS_ARN,7890,7930,"GDPR_Art5_1b, DPDPA_S8"
tenant-c_log_12.json,arn:aws:s3:::tenant-c-archive,AWS_ARN,8766,8795,"GDPR_Art5_1b, DPDPA_S8"
tenant-c_log_12.json,arn:aws:iam::345678901234:user/grace.iyer,AWS_ARN,9173,9214,"GDPR_Art5_1b, DPDPA_S8"
tenant-c_log_12.json,arn:aws:s3:::tenant-c-prod,AWS_ARN,10048,10074,"GDPR_Art5_1b, DPDPA_S8"
tenant-c_log_12.json,arn:aws:iam::345678901234:user/henry.das,AWS_ARN,10452,10492,"GDPR_Art5_1b, DPDPA_S8"
tenant-c_log_12.json,arn:aws:s3:::tenant-c-archive,AWS_ARN,11324,11353,"GDPR_Art5_1b, DPDPA_S8"
tenant-c_log_12.json,arn:aws:iam::345678901234:user/henry.das,AWS_ARN,11731,11771,"GDPR_Art5_1b, DPDPA_S8"
tenant-c_log_12.json,arn:aws:s3:::tenant-c-archive,AWS_ARN,12609,12638,"GDPR_Art5_1b, DPDPA_S8"
tenant-c_log_12.json,arn:aws:iam::345678901234:user/henry.das,AWS_ARN,13016,13056,"GDPR_Art5_1b, DPDPA_S8"
tenant-c_log_12.json,arn:aws:s3:::tenant-c-archive,AWS_ARN,13898,13927,"GDPR_Art5_1b, DPDPA_S8"
tenant-c_log_12.json,arn:aws:iam::345678901234:user/henry.das,AWS_ARN,14305,14345,"GDPR_Art5_1b, DPDPA_S8"
tenant-c_log_12.json,arn:aws:s3:::tenant-c-archive,AWS_ARN,15182,15211,"GDPR_Art5_1b, DPDPA_S8"
tenant-c_log_12.json,arn:aws:iam::345678901234:user/iris.menon,AWS_ARN,15589,15630,"GDPR_Art5_1b, DPDPA_S8"
tenant-c_log_12.json,arn:aws:s3:::tenant-c-archive,AWS_ARN,16471,16500,"GDPR_Art5_1b, DPDPA_S8"
tenant-c_log_12.json,arn:aws:iam::345678901234:user/grace.iyer,AWS_ARN,16878,16919,"GDPR_Art5_1b, DPDPA_S8"
tenant-c_log_12.json,arn:aws:s3:::tenant-c-prod,AWS_ARN,17755,17781,"GDPR_Art5_1b, DPDPA_S8"
tenant-c_log_12.json,arn:aws:iam::345678901234:user/grace.iyer,AWS_ARN,18159,18200,"GDPR_Art5_1b, DPDPA_S8"
tenant-c_log_12.json,arn:aws:s3:::tenant-c-archive,AWS_ARN,19040,19069,"GDPR_Art5_1b, DPDPA_S8"
tenant-c_log_12.json,arn:aws:iam::345678901234:user/grace.iyer,AWS_ARN,19447,19488,"GDPR_Art5_1b, DPDPA_S8"
tenant-c_log_12.json,arn:aws:s3:::tenant-c-prod,AWS_ARN,20324,20350,"GDPR_Art5_1b, DPDPA_S8"
tenant-c_log_12.json,arn:aws:iam::345678901234:user/grace.iyer,AWS_ARN,20728,20769,"GDPR_Art5_1b, DPDPA_S8"
tenant-c_log_12.json,arn:aws:s3:::tenant-c-prod,AWS_ARN,21604,21630,"GDPR_Art5_1b, DPDPA_S8"
tenant-c_log_12.json,arn:aws:iam::345678901234:user/grace.iyer,AWS_ARN,22008,22049,"GDPR_Art5_1b, DPDPA_S8"
tenant-c_log_12.json,arn:aws:s3:::tenant-c-archive,AWS_ARN,22886,22915,"GDPR_Art5_1b, DPDPA_S8"
tenant-c_log_12.json,arn:aws:iam::345678901234:user/henry.das,AWS_ARN,23293,23333,"GDPR_Art5_1b, DPDPA_S8"
tenant-c_log_12.json,arn:aws:s3:::tenant-c-prod,AWS_ARN,24169,24195,"GDPR_Art5_1b, DPDPA_S8"
tenant-c_log_12.json,arn:aws:iam::345678901234:user/grace.iyer,AWS_ARN,24573,24614,"GDPR_Art5_1b, DPDPA_S8"
tenant-c_log_12.json,arn:aws:s3:::tenant-c-archive,AWS_ARN,25451,25480,"GDPR_Art5_1b, DPDPA_S8"
tenant-c_log_12.json,345678901234,AWS_ACCOUNT_ID,248,260,"GDPR_Art5_1b, DPDPA_S8"
tenant-c_log_12.json,345678901234,AWS_ACCOUNT_ID,1116,1128,"GDPR_Art5_1b, DPDPA_S8"
tenant-c_log_12.json,345678901234,AWS_ACCOUNT_ID,1280,1292,"GDPR_Art5_1b, DPDPA_S8"
tenant-c_log_12.json,345678901234,AWS_ACCOUNT_ID,1533,1545,"GDPR_Art5_1b, DPDPA_S8"
tenant-c_log_12.json,345678901234,AWS_ACCOUNT_ID,2397,2409,"GDPR_Art5_1b, DPDPA_S8"
tenant-c_log_12.json,345678901234,AWS_ACCOUNT_ID,2561,2573,"GDPR_Art5_1b, DPDPA_S8"
tenant-c_log_12.json,345678901234,AWS_ACCOUNT_ID,2814,2826,"GDPR_Art5_1b, DPDPA_S8"
tenant-c_log_12.json,345678901234,AWS_ACCOUNT_ID,3688,3700,"GDPR_Art5_1b, DPDPA_S8"
tenant-c_log_12.json,345678901234,AWS_ACCOUNT_ID,3852,3864,"GDPR_Art5_1b, DPDPA_S8"
tenant-c_log_12.json,345678901234,AWS_ACCOUNT_ID,4105,4117,"GDPR_Art5_1b, DPDPA_S8"
tenant-c_log_12.json,345678901234,AWS_ACCOUNT_ID,4968,4980,"GDPR_Art5_1b, DPDPA_S8"
tenant-c_log_12.json,345678901234,AWS_ACCOUNT_ID,5132,5144,"GDPR_Art5_1b, DPDPA_S8"
tenant-c_log_12.json,345678901234,AWS_ACCOUNT_ID,5385,5397,"GDPR_Art5_1b, DPDPA_S8"
tenant-c_log_12.json,345678901234,AWS_ACCOUNT_ID,6255,6267,"GDPR_Art5_1b, DPDPA_S8"
tenant-c_log_12.json,345678901234,AWS_ACCOUNT_ID,6419,6431,"GDPR_Art5_1b, DPDPA_S8"
tenant-c_log_12.json,345678901234,AWS_ACCOUNT_ID,6672,6684,"GDPR_Art5_1b, DPDPA_S8"
tenant-c_log_12.json,345678901234,AWS_ACCOUNT_ID,7539,7551,"GDPR_Art5_1b, DPDPA_S8"
tenant-c_log_12.json,345678901234,AWS_ACCOUNT_ID,7703,7715,"GDPR_Art5_1b, DPDPA_S8"
tenant-c_log_12.json,345678901234,AWS_ACCOUNT_ID,7955,7967,"GDPR_Art5_1b, DPDPA_S8"
tenant-c_log_12.json,345678901234,AWS_ACCOUNT_ID,8822,8834,"GDPR_Art5_1b, DPDPA_S8"
tenant-c_log_12.json,345678901234,AWS_ACCOUNT_ID,8986,8998,"GDPR_Art5_1b, DPDPA_S8"
tenant-c_log_12.json,345678901234,AWS_ACCOUNT_ID,9239,9251,"GDPR_Art5_1b, DPDPA_S8"
tenant-c_log_12.json,345678901234,AWS_ACCOUNT_ID,10101,10113,"GDPR_Art5_1b, DPDPA_S8"
tenant-c_log_12.json,345678901234,AWS_ACCOUNT_ID,10265,10277,"GDPR_Art5_1b, DPDPA_S8"
tenant-c_log_12.json,345678901234,AWS_ACCOUNT_ID,10517,10529,"GDPR_Art5_1b, DPDPA_S8"
tenant-c_log_12.json,345678901234,AWS_ACCOUNT_ID,11380,11392,"GDPR_Art5_1b, DPDPA_S8"
tenant-c_log_12.json,345678901234,AWS_ACCOUNT_ID,11544,11556,"GDPR_Art5_1b, DPDPA_S8"
tenant-c_log_12.json,345678901234,AWS_ACCOUNT_ID,11796,11808,"GDPR_Art5_1b, DPDPA_S8"
tenant-c_log_12.json,345678901234,AWS_ACCOUNT_ID,12665,12677,"GDPR_Art5_1b, DPDPA_S8"
tenant-c_log_12.json,345678901234,AWS_ACCOUNT_ID,12829,12841,"GDPR_Art5_1b, DPDPA_S8"
tenant-c_log_12.json,345678901234,AWS_ACCOUNT_ID,13081,13093,"GDPR_Art5_1b, DPDPA_S8"
tenant-c_log_12.json,345678901234,AWS_ACCOUNT_ID,13954,13966,"GDPR_Art5_1b, DPDPA_S8"
tenant-c_log_12.json,345678901234,AWS_ACCOUNT_ID,14118,14130,"GDPR_Art5_1b, DPDPA_S8"
tenant-c_log_12.json,345678901234,AWS_ACCOUNT_ID,14370,14382,"GDPR_Art5_1b, DPDPA_S8"
tenant-c_log_12.json,345678901234,AWS_ACCOUNT_ID,15238,15250,"GDPR_Art5_1b, DPDPA_S8"
tenant-c_log_12.json,345678901234,AWS_ACCOUNT_ID,15402,15414,"GDPR_Art5_1b, DPDPA_S8"
tenant-c_log_12.json,345678901234,AWS_ACCOUNT_ID,15655,15667,"GDPR_Art5_1b, DPDPA_S8"
tenant-c_log_12.json,345678901234,AWS_ACCOUNT_ID,16527,16539,"GDPR_Art5_1b, DPDPA_S8"
tenant-c_log_12.json,345678901234,AWS_ACCOUNT_ID,16691,16703,"GDPR_Art5_1b, DPDPA_S8"
tenant-c_log_12.json,345678901234,AWS_ACCOUNT_ID,16944,16956,"GDPR_Art5_1b, DPDPA_S8"
tenant-c_log_12.json,345678901234,AWS_ACCOUNT_ID,17808,17820,"GDPR_Art5_1b, DPDPA_S8"
tenant-c_log_12.json,345678901234,AWS_ACCOUNT_ID,17972,17984,"GDPR_Art5_1b, DPDPA_S8"
tenant-c_log_12.json,345678901234,AWS_ACCOUNT_ID,18225,18237,"GDPR_Art5_1b, DPDPA_S8"
tenant-c_log_12.json,345678901234,AWS_ACCOUNT_ID,19096,19108,"GDPR_Art5_1b, DPDPA_S8"
tenant-c_log_12.json,345678901234,AWS_ACCOUNT_ID,19260,19272,"GDPR_Art5_1b, DPDPA_S8"
tenant-c_log_12.json,345678901234,AWS_ACCOUNT_ID,19513,19525,"GDPR_Art5_1b, DPDPA_S8"
tenant-c_log_12.json,345678901234,AWS_ACCOUNT_ID,20377,20389,"GDPR_Art5_1b, DPDPA_S8"
tenant-c_log_12.json,345678901234,AWS_ACCOUNT_ID,20541,20553,"GDPR_Art5_1b, DPDPA_S8"
tenant-c_log_12.json,345678901234,AWS_ACCOUNT_ID,20794,20806,"GDPR_Art5_1b, DPDPA_S8"
tenant-c_log_12.json,345678901234,AWS_ACCOUNT_ID,21657,21669,"GDPR_Art5_1b, DPDPA_S8"
tenant-c_log_12.json,345678901234,AWS_ACCOUNT_ID,21821,21833,"GDPR_Art5_1b, DPDPA_S8"
tenant-c_log_12.json,345678901234,AWS_ACCOUNT_ID,22074,22086,"GDPR_Art5_1b, DPDPA_S8"
tenant-c_log_12.json,345678901234,AWS_ACCOUNT_ID,22942,22954,"GDPR_Art5_1b, DPDPA_S8"
tenant-c_log_12.json,345678901234,AWS_ACCOUNT_ID,23106,23118,"GDPR_Art5_1b, DPDPA_S8"
tenant-c_log_12.json,345678901234,AWS_ACCOUNT_ID,23358,23370,"GDPR_Art5_1b, DPDPA_S8"
tenant-c_log_12.json,345678901234,AWS_ACCOUNT_ID,24222,24234,"GDPR_Art5_1b, DPDPA_S8"
tenant-c_log_12.json,345678901234,AWS_ACCOUNT_ID,24386,24398,"GDPR_Art5_1b, DPDPA_S8"
tenant-c_log_12.json,345678901234,AWS_ACCOUNT_ID,24639,24651,"GDPR_Art5_1b, DPDPA_S8"
tenant-c_log_12.json,345678901234,AWS_ACCOUNT_ID,25507,25519,"GDPR_Art5_1b, DPDPA_S8"
tenant-c_log_12.json,345678901234,AWS_ACCOUNT_ID,25671,25683,"GDPR_Art5_1b, DPDPA_S8"
tenant-c_log_13.json,grace.iyer,PERSON,285,295,"GDPR_Art5_1a, DPDPA_S8"
tenant-c_log_13.json,grace.iyer,PERSON,1573,1583,"GDPR_Art5_1a, DPDPA_S8"
tenant-c_log_13.json,henry.das,PERSON,2862,2871,"GDPR_Art5_1a, DPDPA_S8"
tenant-c_log_13.json,iris.menon,PERSON,4155,4165,"GDPR_Art5_1a, DPDPA_S8"
tenant-c_log_13.json,grace.iyer,PERSON,5437,5447,"GDPR_Art5_1a, DPDPA_S8"
tenant-c_log_13.json,iris.menon,PERSON,6724,6734,"GDPR_Art5_1a, DPDPA_S8"
tenant-c_log_13.json,iris.menon,PERSON,8011,8021,"GDPR_Art5_1a, DPDPA_S8"
tenant-c_log_13.json,grace.iyer,PERSON,9292,9302,"GDPR_Art5_1a, DPDPA_S8"
tenant-c_log_13.json,henry.das,PERSON,10571,10580,"GDPR_Art5_1a, DPDPA_S8"
tenant-c_log_13.json,henry.das,PERSON,11854,11863,"GDPR_Art5_1a, DPDPA_S8"
tenant-c_log_13.json,grace.iyer,PERSON,13133,13143,"GDPR_Art5_1a, DPDPA_S8"
tenant-c_log_13.json,henry.das,PERSON,14419,14428,"GDPR_Art5_1a, DPDPA_S8"
tenant-c_log_13.json,grace.iyer,PERSON,15706,15716,"GDPR_Art5_1a, DPDPA_S8"
tenant-c_log_13.json,iris.menon,PERSON,16984,16994,"GDPR_Art5_1a, DPDPA_S8"
tenant-c_log_13.json,iris.menon,PERSON,18265,18275,"GDPR_Art5_1a, DPDPA_S8"
tenant-c_log_13.json,grace.iyer,PERSON,19549,19559,"GDPR_Art5_1a, DPDPA_S8"
tenant-c_log_13.json,grace.iyer,PERSON,20830,20840,"GDPR_Art5_1a, DPDPA_S8"
tenant-c_log_13.json,grace.iyer,PERSON,22112,22122,"GDPR_Art5_1a, DPDPA_S8"
tenant-c_log_13.json,iris.menon,PERSON,23392,23402,"GDPR_Art5_1a, DPDPA_S8"
tenant-c_log_13.json,grace.iyer,PERSON,24671,24681,"GDPR_Art5_1a, DPDPA_S8"
tenant-c_log_13.json,172.24.222.170,IP_ADDRESS,679,693,"GDPR_Art5_1b, DPDPA_S8"
tenant-c_log_13.json,192.168.156.231,IP_ADDRESS,1967,1982,"GDPR_Art5_1b, DPDPA_S8"
tenant-c_log_13.json,10.209.127.34,IP_ADDRESS,3255,3268,"GDPR_Art5_1b, DPDPA_S8"
tenant-c_log_13.json,172.24.214.49,IP_ADDRESS,4549,4562,"GDPR_Art5_1b, DPDPA_S8"
tenant-c_log_13.json,192.168.218.128,IP_ADDRESS,5831,5846,"GDPR_Art5_1b, DPDPA_S8"
tenant-c_log_13.json,192.168.54.174,IP_ADDRESS,7118,7132,"GDPR_Art5_1b, DPDPA_S8"
tenant-c_log_13.json,10.50.52.87,IP_ADDRESS,8405,8416,"GDPR_Art5_1b, DPDPA_S8"
tenant-c_log_13.json,172.17.181.21,IP_ADDRESS,9686,9699,"GDPR_Art5_1b, DPDPA_S8"
tenant-c_log_13.json,10.166.176.110,IP_ADDRESS,10964,10978,"GDPR_Art5_1b, DPDPA_S8"
tenant-c_log_13.json,10.197.39.205,IP_ADDRESS,12247,12260,"GDPR_Art5_1b, DPDPA_S8"
tenant-c_log_13.json,10.203.84.184,IP_ADDRESS,13527,13540,"GDPR_Art5_1b, DPDPA_S8"
tenant-c_log_13.json,192.168.163.247,IP_ADDRESS,14812,14827,"GDPR_Art5_1b, DPDPA_S8"
tenant-c_log_13.json,192.168.80.86,IP_ADDRESS,16100,16113,"GDPR_Art5_1b, DPDPA_S8"
tenant-c_log_13.json,192.168.26.24,IP_ADDRESS,17378,17391,"GDPR_Art5_1b, DPDPA_S8"
tenant-c_log_13.json,172.31.97.28,IP_ADDRESS,18659,18671,"GDPR_Art5_1b, DPDPA_S8"
tenant-c_log_13.json,192.168.196.41,IP_ADDRESS,19943,19957,"GDPR_Art5_1b, DPDPA_S8"
tenant-c_log_13.json,192.168.44.62,IP_ADDRESS,21224,21237,"GDPR_Art5_1b, DPDPA_S8"
tenant-c_log_13.json,10.203.191.84,IP_ADDRESS,22506,22519,"GDPR_Art5_1b, DPDPA_S8"
tenant-c_log_13.json,172.23.76.113,IP_ADDRESS,23786,23799,"GDPR_Art5_1b, DPDPA_S8"
tenant-c_log_13.json,192.168.241.125,IP_ADDRESS,25065,25080,"GDPR_Art5_1b, DPDPA_S8"
tenant-c_log_13.json,arn:aws:iam::345678901234:user/grace.iyer,AWS_ARN,183,224,"GDPR_Art5_1b, DPDPA_S8"
tenant-c_log_13.json,arn:aws:s3:::tenant-c-archive,AWS_ARN,1064,1093,"GDPR_Art5_1b, DPDPA_S8"
tenant-c_log_13.json,arn:aws:iam::345678901234:user/grace.iyer,AWS_ARN,1471,1512,"GDPR_Art5_1b, DPDPA_S8"
tenant-c_log_13.json,arn:aws:s3:::tenant-c-archive,AWS_ARN,2354,2383,"GDPR_Art5_1b, DPDPA_S8"
tenant-c_log_13.json,arn:aws:iam::345678901234:user/henry.das,AWS_ARN,2761,2801,"GDPR_Art5_1b, DPDPA_S8"
tenant-c_log_13.json,arn:aws:s3:::tenant-c-archive,AWS_ARN,3646,3675,"GDPR_Art5_1b, DPDPA_S8"
tenant-c_log_13.json,arn:aws:iam::345678901234:user/iris.menon,AWS_ARN,4053,4094,"GDPR_Art5_1b, DPDPA_S8"
tenant-c_log_13.json,arn:aws:s3:::tenant-c-prod,AWS_ARN,4931,4957,"GDPR_Art5_1b, DPDPA_S8"
tenant-c_log_13.json,arn:aws:iam::345678901234:user/grace.iyer,AWS_ARN,5335,5376,"GDPR_Art5_1b, DPDPA_S8"
tenant-c_log_13.json,arn:aws:s3:::tenant-c-archive,AWS_ARN,6215,6244,"GDPR_Art5_1b, DPDPA_S8"
tenant-c_log_13.json,arn:aws:iam::345678901234:user/iris.menon,AWS_ARN,6622,6663,"GDPR_Art5_1b, DPDPA_S8"
tenant-c_log_13.json,arn:aws:s3:::tenant-c-archive,AWS_ARN,7502,7531,"GDPR_Art5_1b, DPDPA_S8"
tenant-c_log_13.json,arn:aws:iam::345678901234:user/iris.menon,AWS_ARN,7909,7950,"GDPR_Art5_1b, DPDPA_S8"
tenant-c_log_13.json,arn:aws:s3:::tenant-c-prod,AWS_ARN,8786,8812,"GDPR_Art5_1b, DPDPA_S8"
tenant-c_log_13.json,arn:aws:iam::345678901234:user/grace.iyer,AWS_ARN,9190,9231,"GDPR_Art5_1b, DPDPA_S8"
tenant-c_log_13.json,arn:aws:s3:::tenant-c-prod,AWS_ARN,10066,10092,"GDPR_Art5_1b, DPDPA_S8"
tenant-c_log_13.json,arn:aws:iam::345678901234:user/henry.das,AWS_ARN,10470,10510,"GDPR_Art5_1b, DPDPA_S8"
tenant-c_log_13.json,arn:aws:s3:::tenant-c-archive,AWS_ARN,11346,11375,"GDPR_Art5_1b, DPDPA_S8"
tenant-c_log_13.json,arn:aws:iam::345678901234:user/henry.das,AWS_ARN,11753,11793,"GDPR_Art5_1b, DPDPA_S8"
tenant-c_log_13.json,arn:aws:s3:::tenant-c-prod,AWS_ARN,12627,12653,"GDPR_Art5_1b, DPDPA_S8"
tenant-c_log_13.json,arn:aws:iam::345678901234:user/grace.iyer,AWS_ARN,13031,13072,"GDPR_Art5_1b, DPDPA_S8"
tenant-c_log_13.json,arn:aws:s3:::tenant-c-archive,AWS_ARN,13911,13940,"GDPR_Art5_1b, DPDPA_S8"
tenant-c_log_13.json,arn:aws:iam::345678901234:user/henry.das,AWS_ARN,14318,14358,"GDPR_Art5_1b, DPDPA_S8"
tenant-c_log_13.json,arn:aws:s3:::tenant-c-archive,AWS_ARN,15197,15226,"GDPR_Art5_1b, DPDPA_S8"
tenant-c_log_13.json,arn:aws:iam::345678901234:user/grace.iyer,AWS_ARN,15604,15645,"GDPR_Art5_1b, DPDPA_S8"
tenant-c_log_13.json,arn:aws:s3:::tenant-c-prod,AWS_ARN,16478,16504,"GDPR_Art5_1b, DPDPA_S8"
tenant-c_log_13.json,arn:aws:iam::345678901234:user/iris.menon,AWS_ARN,16882,16923,"GDPR_Art5_1b, DPDPA_S8"
tenant-c_log_13.json,arn:aws:s3:::tenant-c-prod,AWS_ARN,17759,17785,"GDPR_Art5_1b, DPDPA_S8"
tenant-c_log_13.json,arn:aws:iam::345678901234:user/iris.menon,AWS_ARN,18163,18204,"GDPR_Art5_1b, DPDPA_S8"
tenant-c_log_13.json,arn:aws:s3:::tenant-c-archive,AWS_ARN,19040,19069,"GDPR_Art5_1b, DPDPA_S8"
tenant-c_log_13.json,arn:aws:iam::345678901234:user/grace.iyer,AWS_ARN,19447,19488,"GDPR_Art5_1b, DPDPA_S8"
tenant-c_log_13.json,arn:aws:s3:::tenant-c-prod,AWS_ARN,20324,20350,"GDPR_Art5_1b, DPDPA_S8"
tenant-c_log_13.json,arn:aws:iam::345678901234:user/grace.iyer,AWS_ARN,20728,20769,"GDPR_Art5_1b, DPDPA_S8"
tenant-c_log_13.json,arn:aws:s3:::tenant-c-prod,AWS_ARN,21606,21632,"GDPR_Art5_1b, DPDPA_S8"
tenant-c_log_13.json,arn:aws:iam::345678901234:user/grace.iyer,AWS_ARN,22010,22051,"GDPR_Art5_1b, DPDPA_S8"
tenant-c_log_13.json,arn:aws:s3:::tenant-c-prod,AWS_ARN,22886,22912,"GDPR_Art5_1b, DPDPA_S8"
tenant-c_log_13.json,arn:aws:iam::345678901234:user/iris.menon,AWS_ARN,23290,23331,"GDPR_Art5_1b, DPDPA_S8"
tenant-c_log_13.json,arn:aws:s3:::tenant-c-prod,AWS_ARN,24165,24191,"GDPR_Art5_1b, DPDPA_S8"
tenant-c_log_13.json,arn:aws:iam::345678901234:user/grace.iyer,AWS_ARN,24569,24610,"GDPR_Art5_1b, DPDPA_S8"
tenant-c_log_13.json,arn:aws:s3:::tenant-c-archive,AWS_ARN,25449,25478,"GDPR_Art5_1b, DPDPA_S8"
tenant-c_log_13.json,345678901234,AWS_ACCOUNT_ID,249,261,"GDPR_Art5_1b, DPDPA_S8"
tenant-c_log_13.json,345678901234,AWS_ACCOUNT_ID,1120,1132,"GDPR_Art5_1b, DPDPA_S8"
tenant-c_log_13.json,345678901234,AWS_ACCOUNT_ID,1284,1296,"GDPR_Art5_1b, DPDPA_S8"
tenant-c_log_13.json,345678901234,AWS_ACCOUNT_ID,1537,1549,"GDPR_Art5_1b, DPDPA_S8"
tenant-c_log_13.json,345678901234,AWS_ACCOUNT_ID,2410,2422,"GDPR_Art5_1b, DPDPA_S8"
tenant-c_log_13.json,345678901234,AWS_ACCOUNT_ID,2574,2586,"GDPR_Art5_1b, DPDPA_S8"
tenant-c_log_13.json,345678901234,AWS_ACCOUNT_ID,2826,2838,"GDPR_Art5_1b, DPDPA_S8"
tenant-c_log_13.json,345678901234,AWS_ACCOUNT_ID,3702,3714,"GDPR_Art5_1b, DPDPA_S8"
tenant-c_log_13.json,345678901234,AWS_ACCOUNT_ID,3866,3878,"GDPR_Art5_1b, DPDPA_S8"
tenant-c_log_13.json,345678901234,AWS_ACCOUNT_ID,4119,4131,"GDPR_Art5_1b, DPDPA_S8"
tenant-c_log_13.json,345678901234,AWS_ACCOUNT_ID,4984,4996,"GDPR_Art5_1b, DPDPA_S8"
tenant-c_log_13.json,345678901234,AWS_ACCOUNT_ID,5148,5160,"GDPR_Art5_1b, DPDPA_S8"
tenant-c_log_13.json,345678901234,AWS_ACCOUNT_ID,5401,5413,"GDPR_Art5_1b, DPDPA_S8"
tenant-c_log_13.json,345678901234,AWS_ACCOUNT_ID,6271,6283,"GDPR_Art5_1b, DPDPA_S8"
tenant-c_log_13.json,345678901234,AWS_ACCOUNT_ID,6435,6447,"GDPR_Art5_1b, DPDPA_S8"
tenant-c_log_13.json,345678901234,AWS_ACCOUNT_ID,6688,6700,"GDPR_Art5_1b, DPDPA_S8"
tenant-c_log_13.json,345678901234,AWS_ACCOUNT_ID,7558,7570,"GDPR_Art5_1b, DPDPA_S8"
tenant-c_log_13.json,345678901234,AWS_ACCOUNT_ID,7722,7734,"GDPR_Art5_1b, DPDPA_S8"
tenant-c_log_13.json,345678901234,AWS_ACCOUNT_ID,7975,7987,"GDPR_Art5_1b, DPDPA_S8"
tenant-c_log_13.json,345678901234,AWS_ACCOUNT_ID,8839,8851,"GDPR_Art5_1b, DPDPA_S8"
tenant-c_log_13.json,345678901234,AWS_ACCOUNT_ID,9003,9015,"GDPR_Art5_1b, DPDPA_S8"
tenant-c_log_13.json,345678901234,AWS_ACCOUNT_ID,9256,9268,"GDPR_Art5_1b, DPDPA_S8"
tenant-c_log_13.json,345678901234,AWS_ACCOUNT_ID,10119,10131,"GDPR_Art5_1b, DPDPA_S8"
tenant-c_log_13.json,345678901234,AWS_ACCOUNT_ID,10283,10295,"GDPR_Art5_1b, DPDPA_S8"
tenant-c_log_13.json,345678901234,AWS_ACCOUNT_ID,10535,10547,"GDPR_Art5_1b, DPDPA_S8"
tenant-c_log_13.json,345678901234,AWS_ACCOUNT_ID,11402,11414,"GDPR_Art5_1b, DPDPA_S8"
tenant-c_log_13.json,345678901234,AWS_ACCOUNT_ID,11566,11578,"GDPR_Art5_1b, DPDPA_S8"
tenant-c_log_13.json,345678901234,AWS_ACCOUNT_ID,11818,11830,"GDPR_Art5_1b, DPDPA_S8"
tenant-c_log_13.json,345678901234,AWS_ACCOUNT_ID,12680,12692,"GDPR_Art5_1b, DPDPA_S8"
tenant-c_log_13.json,345678901234,AWS_ACCOUNT_ID,12844,12856,"GDPR_Art5_1b, DPDPA_S8"
tenant-c_log_13.json,345678901234,AWS_ACCOUNT_ID,13097,13109,"GDPR_Art5_1b, DPDPA_S8"
tenant-c_log_13.json,345678901234,AWS_ACCOUNT_ID,13967,13979,"GDPR_Art5_1b, DPDPA_S8"
tenant-c_log_13.json,345678901234,AWS_ACCOUNT_ID,14131,14143,"GDPR_Art5_1b, DPDPA_S8"
tenant-c_log_13.json,345678901234,AWS_ACCOUNT_ID,14383,14395,"GDPR_Art5_1b, DPDPA_S8"
tenant-c_log_13.json,345678901234,AWS_ACCOUNT_ID,15253,15265,"GDPR_Art5_1b, DPDPA_S8"
tenant-c_log_13.json,345678901234,AWS_ACCOUNT_ID,15417,15429,"GDPR_Art5_1b, DPDPA_S8"
tenant-c_log_13.json,345678901234,AWS_ACCOUNT_ID,15670,15682,"GDPR_Art5_1b, DPDPA_S8"
tenant-c_log_13.json,345678901234,AWS_ACCOUNT_ID,16531,16543,"GDPR_Art5_1b, DPDPA_S8"
tenant-c_log_13.json,345678901234,AWS_ACCOUNT_ID,16695,16707,"GDPR_Art5_1b, DPDPA_S8"
tenant-c_log_13.json,345678901234,AWS_ACCOUNT_ID,16948,16960,"GDPR_Art5_1b, DPDPA_S8"
tenant-c_log_13.json,345678901234,AWS_ACCOUNT_ID,17812,17824,"GDPR_Art5_1b, DPDPA_S8"
tenant-c_log_13.json,345678901234,AWS_ACCOUNT_ID,17976,17988,"GDPR_Art5_1b, DPDPA_S8"
tenant-c_log_13.json,345678901234,AWS_ACCOUNT_ID,18229,18241,"GDPR_Art5_1b, DPDPA_S8"
tenant-c_log_13.json,345678901234,AWS_ACCOUNT_ID,19096,19108,"GDPR_Art5_1b, DPDPA_S8"
tenant-c_log_13.json,345678901234,AWS_ACCOUNT_ID,19260,19272,"GDPR_Art5_1b, DPDPA_S8"
tenant-c_log_13.json,345678901234,AWS_ACCOUNT_ID,19513,19525,"GDPR_Art5_1b, DPDPA_S8"
tenant-c_log_13.json,345678901234,AWS_ACCOUNT_ID,20377,20389,"GDPR_Art5_1b, DPDPA_S8"
tenant-c_log_13.json,345678901234,AWS_ACCOUNT_ID,20541,20553,"GDPR_Art5_1b, DPDPA_S8"
tenant-c_log_13.json,345678901234,AWS_ACCOUNT_ID,20794,20806,"GDPR_Art5_1b, DPDPA_S8"
tenant-c_log_13.json,345678901234,AWS_ACCOUNT_ID,21659,21671,"GDPR_Art5_1b, DPDPA_S8"
tenant-c_log_13.json,345678901234,AWS_ACCOUNT_ID,21823,21835,"GDPR_Art5_1b, DPDPA_S8"
tenant-c_log_13.json,345678901234,AWS_ACCOUNT_ID,22076,22088,"GDPR_Art5_1b, DPDPA_S8"
tenant-c_log_13.json,345678901234,AWS_ACCOUNT_ID,22939,22951,"GDPR_Art5_1b, DPDPA_S8"
tenant-c_log_13.json,345678901234,AWS_ACCOUNT_ID,23103,23115,"GDPR_Art5_1b, DPDPA_S8"
tenant-c_log_13.json,345678901234,AWS_ACCOUNT_ID,23356,23368,"GDPR_Art5_1b, DPDPA_S8"
tenant-c_log_13.json,345678901234,AWS_ACCOUNT_ID,24218,24230,"GDPR_Art5_1b, DPDPA_S8"
tenant-c_log_13.json,345678901234,AWS_ACCOUNT_ID,24382,24394,"GDPR_Art5_1b, DPDPA_S8"
tenant-c_log_13.json,345678901234,AWS_ACCOUNT_ID,24635,24647,"GDPR_Art5_1b, DPDPA_S8"
tenant-c_log_13.json,345678901234,AWS_ACCOUNT_ID,25505,25517,"GDPR_Art5_1b, DPDPA_S8"
tenant-c_log_13.json,345678901234,AWS_ACCOUNT_ID,25669,25681,"GDPR_Art5_1b, DPDPA_S8"
tenant-c_log_14.json,henry.das,PERSON,284,293,"GDPR_Art5_1a, DPDPA_S8"
tenant-c_log_14.json,henry.das,PERSON,1570,1579,"GDPR_Art5_1a, DPDPA_S8"
tenant-c_log_14.json,grace.iyer,PERSON,2857,2867,"GDPR_Art5_1a, DPDPA_S8"
tenant-c_log_14.json,henry.das,PERSON,4140,4149,"GDPR_Art5_1a, DPDPA_S8"
tenant-c_log_14.json,henry.das,PERSON,5429,5438,"GDPR_Art5_1a, DPDPA_S8"
tenant-c_log_14.json,grace.iyer,PERSON,6711,6721,"GDPR_Art5_1a, DPDPA_S8"
tenant-c_log_14.json,iris.menon,PERSON,7999,8009,"GDPR_Art5_1a, DPDPA_S8"
tenant-c_log_14.json,iris.menon,PERSON,9277,9287,"GDPR_Art5_1a, DPDPA_S8"
tenant-c_log_14.json,henry.das,PERSON,10558,10567,"GDPR_Art5_1a, DPDPA_S8"
tenant-c_log_14.json,iris.menon,PERSON,11840,11850,"GDPR_Art5_1a, DPDPA_S8"
tenant-c_log_14.json,iris.menon,PERSON,13119,13129,"GDPR_Art5_1a, DPDPA_S8"
tenant-c_log_14.json,iris.menon,PERSON,14403,14413,"GDPR_Art5_1a, DPDPA_S8"
tenant-c_log_14.json,iris.menon,PERSON,15690,15700,"GDPR_Art5_1a, DPDPA_S8"
tenant-c_log_14.json,henry.das,PERSON,16968,16977,"GDPR_Art5_1a, DPDPA_S8"
tenant-c_log_14.json,grace.iyer,PERSON,18259,18269,"GDPR_Art5_1a, DPDPA_S8"
tenant-c_log_14.json,grace.iyer,PERSON,19545,19555,"GDPR_Art5_1a, DPDPA_S8"
tenant-c_log_14.json,iris.menon,PERSON,20834,20844,"GDPR_Art5_1a, DPDPA_S8"
tenant-c_log_14.json,iris.menon,PERSON,22115,22125,"GDPR_Art5_1a, DPDPA_S8"
tenant-c_log_14.json,henry.das,PERSON,23403,23412,"GDPR_Art5_1a, DPDPA_S8"
tenant-c_log_14.json,henry.das,PERSON,24689,24698,"GDPR_Art5_1a, DPDPA_S8"
tenant-c_log_14.json,10.203.228.17,IP_ADDRESS,677,690,"GDPR_Art5_1b, DPDPA_S8"
tenant-c_log_14.json,192.168.226.248,IP_ADDRESS,1963,1978,"GDPR_Art5_1b, DPDPA_S8"
tenant-c_log_14.json,192.168.59.221,IP_ADDRESS,3251,3265,"GDPR_Art5_1b, DPDPA_S8"
tenant-c_log_14.json,10.150.225.226,IP_ADDRESS,4533,4547,"GDPR_Art5_1b, DPDPA_S8"
tenant-c_log_14.json,172.22.226.85,IP_ADDRESS,5822,5835,"GDPR_Art5_1b, DPDPA_S8"
tenant-c_log_14.json,192.168.67.158,IP_ADDRESS,7105,7119,"GDPR_Art5_1b, DPDPA_S8"
tenant-c_log_14.json,10.47.175.107,IP_ADDRESS,8393,8406,"GDPR_Art5_1b, DPDPA_S8"
tenant-c_log_14.json,192.168.109.92,IP_ADDRESS,9671,9685,"GDPR_Art5_1b, DPDPA_S8"
tenant-c_log_14.json,192.168.69.225,IP_ADDRESS,10951,10965,"GDPR_Art5_1b, DPDPA_S8"
tenant-c_log_14.json,172.26.155.253,IP_ADDRESS,12234,12248,"GDPR_Art5_1b, DPDPA_S8"
tenant-c_log_14.json,192.168.26.47,IP_ADDRESS,13513,13526,"GDPR_Art5_1b, DPDPA_S8"
tenant-c_log_14.json,192.168.249.91,IP_ADDRESS,14797,14811,"GDPR_Art5_1b, DPDPA_S8"
tenant-c_log_14.json,172.20.46.27,IP_ADDRESS,16084,16096,"GDPR_Art5_1b, DPDPA_S8"
tenant-c_log_14.json,172.29.114.211,IP_ADDRESS,17361,17375,"GDPR_Art5_1b, DPDPA_S8"
tenant-c_log_14.json,192.168.141.133,IP_ADDRESS,18653,18668,"GDPR_Art5_1b, DPDPA_S8"
tenant-c_log_14.json,172.25.109.141,IP_ADDRESS,19939,19953,"GDPR_Art5_1b, DPDPA_S8"
tenant-c_log_14.json,172.25.202.230,IP_ADDRESS,21228,21242,"GDPR_Art5_1b, DPDPA_S8"
tenant-c_log_14.json,10.201.243.30,IP_ADDRESS,22509,22522,"GDPR_Art5_1b, DPDPA_S8"
tenant-c_log_14.json,172.24.4.144,IP_ADDRESS,23796,23808,"GDPR_Art5_1b, DPDPA_S8"
tenant-c_log_14.json,172.23.130.142,IP_ADDRESS,25082,25096,"GDPR_Art5_1b, DPDPA_S8"
tenant-c_log_14.json,arn:aws:iam::345678901234:user/henry.das,AWS_ARN,183,223,"GDPR_Art5_1b, DPDPA_S8"
tenant-c_log_14.json,arn:aws:s3:::tenant-c-archive,AWS_ARN,1062,1091,"GDPR_Art5_1b, DPDPA_S8"
tenant-c_log_14.json,arn:aws:iam::345678901234:user/henry.das,AWS_ARN,1469,1509,"GDPR_Art5_1b, DPDPA_S8"
tenant-c_log_14.json,arn:aws:s3:::tenant-c-archive,AWS_ARN,2348,2377,"GDPR_Art5_1b, DPDPA_S8"
tenant-c_log_14.json,arn:aws:iam::345678901234:user/grace.iyer,AWS_ARN,2755,2796,"GDPR_Art5_1b, DPDPA_S8"
tenant-c_log_14.json,arn:aws:s3:::tenant-c-prod,AWS_ARN,3635,3661,"GDPR_Art5_1b, DPDPA_S8"
tenant-c_log_14.json,arn:aws:iam::345678901234:user/henry.das,AWS_ARN,4039,4079,"GDPR_Art5_1b, DPDPA_S8"
tenant-c_log_14.json,arn:aws:s3:::tenant-c-archive,AWS_ARN,4921,4950,"GDPR_Art5_1b, DPDPA_S8"
tenant-c_log_14.json,arn:aws:iam::345678901234:user/henry.das,AWS_ARN,5328,5368,"GDPR_Art5_1b, DPDPA_S8"
tenant-c_log_14.json,arn:aws:s3:::tenant-c-archive,AWS_ARN,6202,6231,"GDPR_Art5_1b, DPDPA_S8"
tenant-c_log_14.json,arn:aws:iam::345678901234:user/grace.iyer,AWS_ARN,6609,6650,"GDPR_Art5_1b, DPDPA_S8"
tenant-c_log_14.json,arn:aws:s3:::tenant-c-archive,AWS_ARN,7490,7519,"GDPR_Art5_1b, DPDPA_S8"
tenant-c_log_14.json,arn:aws:iam::345678901234:user/iris.menon,AWS_ARN,7897,7938,"GDPR_Art5_1b, DPDPA_S8"
tenant-c_log_14.json,arn:aws:s3:::tenant-c-prod,AWS_ARN,8771,8797,"GDPR_Art5_1b, DPDPA_S8"
tenant-c_log_14.json,arn:aws:iam::345678901234:user/iris.menon,AWS_ARN,9175,9216,"GDPR_Art5_1b, DPDPA_S8"
tenant-c_log_14.json,arn:aws:s3:::tenant-c-prod,AWS_ARN,10053,10079,"GDPR_Art5_1b, DPDPA_S8"
tenant-c_log_14.json,arn:aws:iam::345678901234:user/henry.das,AWS_ARN,10457,10497,"GDPR_Art5_1b, DPDPA_S8"
tenant-c_log_14.json,arn:aws:s3:::tenant-c-prod,AWS_ARN,11334,11360,"GDPR_Art5_1b, DPDPA_S8"
tenant-c_log_14.json,arn:aws:iam::345678901234:user/iris.menon,AWS_ARN,11738,11779,"GDPR_Art5_1b, DPDPA_S8"
tenant-c_log_14.json,arn:aws:s3:::tenant-c-prod,AWS_ARN,12613,12639,"GDPR_Art5_1b, DPDPA_S8"
tenant-c_log_14.json,arn:aws:iam::345678901234:user/iris.menon,AWS_ARN,13017,13058,"GDPR_Art5_1b, DPDPA_S8"
tenant-c_log_14.json,arn:aws:s3:::tenant-c-archive,AWS_ARN,13894,13923,"GDPR_Art5_1b, DPDPA_S8"
tenant-c_log_14.json,arn:aws:iam::345678901234:user/iris.menon,AWS_ARN,14301,14342,"GDPR_Art5_1b, DPDPA_S8"
tenant-c_log_14.json,arn:aws:s3:::tenant-c-archive,AWS_ARN,15181,15210,"GDPR_Art5_1b, DPDPA_S8"
tenant-c_log_14.json,arn:aws:iam::345678901234:user/iris.menon,AWS_ARN,15588,15629,"GDPR_Art5_1b, DPDPA_S8"
tenant-c_log_14.json,arn:aws:s3:::tenant-c-prod,AWS_ARN,16463,16489,"GDPR_Art5_1b, DPDPA_S8"
tenant-c_log_14.json,arn:aws:iam::345678901234:user/henry.das,AWS_ARN,16867,16907,"GDPR_Art5_1b, DPDPA_S8"
tenant-c_log_14.json,arn:aws:s3:::tenant-c-archive,AWS_ARN,17750,17779,"GDPR_Art5_1b, DPDPA_S8"
tenant-c_log_14.json,arn:aws:iam::345678901234:user/grace.iyer,AWS_ARN,18157,18198,"GDPR_Art5_1b, DPDPA_S8"
tenant-c_log_14.json,arn:aws:s3:::tenant-c-prod,AWS_ARN,19039,19065,"GDPR_Art5_1b, DPDPA_S8"
tenant-c_log_14.json,arn:aws:iam::345678901234:user/grace.iyer,AWS_ARN,19443,19484,"GDPR_Art5_1b, DPDPA_S8"
tenant-c_log_14.json,arn:aws:s3:::tenant-c-archive,AWS_ARN,20325,20354,"GDPR_Art5_1b, DPDPA_S8"
tenant-c_log_14.json,arn:aws:iam::345678901234:user/iris.menon,AWS_ARN,20732,20773,"GDPR_Art5_1b, DPDPA_S8"
tenant-c_log_14.json,arn:aws:s3:::tenant-c-prod,AWS_ARN,21609,21635,"GDPR_Art5_1b, DPDPA_S8"
tenant-c_log_14.json,arn:aws:iam::345678901234:user/iris.menon,AWS_ARN,22013,22054,"GDPR_Art5_1b, DPDPA_S8"
tenant-c_log_14.json,arn:aws:s3:::tenant-c-archive,AWS_ARN,22895,22924,"GDPR_Art5_1b, DPDPA_S8"
tenant-c_log_14.json,arn:aws:iam::345678901234:user/henry.das,AWS_ARN,23302,23342,"GDPR_Art5_1b, DPDPA_S8"
tenant-c_log_14.json,arn:aws:s3:::tenant-c-archive,AWS_ARN,24181,24210,"GDPR_Art5_1b, DPDPA_S8"
tenant-c_log_14.json,arn:aws:iam::345678901234:user/henry.das,AWS_ARN,24588,24628,"GDPR_Art5_1b, DPDPA_S8"
tenant-c_log_14.json,arn:aws:s3:::tenant-c-archive,AWS_ARN,25468,25497,"GDPR_Art5_1b, DPDPA_S8"
tenant-c_log_14.json,345678901234,AWS_ACCOUNT_ID,248,260,"GDPR_Art5_1b, DPDPA_S8"
tenant-c_log_14.json,345678901234,AWS_ACCOUNT_ID,1118,1130,"GDPR_Art5_1b, DPDPA_S8"
tenant-c_log_14.json,345678901234,AWS_ACCOUNT_ID,1282,1294,"GDPR_Art5_1b, DPDPA_S8"
tenant-c_log_14.json,345678901234,AWS_ACCOUNT_ID,1534,1546,"GDPR_Art5_1b, DPDPA_S8"
tenant-c_log_14.json,345678901234,AWS_ACCOUNT_ID,2404,2416,"GDPR_Art5_1b, DPDPA_S8"
tenant-c_log_14.json,345678901234,AWS_ACCOUNT_ID,2568,2580,"GDPR_Art5_1b, DPDPA_S8"
tenant-c_log_14.json,345678901234,AWS_ACCOUNT_ID,2821,2833,"GDPR_Art5_1b, DPDPA_S8"
tenant-c_log_14.json,345678901234,AWS_ACCOUNT_ID,3688,3700,"GDPR_Art5_1b, DPDPA_S8"
tenant-c_log_14.json,345678901234,AWS_ACCOUNT_ID,3852,3864,"GDPR_Art5_1b, DPDPA_S8"
tenant-c_log_14.json,345678901234,AWS_ACCOUNT_ID,4104,4116,"GDPR_Art5_1b, DPDPA_S8"
tenant-c_log_14.json,345678901234,AWS_ACCOUNT_ID,4977,4989,"GDPR_Art5_1b, DPDPA_S8"
tenant-c_log_14.json,345678901234,AWS_ACCOUNT_ID,5141,5153,"GDPR_Art5_1b, DPDPA_S8"
tenant-c_log_14.json,345678901234,AWS_ACCOUNT_ID,5393,5405,"GDPR_Art5_1b, DPDPA_S8"
tenant-c_log_14.json,345678901234,AWS_ACCOUNT_ID,6258,6270,"GDPR_Art5_1b, DPDPA_S8"
tenant-c_log_14.json,345678901234,AWS_ACCOUNT_ID,6422,6434,"GDPR_Art5_1b, DPDPA_S8"
tenant-c_log_14.json,345678901234,AWS_ACCOUNT_ID,6675,6687,"GDPR_Art5_1b, DPDPA_S8"
tenant-c_log_14.json,345678901234,AWS_ACCOUNT_ID,7546,7558,"GDPR_Art5_1b, DPDPA_S8"
tenant-c_log_14.json,345678901234,AWS_ACCOUNT_ID,7710,7722,"GDPR_Art5_1b, DPDPA_S8"
tenant-c_log_14.json,345678901234,AWS_ACCOUNT_ID,7963,7975,"GDPR_Art5_1b, DPDPA_S8"
tenant-c_log_14.json,345678901234,AWS_ACCOUNT_ID,8824,8836,"GDPR_Art5_1b, DPDPA_S8"
tenant-c_log_14.json,345678901234,AWS_ACCOUNT_ID,8988,9000,"GDPR_Art5_1b, DPDPA_S8"
tenant-c_log_14.json,345678901234,AWS_ACCOUNT_ID,9241,9253,"GDPR_Art5_1b, DPDPA_S8"
tenant-c_log_14.json,345678901234,AWS_ACCOUNT_ID,10106,10118,"GDPR_Art5_1b, DPDPA_S8"
tenant-c_log_14.json,345678901234,AWS_ACCOUNT_ID,10270,10282,"GDPR_Art5_1b, DPDPA_S8"
tenant-c_log_14.json,345678901234,AWS_ACCOUNT_ID,10522,10534,"GDPR_Art5_1b, DPDPA_S8"
tenant-c_log_14.json,345678901234,AWS_ACCOUNT_ID,11387,11399,"GDPR_Art5_1b, DPDPA_S8"
tenant-c_log_14.json,345678901234,AWS_ACCOUNT_ID,11551,11563,"GDPR_Art5_1b, DPDPA_S8"
tenant-c_log_14.json,345678901234,AWS_ACCOUNT_ID,11804,11816,"GDPR_Art5_1b, DPDPA_S8"
tenant-c_log_14.json,345678901234,AWS_ACCOUNT_ID,12666,12678,"GDPR_Art5_1b, DPDPA_S8"
tenant-c_log_14.json,345678901234,AWS_ACCOUNT_ID,12830,12842,"GDPR_Art5_1b, DPDPA_S8"
tenant-c_log_14.json,345678901234,AWS_ACCOUNT_ID,13083,13095,"GDPR_Art5_1b, DPDPA_S8"
tenant-c_log_14.json,345678901234,AWS_ACCOUNT_ID,13950,13962,"GDPR_Art5_1b, DPDPA_S8"
tenant-c_log_14.json,345678901234,AWS_ACCOUNT_ID,14114,14126,"GDPR_Art5_1b, DPDPA_S8"
tenant-c_log_14.json,345678901234,AWS_ACCOUNT_ID,14367,14379,"GDPR_Art5_1b, DPDPA_S8"
tenant-c_log_14.json,345678901234,AWS_ACCOUNT_ID,15237,15249,"GDPR_Art5_1b, DPDPA_S8"
tenant-c_log_14.json,345678901234,AWS_ACCOUNT_ID,15401,15413,"GDPR_Art5_1b, DPDPA_S8"
tenant-c_log_14.json,345678901234,AWS_ACCOUNT_ID,15654,15666,"GDPR_Art5_1b, DPDPA_S8"
tenant-c_log_14.json,345678901234,AWS_ACCOUNT_ID,16516,16528,"GDPR_Art5_1b, DPDPA_S8"
tenant-c_log_14.json,345678901234,AWS_ACCOUNT_ID,16680,16692,"GDPR_Art5_1b, DPDPA_S8"
tenant-c_log_14.json,345678901234,AWS_ACCOUNT_ID,16932,16944,"GDPR_Art5_1b, DPDPA_S8"
tenant-c_log_14.json,345678901234,AWS_ACCOUNT_ID,17806,17818,"GDPR_Art5_1b, DPDPA_S8"
tenant-c_log_14.json,345678901234,AWS_ACCOUNT_ID,17970,17982,"GDPR_Art5_1b, DPDPA_S8"
tenant-c_log_14.json,345678901234,AWS_ACCOUNT_ID,18223,18235,"GDPR_Art5_1b, DPDPA_S8"
tenant-c_log_14.json,345678901234,AWS_ACCOUNT_ID,19092,19104,"GDPR_Art5_1b, DPDPA_S8"
tenant-c_log_14.json,345678901234,AWS_ACCOUNT_ID,19256,19268,"GDPR_Art5_1b, DPDPA_S8"
tenant-c_log_14.json,345678901234,AWS_ACCOUNT_ID,19509,19521,"GDPR_Art5_1b, DPDPA_S8"
tenant-c_log_14.json,345678901234,AWS_ACCOUNT_ID,20381,20393,"GDPR_Art5_1b, DPDPA_S8"
tenant-c_log_14.json,345678901234,AWS_ACCOUNT_ID,20545,20557,"GDPR_Art5_1b, DPDPA_S8"
tenant-c_log_14.json,345678901234,AWS_ACCOUNT_ID,20798,20810,"GDPR_Art5_1b, DPDPA_S8"
tenant-c_log_14.json,345678901234,AWS_ACCOUNT_ID,21662,21674,"GDPR_Art5_1b, DPDPA_S8"
tenant-c_log_14.json,345678901234,AWS_ACCOUNT_ID,21826,21838,"GDPR_Art5_1b, DPDPA_S8"
tenant-c_log_14.json,345678901234,AWS_ACCOUNT_ID,22079,22091,"GDPR_Art5_1b, DPDPA_S8"
tenant-c_log_14.json,345678901234,AWS_ACCOUNT_ID,22951,22963,"GDPR_Art5_1b, DPDPA_S8"
tenant-c_log_14.json,345678901234,AWS_ACCOUNT_ID,23115,23127,"GDPR_Art5_1b, DPDPA_S8"
tenant-c_log_14.json,345678901234,AWS_ACCOUNT_ID,23367,23379,"GDPR_Art5_1b, DPDPA_S8"
tenant-c_log_14.json,345678901234,AWS_ACCOUNT_ID,24237,24249,"GDPR_Art5_1b, DPDPA_S8"
tenant-c_log_14.json,345678901234,AWS_ACCOUNT_ID,24401,24413,"GDPR_Art5_1b, DPDPA_S8"
tenant-c_log_14.json,345678901234,AWS_ACCOUNT_ID,24653,24665,"GDPR_Art5_1b, DPDPA_S8"
tenant-c_log_14.json,345678901234,AWS_ACCOUNT_ID,25524,25536,"GDPR_Art5_1b, DPDPA_S8"
tenant-c_log_14.json,345678901234,AWS_ACCOUNT_ID,25688,25700,"GDPR_Art5_1b, DPDPA_S8"
tenant-c_log_15.json,henry.das,PERSON,284,293,"GDPR_Art5_1a, DPDPA_S8"
tenant-c_log_15.json,iris.menon,PERSON,1566,1576,"GDPR_Art5_1a, DPDPA_S8"
tenant-c_log_15.json,henry.das,PERSON,2853,2862,"GDPR_Art5_1a, DPDPA_S8"
tenant-c_log_15.json,henry.das,PERSON,4139,4148,"GDPR_Art5_1a, DPDPA_S8"
tenant-c_log_15.json,iris.menon,PERSON,5422,5432,"GDPR_Art5_1a, DPDPA_S8"
tenant-c_log_15.json,iris.menon,PERSON,6703,6713,"GDPR_Art5_1a, DPDPA_S8"
tenant-c_log_15.json,henry.das,PERSON,7983,7992,"GDPR_Art5_1a, DPDPA_S8"
tenant-c_log_15.json,grace.iyer,PERSON,9273,9283,"GDPR_Art5_1a, DPDPA_S8"
tenant-c_log_15.json,grace.iyer,PERSON,10564,10574,"GDPR_Art5_1a, DPDPA_S8"
tenant-c_log_15.json,grace.iyer,PERSON,11852,11862,"GDPR_Art5_1a, DPDPA_S8"
tenant-c_log_15.json,henry.das,PERSON,13131,13140,"GDPR_Art5_1a, DPDPA_S8"
tenant-c_log_15.json,henry.das,PERSON,14420,14429,"GDPR_Art5_1a, DPDPA_S8"
tenant-c_log_15.json,grace.iyer,PERSON,15705,15715,"GDPR_Art5_1a, DPDPA_S8"
tenant-c_log_15.json,grace.iyer,PERSON,16983,16993,"GDPR_Art5_1a, DPDPA_S8"
tenant-c_log_15.json,grace.iyer,PERSON,18264,18274,"GDPR_Art5_1a, DPDPA_S8"
tenant-c_log_15.json,henry.das,PERSON,19544,19553,"GDPR_Art5_1a, DPDPA_S8"
tenant-c_log_15.json,henry.das,PERSON,20827,20836,"GDPR_Art5_1a, DPDPA_S8"
tenant-c_log_15.json,henry.das,PERSON,22108,22117,"GDPR_Art5_1a, DPDPA_S8"
tenant-c_log_15.json,henry.das,PERSON,23394,23403,"GDPR_Art5_1a, DPDPA_S8"
tenant-c_log_15.json,iris.menon,PERSON,24679,24689,"GDPR_Art5_1a, DPDPA_S8"
tenant-c_log_15.json,10.58.16.99,IP_ADDRESS,677,688,"GDPR_Art5_1b, DPDPA_S8"
tenant-c_log_15.json,10.169.134.110,IP_ADDRESS,1960,1974,"GDPR_Art5_1b, DPDPA_S8"
tenant-c_log_15.json,192.168.20.172,IP_ADDRESS,3246,3260,"GDPR_Art5_1b, DPDPA_S8"
tenant-c_log_15.json,192.168.224.191,IP_ADDRESS,4532,4547,"GDPR_Art5_1b, DPDPA_S8"
tenant-c_log_15.json,192.168.165.125,IP_ADDRESS,5816,5831,"GDPR_Art5_1b, DPDPA_S8"
tenant-c_log_15.json,172.28.195.55,IP_ADDRESS,7097,7110,"GDPR_Art5_1b, DPDPA_S8"
tenant-c_log_15.json,192.168.118.163,IP_ADDRESS,8376,8391,"GDPR_Art5_1b, DPDPA_S8"
tenant-c_log_15.json,10.191.32.226,IP_ADDRESS,9667,9680,"GDPR_Art5_1b, DPDPA_S8"
tenant-c_log_15.json,192.168.43.156,IP_ADDRESS,10958,10972,"GDPR_Art5_1b, DPDPA_S8"
tenant-c_log_15.json,10.217.202.194,IP_ADDRESS,12246,12260,"GDPR_Art5_1b, DPDPA_S8"
tenant-c_log_15.json,172.23.243.160,IP_ADDRESS,13524,13538,"GDPR_Art5_1b, DPDPA_S8"
tenant-c_log_15.json,192.168.234.172,IP_ADDRESS,14813,14828,"GDPR_Art5_1b, DPDPA_S8"
tenant-c_log_15.json,10.109.42.241,IP_ADDRESS,16099,16112,"GDPR_Art5_1b, DPDPA_S8"
tenant-c_log_15.json,192.168.249.175,IP_ADDRESS,17377,17392,"GDPR_Art5_1b, DPDPA_S8"
tenant-c_log_15.json,10.223.1.38,IP_ADDRESS,18658,18669,"GDPR_Art5_1b, DPDPA_S8"
tenant-c_log_15.json,192.168.159.7,IP_ADDRESS,19937,19950,"GDPR_Art5_1b, DPDPA_S8"
tenant-c_log_15.json,10.63.221.150,IP_ADDRESS,21220,21233,"GDPR_Art5_1b, DPDPA_S8"
tenant-c_log_15.json,10.249.73.225,IP_ADDRESS,22501,22514,"GDPR_Art5_1b, DPDPA_S8"
tenant-c_log_15.json,10.48.209.185,IP_ADDRESS,23787,23800,"GDPR_Art5_1b, DPDPA_S8"
tenant-c_log_15.json,10.118.32.26,IP_ADDRESS,25073,25085,"GDPR_Art5_1b, DPDPA_S8"
tenant-c_log_15.json,arn:aws:iam::345678901234:user/henry.das,AWS_ARN,183,223,"GDPR_Art5_1b, DPDPA_S8"
tenant-c_log_15.json,arn:aws:s3:::tenant-c-archive,AWS_ARN,1057,1086,"GDPR_Art5_1b, DPDPA_S8"
tenant-c_log_15.json,arn:aws:iam::345678901234:user/iris.menon,AWS_ARN,1464,1505,"GDPR_Art5_1b, DPDPA_S8"
tenant-c_log_15.json,arn:aws:s3:::tenant-c-prod,AWS_ARN,2348,2374,"GDPR_Art5_1b, DPDPA_S8"
tenant-c_log_15.json,arn:aws:iam::345678901234:user/henry.das,AWS_ARN,2752,2792,"GDPR_Art5_1b, DPDPA_S8"
tenant-c_log_15.json,arn:aws:s3:::tenant-c-archive,AWS_ARN,3631,3660,"GDPR_Art5_1b, DPDPA_S8"
tenant-c_log_15.json,arn:aws:iam::345678901234:user/henry.das,AWS_ARN,4038,4078,"GDPR_Art5_1b, DPDPA_S8"
tenant-c_log_15.json,arn:aws:s3:::tenant-c-prod,AWS_ARN,4916,4942,"GDPR_Art5_1b, DPDPA_S8"
tenant-c_log_15.json,arn:aws:iam::345678901234:user/iris.menon,AWS_ARN,5320,5361,"GDPR_Art5_1b, DPDPA_S8"
tenant-c_log_15.json,arn:aws:s3:::tenant-c-prod,AWS_ARN,6197,6223,"GDPR_Art5_1b, DPDPA_S8"
tenant-c_log_15.json,arn:aws:iam::345678901234:user/iris.menon,AWS_ARN,6601,6642,"GDPR_Art5_1b, DPDPA_S8"
tenant-c_log_15.json,arn:aws:s3:::tenant-c-prod,AWS_ARN,7478,7504,"GDPR_Art5_1b, DPDPA_S8"
tenant-c_log_15.json,arn:aws:iam::345678901234:user/henry.das,AWS_ARN,7882,7922,"GDPR_Art5_1b, DPDPA_S8"
tenant-c_log_15.json,arn:aws:s3:::tenant-c-archive,AWS_ARN,8764,8793,"GDPR_Art5_1b, DPDPA_S8"
tenant-c_log_15.json,arn:aws:iam::345678901234:user/grace.iyer,AWS_ARN,9171,9212,"GDPR_Art5_1b, DPDPA_S8"
tenant-c_log_15.json,arn:aws:s3:::tenant-c-archive,AWS_ARN,10055,10084,"GDPR_Art5_1b, DPDPA_S8"
tenant-c_log_15.json,arn:aws:iam::345678901234:user/grace.iyer,AWS_ARN,10462,10503,"GDPR_Art5_1b, DPDPA_S8"
tenant-c_log_15.json,arn:aws:s3:::tenant-c-archive,AWS_ARN,11343,11372,"GDPR_Art5_1b, DPDPA_S8"
tenant-c_log_15.json,arn:aws:iam::345678901234:user/grace.iyer,AWS_ARN,11750,11791,"GDPR_Art5_1b, DPDPA_S8"
tenant-c_log_15.json,arn:aws:s3:::tenant-c-prod,AWS_ARN,12626,12652,"GDPR_Art5_1b, DPDPA_S8"
tenant-c_log_15.json,arn:aws:iam::345678901234:user/henry.das,AWS_ARN,13030,13070,"GDPR_Art5_1b, DPDPA_S8"
tenant-c_log_15.json,arn:aws:s3:::tenant-c-archive,AWS_ARN,13912,13941,"GDPR_Art5_1b, DPDPA_S8"
tenant-c_log_15.json,arn:aws:iam::345678901234:user/henry.das,AWS_ARN,14319,14359,"GDPR_Art5_1b, DPDPA_S8"
tenant-c_log_15.json,arn:aws:s3:::tenant-c-archive,AWS_ARN,15196,15225,"GDPR_Art5_1b, DPDPA_S8"
tenant-c_log_15.json,arn:aws:iam::345678901234:user/grace.iyer,AWS_ARN,15603,15644,"GDPR_Art5_1b, DPDPA_S8"
tenant-c_log_15.json,arn:aws:s3:::tenant-c-prod,AWS_ARN,16477,16503,"GDPR_Art5_1b, DPDPA_S8"
tenant-c_log_15.json,arn:aws:iam::345678901234:user/grace.iyer,AWS_ARN,16881,16922,"GDPR_Art5_1b, DPDPA_S8"
tenant-c_log_15.json,arn:aws:s3:::tenant-c-prod,AWS_ARN,17758,17784,"GDPR_Art5_1b, DPDPA_S8"
tenant-c_log_15.json,arn:aws:iam::345678901234:user/grace.iyer,AWS_ARN,18162,18203,"GDPR_Art5_1b, DPDPA_S8"
tenant-c_log_15.json,arn:aws:s3:::tenant-c-prod,AWS_ARN,19039,19065,"GDPR_Art5_1b, DPDPA_S8"
tenant-c_log_15.json,arn:aws:iam::345678901234:user/henry.das,AWS_ARN,19443,19483,"GDPR_Art5_1b, DPDPA_S8"
tenant-c_log_15.json,arn:aws:s3:::tenant-c-archive,AWS_ARN,20319,20348,"GDPR_Art5_1b, DPDPA_S8"
tenant-c_log_15.json,arn:aws:iam::345678901234:user/henry.das,AWS_ARN,20726,20766,"GDPR_Art5_1b, DPDPA_S8"
tenant-c_log_15.json,arn:aws:s3:::tenant-c-prod,AWS_ARN,21603,21629,"GDPR_Art5_1b, DPDPA_S8"
tenant-c_log_15.json,arn:aws:iam::345678901234:user/henry.das,AWS_ARN,22007,22047,"GDPR_Art5_1b, DPDPA_S8"
tenant-c_log_15.json,arn:aws:s3:::tenant-c-archive,AWS_ARN,22886,22915,"GDPR_Art5_1b, DPDPA_S8"
tenant-c_log_15.json,arn:aws:iam::345678901234:user/henry.das,AWS_ARN,23293,23333,"GDPR_Art5_1b, DPDPA_S8"
tenant-c_log_15.json,arn:aws:s3:::tenant-c-archive,AWS_ARN,24170,24199,"GDPR_Art5_1b, DPDPA_S8"
tenant-c_log_15.json,arn:aws:iam::345678901234:user/iris.menon,AWS_ARN,24577,24618,"GDPR_Art5_1b, DPDPA_S8"
tenant-c_log_15.json,arn:aws:s3:::tenant-c-prod,AWS_ARN,25451,25477,"GDPR_Art5_1b, DPDPA_S8"
tenant-c_log_15.json,345678901234,AWS_ACCOUNT_ID,248,260,"GDPR_Art5_1b, DPDPA_S8"
tenant-c_log_15.json,345678901234,AWS_ACCOUNT_ID,1113,1125,"GDPR_Art5_1b, DPDPA_S8"
tenant-c_log_15.json,345678901234,AWS_ACCOUNT_ID,1277,1289,"GDPR_Art5_1b, DPDPA_S8"
tenant-c_log_15.json,345678901234,AWS_ACCOUNT_ID,1530,1542,"GDPR_Art5_1b, DPDPA_S8"
tenant-c_log_15.json,345678901234,AWS_ACCOUNT_ID,2401,2413,"GDPR_Art5_1b, DPDPA_S8"
tenant-c_log_15.json,345678901234,AWS_ACCOUNT_ID,2565,2577,"GDPR_Art5_1b, DPDPA_S8"
tenant-c_log_15.json,345678901234,AWS_ACCOUNT_ID,2817,2829,"GDPR_Art5_1b, DPDPA_S8"
tenant-c_log_15.json,345678901234,AWS_ACCOUNT_ID,3687,3699,"GDPR_Art5_1b, DPDPA_S8"
tenant-c_log_15.json,345678901234,AWS_ACCOUNT_ID,3851,3863,"GDPR_Art5_1b, DPDPA_S8"
tenant-c_log_15.json,345678901234,AWS_ACCOUNT_ID,4103,4115,"GDPR_Art5_1b, DPDPA_S8"
tenant-c_log_15.json,345678901234,AWS_ACCOUNT_ID,4969,4981,"GDPR_Art5_1b, DPDPA_S8"
tenant-c_log_15.json,345678901234,AWS_ACCOUNT_ID,5133,5145,"GDPR_Art5_1b, DPDPA_S8"
tenant-c_log_15.json,345678901234,AWS_ACCOUNT_ID,5386,5398,"GDPR_Art5_1b, DPDPA_S8"
tenant-c_log_15.json,345678901234,AWS_ACCOUNT_ID,6250,6262,"GDPR_Art5_1b, DPDPA_S8"
tenant-c_log_15.json,345678901234,AWS_ACCOUNT_ID,6414,6426,"GDPR_Art5_1b, DPDPA_S8"
tenant-c_log_15.json,345678901234,AWS_ACCOUNT_ID,6667,6679,"GDPR_Art5_1b, DPDPA_S8"
tenant-c_log_15.json,345678901234,AWS_ACCOUNT_ID,7531,7543,"GDPR_Art5_1b, DPDPA_S8"
tenant-c_log_15.json,345678901234,AWS_ACCOUNT_ID,7695,7707,"GDPR_Art5_1b, DPDPA_S8"
tenant-c_log_15.json,345678901234,AWS_ACCOUNT_ID,7947,7959,"GDPR_Art5_1b, DPDPA_S8"
tenant-c_log_15.json,345678901234,AWS_ACCOUNT_ID,8820,8832,"GDPR_Art5_1b, DPDPA_S8"
tenant-c_log_15.json,345678901234,AWS_ACCOUNT_ID,8984,8996,"GDPR_Art5_1b, DPDPA_S8"
tenant-c_log_15.json,345678901234,AWS_ACCOUNT_ID,9237,9249,"GDPR_Art5_1b, DPDPA_S8"
tenant-c_log_15.json,345678901234,AWS_ACCOUNT_ID,10111,10123,"GDPR_Art5_1b, DPDPA_S8"
tenant-c_log_15.json,345678901234,AWS_ACCOUNT_ID,10275,10287,"GDPR_Art5_1b, DPDPA_S8"
tenant-c_log_15.json,345678901234,AWS_ACCOUNT_ID,10528,10540,"GDPR_Art5_1b, DPDPA_S8"
tenant-c_log_15.json,345678901234,AWS_ACCOUNT_ID,11399,11411,"GDPR_Art5_1b, DPDPA_S8"
tenant-c_log_15.json,345678901234,AWS_ACCOUNT_ID,11563,11575,"GDPR_Art5_1b, DPDPA_S8"
tenant-c_log_15.json,345678901234,AWS_ACCOUNT_ID,11816,11828,"GDPR_Art5_1b, DPDPA_S8"
tenant-c_log_15.json,345678901234,AWS_ACCOUNT_ID,12679,12691,"GDPR_Art5_1b, DPDPA_S8"
tenant-c_log_15.json,345678901234,AWS_ACCOUNT_ID,12843,12855,"GDPR_Art5_1b, DPDPA_S8"
tenant-c_log_15.json,345678901234,AWS_ACCOUNT_ID,13095,13107,"GDPR_Art5_1b, DPDPA_S8"
tenant-c_log_15.json,345678901234,AWS_ACCOUNT_ID,13968,13980,"GDPR_Art5_1b, DPDPA_S8"
tenant-c_log_15.json,345678901234,AWS_ACCOUNT_ID,14132,14144,"GDPR_Art5_1b, DPDPA_S8"
tenant-c_log_15.json,345678901234,AWS_ACCOUNT_ID,14384,14396,"GDPR_Art5_1b, DPDPA_S8"
tenant-c_log_15.json,345678901234,AWS_ACCOUNT_ID,15252,15264,"GDPR_Art5_1b, DPDPA_S8"
tenant-c_log_15.json,345678901234,AWS_ACCOUNT_ID,15416,15428,"GDPR_Art5_1b, DPDPA_S8"
tenant-c_log_15.json,345678901234,AWS_ACCOUNT_ID,15669,15681,"GDPR_Art5_1b, DPDPA_S8"
tenant-c_log_15.json,345678901234,AWS_ACCOUNT_ID,16530,16542,"GDPR_Art5_1b, DPDPA_S8"
tenant-c_log_15.json,345678901234,AWS_ACCOUNT_ID,16694,16706,"GDPR_Art5_1b, DPDPA_S8"
tenant-c_log_15.json,345678901234,AWS_ACCOUNT_ID,16947,16959,"GDPR_Art5_1b, DPDPA_S8"
tenant-c_log_15.json,345678901234,AWS_ACCOUNT_ID,17811,17823,"GDPR_Art5_1b, DPDPA_S8"
tenant-c_log_15.json,345678901234,AWS_ACCOUNT_ID,17975,17987,"GDPR_Art5_1b, DPDPA_S8"
tenant-c_log_15.json,345678901234,AWS_ACCOUNT_ID,18228,18240,"GDPR_Art5_1b, DPDPA_S8"
tenant-c_log_15.json,345678901234,AWS_ACCOUNT_ID,19092,19104,"GDPR_Art5_1b, DPDPA_S8"
tenant-c_log_15.json,345678901234,AWS_ACCOUNT_ID,19256,19268,"GDPR_Art5_1b, DPDPA_S8"
tenant-c_log_15.json,345678901234,AWS_ACCOUNT_ID,19508,19520,"GDPR_Art5_1b, DPDPA_S8"
tenant-c_log_15.json,345678901234,AWS_ACCOUNT_ID,20375,20387,"GDPR_Art5_1b, DPDPA_S8"
tenant-c_log_15.json,345678901234,AWS_ACCOUNT_ID,20539,20551,"GDPR_Art5_1b, DPDPA_S8"
tenant-c_log_15.json,345678901234,AWS_ACCOUNT_ID,20791,20803,"GDPR_Art5_1b, DPDPA_S8"
tenant-c_log_15.json,345678901234,AWS_ACCOUNT_ID,21656,21668,"GDPR_Art5_1b, DPDPA_S8"
tenant-c_log_15.json,345678901234,AWS_ACCOUNT_ID,21820,21832,"GDPR_Art5_1b, DPDPA_S8"
tenant-c_log_15.json,345678901234,AWS_ACCOUNT_ID,22072,22084,"GDPR_Art5_1b, DPDPA_S8"
tenant-c_log_15.json,345678901234,AWS_ACCOUNT_ID,22942,22954,"GDPR_Art5_1b, DPDPA_S8"
tenant-c_log_15.json,345678901234,AWS_ACCOUNT_ID,23106,23118,"GDPR_Art5_1b, DPDPA_S8"
tenant-c_log_15.json,345678901234,AWS_ACCOUNT_ID,23358,23370,"GDPR_Art5_1b, DPDPA_S8"
tenant-c_log_15.json,345678901234,AWS_ACCOUNT_ID,24226,24238,"GDPR_Art5_1b, DPDPA_S8"
tenant-c_log_15.json,345678901234,AWS_ACCOUNT_ID,24390,24402,"GDPR_Art5_1b, DPDPA_S8"
tenant-c_log_15.json,345678901234,AWS_ACCOUNT_ID,24643,24655,"GDPR_Art5_1b, DPDPA_S8"
tenant-c_log_15.json,345678901234,AWS_ACCOUNT_ID,25504,25516,"GDPR_Art5_1b, DPDPA_S8"
tenant-c_log_15.json,345678901234,AWS_ACCOUNT_ID,25668,25680,"GDPR_Art5_1b, DPDPA_S8"
tenant-c_log_16.json,henry.das,PERSON,284,293,"GDPR_Art5_1a, DPDPA_S8"
tenant-c_log_16.json,iris.menon,PERSON,1564,1574,"GDPR_Art5_1a, DPDPA_S8"
tenant-c_log_16.json,grace.iyer,PERSON,2844,2854,"GDPR_Art5_1a, DPDPA_S8"
tenant-c_log_16.json,henry.das,PERSON,4121,4130,"GDPR_Art5_1a, DPDPA_S8"
tenant-c_log_16.json,henry.das,PERSON,5409,5418,"GDPR_Art5_1a, DPDPA_S8"
tenant-c_log_16.json,henry.das,PERSON,6689,6698,"GDPR_Art5_1a, DPDPA_S8"
tenant-c_log_16.json,grace.iyer,PERSON,7973,7983,"GDPR_Art5_1a, DPDPA_S8"
tenant-c_log_16.json,henry.das,PERSON,9255,9264,"GDPR_Art5_1a, DPDPA_S8"
tenant-c_log_16.json,iris.menon,PERSON,10539,10549,"GDPR_Art5_1a, DPDPA_S8"
tenant-c_log_16.json,grace.iyer,PERSON,11829,11839,"GDPR_Art5_1a, DPDPA_S8"
tenant-c_log_16.json,grace.iyer,PERSON,13117,13127,"GDPR_Art5_1a, DPDPA_S8"
tenant-c_log_16.json,iris.menon,PERSON,14404,14414,"GDPR_Art5_1a, DPDPA_S8"
tenant-c_log_16.json,henry.das,PERSON,15681,15690,"GDPR_Art5_1a, DPDPA_S8"
tenant-c_log_16.json,iris.menon,PERSON,16960,16970,"GDPR_Art5_1a, DPDPA_S8"
tenant-c_log_16.json,grace.iyer,PERSON,18246,18256,"GDPR_Art5_1a, DPDPA_S8"
tenant-c_log_16.json,grace.iyer,PERSON,19531,19541,"GDPR_Art5_1a, DPDPA_S8"
tenant-c_log_16.json,iris.menon,PERSON,20818,20828,"GDPR_Art5_1a, DPDPA_S8"
tenant-c_log_16.json,grace.iyer,PERSON,22103,22113,"GDPR_Art5_1a, DPDPA_S8"
tenant-c_log_16.json,iris.menon,PERSON,23384,23394,"GDPR_Art5_1a, DPDPA_S8"
tenant-c_log_16.json,grace.iyer,PERSON,24661,24671,"GDPR_Art5_1a, DPDPA_S8"
tenant-c_log_16.json,10.237.135.141,IP_ADDRESS,677,691,"GDPR_Art5_1b, DPDPA_S8"
tenant-c_log_16.json,10.179.51.51,IP_ADDRESS,1958,1970,"GDPR_Art5_1b, DPDPA_S8"
tenant-c_log_16.json,10.79.130.12,IP_ADDRESS,3238,3250,"GDPR_Art5_1b, DPDPA_S8"
tenant-c_log_16.json,172.26.92.144,IP_ADDRESS,4514,4527,"GDPR_Art5_1b, DPDPA_S8"
tenant-c_log_16.json,172.24.142.236,IP_ADDRESS,5802,5816,"GDPR_Art5_1b, DPDPA_S8"
tenant-c_log_16.json,192.168.246.90,IP_ADDRESS,7082,7096,"GDPR_Art5_1b, DPDPA_S8"
tenant-c_log_16.json,172.24.29.207,IP_ADDRESS,8367,8380,"GDPR_Art5_1b, DPDPA_S8"
tenant-c_log_16.json,10.166.253.5,IP_ADDRESS,9648,9660,"GDPR_Art5_1b, DPDPA_S8"
tenant-c_log_16.json,192.168.47.214,IP_ADDRESS,10933,10947,"GDPR_Art5_1b, DPDPA_S8"
tenant-c_log_16.json,172.27.137.190,IP_ADDRESS,12223,12237,"GDPR_Art5_1b, DPDPA_S8"
tenant-c_log_16.json,172.17.72.5,IP_ADDRESS,13511,13522,"GDPR_Art5_1b, DPDPA_S8"
tenant-c_log_16.json,10.186.53.107,IP_ADDRESS,14798,14811,"GDPR_Art5_1b, DPDPA_S8"
tenant-c_log_16.json,10.133.122.198,IP_ADDRESS,16074,16088,"GDPR_Art5_1b, DPDPA_S8"
tenant-c_log_16.json,192.168.154.13,IP_ADDRESS,17354,17368,"GDPR_Art5_1b, DPDPA_S8"
tenant-c_log_16.json,192.168.130.184,IP_ADDRESS,18640,18655,"GDPR_Art5_1b, DPDPA_S8"
tenant-c_log_16.json,192.168.61.144,IP_ADDRESS,19925,19939,"GDPR_Art5_1b, DPDPA_S8"
tenant-c_log_16.json,172.31.96.138,IP_ADDRESS,21212,21225,"GDPR_Art5_1b, DPDPA_S8"
tenant-c_log_16.json,192.168.42.46,IP_ADDRESS,22497,22510,"GDPR_Art5_1b, DPDPA_S8"
tenant-c_log_16.json,10.171.74.12,IP_ADDRESS,23778,23790,"GDPR_Art5_1b, DPDPA_S8"
tenant-c_log_16.json,10.34.130.76,IP_ADDRESS,25055,25067,"GDPR_Art5_1b, DPDPA_S8"
tenant-c_log_16.json,arn:aws:iam::345678901234:user/henry.das,AWS_ARN,183,223,"GDPR_Art5_1b, DPDPA_S8"
tenant-c_log_16.json,arn:aws:s3:::tenant-c-prod,AWS_ARN,1058,1084,"GDPR_Art5_1b, DPDPA_S8"
tenant-c_log_16.json,arn:aws:iam::345678901234:user/iris.menon,AWS_ARN,1462,1503,"GDPR_Art5_1b, DPDPA_S8"
tenant-c_log_16.json,arn:aws:s3:::tenant-c-prod,AWS_ARN,2338,2364,"GDPR_Art5_1b, DPDPA_S8"
tenant-c_log_16.json,arn:aws:iam::345678901234:user/grace.iyer,AWS_ARN,2742,2783,"GDPR_Art5_1b, DPDPA_S8"
tenant-c_log_16.json,arn:aws:s3:::tenant-c-prod,AWS_ARN,3616,3642,"GDPR_Art5_1b, DPDPA_S8"
tenant-c_log_16.json,arn:aws:iam::345678901234:user/henry.das,AWS_ARN,4020,4060,"GDPR_Art5_1b, DPDPA_S8"
tenant-c_log_16.json,arn:aws:s3:::tenant-c-archive,AWS_ARN,4901,4930,"GDPR_Art5_1b, DPDPA_S8"
tenant-c_log_16.json,arn:aws:iam::345678901234:user/henry.das,AWS_ARN,5308,5348,"GDPR_Art5_1b, DPDPA_S8"
tenant-c_log_16.json,arn:aws:s3:::tenant-c-prod,AWS_ARN,6184,6210,"GDPR_Art5_1b, DPDPA_S8"
tenant-c_log_16.json,arn:aws:iam::345678901234:user/henry.das,AWS_ARN,6588,6628,"GDPR_Art5_1b, DPDPA_S8"
tenant-c_log_16.json,arn:aws:s3:::tenant-c-archive,AWS_ARN,7464,7493,"GDPR_Art5_1b, DPDPA_S8"
tenant-c_log_16.json,arn:aws:iam::345678901234:user/grace.iyer,AWS_ARN,7871,7912,"GDPR_Art5_1b, DPDPA_S8"
tenant-c_log_16.json,arn:aws:s3:::tenant-c-prod,AWS_ARN,8750,8776,"GDPR_Art5_1b, DPDPA_S8"
tenant-c_log_16.json,arn:aws:iam::345678901234:user/henry.das,AWS_ARN,9154,9194,"GDPR_Art5_1b, DPDPA_S8"
tenant-c_log_16.json,arn:aws:s3:::tenant-c-archive,AWS_ARN,10030,10059,"GDPR_Art5_1b, DPDPA_S8"
tenant-c_log_16.json,arn:aws:iam::345678901234:user/iris.menon,AWS_ARN,10437,10478,"GDPR_Art5_1b, DPDPA_S8"
tenant-c_log_16.json,arn:aws:s3:::tenant-c-archive,AWS_ARN,11320,11349,"GDPR_Art5_1b, DPDPA_S8"
tenant-c_log_16.json,arn:aws:iam::345678901234:user/grace.iyer,AWS_ARN,11727,11768,"GDPR_Art5_1b, DPDPA_S8"
tenant-c_log_16.json,arn:aws:s3:::tenant-c-archive,AWS_ARN,12608,12637,"GDPR_Art5_1b, DPDPA_S8"
tenant-c_log_16.json,arn:aws:iam::345678901234:user/grace.iyer,AWS_ARN,13015,13056,"GDPR_Art5_1b, DPDPA_S8"
tenant-c_log_16.json,arn:aws:s3:::tenant-c-archive,AWS_ARN,13895,13924,"GDPR_Art5_1b, DPDPA_S8"
tenant-c_log_16.json,arn:aws:iam::345678901234:user/iris.menon,AWS_ARN,14302,14343,"GDPR_Art5_1b, DPDPA_S8"
tenant-c_log_16.json,arn:aws:s3:::tenant-c-prod,AWS_ARN,15176,15202,"GDPR_Art5_1b, DPDPA_S8"
tenant-c_log_16.json,arn:aws:iam::345678901234:user/henry.das,AWS_ARN,15580,15620,"GDPR_Art5_1b, DPDPA_S8"
tenant-c_log_16.json,arn:aws:s3:::tenant-c-prod,AWS_ARN,16454,16480,"GDPR_Art5_1b, DPDPA_S8"
tenant-c_log_16.json,arn:aws:iam::345678901234:user/iris.menon,AWS_ARN,16858,16899,"GDPR_Art5_1b, DPDPA_S8"
tenant-c_log_16.json,arn:aws:s3:::tenant-c-archive,AWS_ARN,17737,17766,"GDPR_Art5_1b, DPDPA_S8"
tenant-c_log_16.json,arn:aws:iam::345678901234:user/grace.iyer,AWS_ARN,18144,18185,"GDPR_Art5_1b, DPDPA_S8"
tenant-c_log_16.json,arn:aws:s3:::tenant-c-prod,AWS_ARN,19025,19051,"GDPR_Art5_1b, DPDPA_S8"
tenant-c_log_16.json,arn:aws:iam::345678901234:user/grace.iyer,AWS_ARN,19429,19470,"GDPR_Art5_1b, DPDPA_S8"
tenant-c_log_16.json,arn:aws:s3:::tenant-c-archive,AWS_ARN,20309,20338,"GDPR_Art5_1b, DPDPA_S8"
tenant-c_log_16.json,arn:aws:iam::345678901234:user/iris.menon,AWS_ARN,20716,20757,"GDPR_Art5_1b, DPDPA_S8"
tenant-c_log_16.json,arn:aws:s3:::tenant-c-archive,AWS_ARN,21594,21623,"GDPR_Art5_1b, DPDPA_S8"
tenant-c_log_16.json,arn:aws:iam::345678901234:user/grace.iyer,AWS_ARN,22001,22042,"GDPR_Art5_1b, DPDPA_S8"
tenant-c_log_16.json,arn:aws:s3:::tenant-c-prod,AWS_ARN,22878,22904,"GDPR_Art5_1b, DPDPA_S8"
tenant-c_log_16.json,arn:aws:iam::345678901234:user/iris.menon,AWS_ARN,23282,23323,"GDPR_Art5_1b, DPDPA_S8"
tenant-c_log_16.json,arn:aws:s3:::tenant-c-prod,AWS_ARN,24155,24181,"GDPR_Art5_1b, DPDPA_S8"
tenant-c_log_16.json,arn:aws:iam::345678901234:user/grace.iyer,AWS_ARN,24559,24600,"GDPR_Art5_1b, DPDPA_S8"
tenant-c_log_16.json,arn:aws:s3:::tenant-c-prod,AWS_ARN,25433,25459,"GDPR_Art5_1b, DPDPA_S8"
tenant-c_log_16.json,345678901234,AWS_ACCOUNT_ID,248,260,"GDPR_Art5_1b, DPDPA_S8"
tenant-c_log_16.json,345678901234,AWS_ACCOUNT_ID,1111,1123,"GDPR_Art5_1b, DPDPA_S8"
tenant-c_log_16.json,345678901234,AWS_ACCOUNT_ID,1275,1287,"GDPR_Art5_1b, DPDPA_S8"
tenant-c_log_16.json,345678901234,AWS_ACCOUNT_ID,1528,1540,"GDPR_Art5_1b, DPDPA_S8"
tenant-c_log_16.json,345678901234,AWS_ACCOUNT_ID,2391,2403,"GDPR_Art5_1b, DPDPA_S8"
tenant-c_log_16.json,345678901234,AWS_ACCOUNT_ID,2555,2567,"GDPR_Art5_1b, DPDPA_S8"
tenant-c_log_16.json,345678901234,AWS_ACCOUNT_ID,2808,2820,"GDPR_Art5_1b, DPDPA_S8"
tenant-c_log_16.json,345678901234,AWS_ACCOUNT_ID,3669,3681,"GDPR_Art5_1b, DPDPA_S8"
tenant-c_log_16.json,345678901234,AWS_ACCOUNT_ID,3833,3845,"GDPR_Art5_1b, DPDPA_S8"
tenant-c_log_16.json,345678901234,AWS_ACCOUNT_ID,4085,4097,"GDPR_Art5_1b, DPDPA_S8"
tenant-c_log_16.json,345678901234,AWS_ACCOUNT_ID,4957,4969,"GDPR_Art5_1b, DPDPA_S8"
tenant-c_log_16.json,345678901234,AWS_ACCOUNT_ID,5121,5133,"GDPR_Art5_1b, DPDPA_S8"
tenant-c_log_16.json,345678901234,AWS_ACCOUNT_ID,5373,5385,"GDPR_Art5_1b, DPDPA_S8"
tenant-c_log_16.json,345678901234,AWS_ACCOUNT_ID,6237,6249,"GDPR_Art5_1b, DPDPA_S8"
tenant-c_log_16.json,345678901234,AWS_ACCOUNT_ID,6401,6413,"GDPR_Art5_1b, DPDPA_S8"
tenant-c_log_16.json,345678901234,AWS_ACCOUNT_ID,6653,6665,"GDPR_Art5_1b, DPDPA_S8"
tenant-c_log_16.json,345678901234,AWS_ACCOUNT_ID,7520,7532,"GDPR_Art5_1b, DPDPA_S8"
tenant-c_log_16.json,345678901234,AWS_ACCOUNT_ID,7684,7696,"GDPR_Art5_1b, DPDPA_S8"
tenant-c_log_16.json,345678901234,AWS_ACCOUNT_ID,7937,7949,"GDPR_Art5_1b, DPDPA_S8"
tenant-c_log_16.json,345678901234,AWS_ACCOUNT_ID,8803,8815,"GDPR_Art5_1b, DPDPA_S8"
tenant-c_log_16.json,345678901234,AWS_ACCOUNT_ID,8967,8979,"GDPR_Art5_1b, DPDPA_S8"
tenant-c_log_16.json,345678901234,AWS_ACCOUNT_ID,9219,9231,"GDPR_Art5_1b, DPDPA_S8"
tenant-c_log_16.json,345678901234,AWS_ACCOUNT_ID,10086,10098,"GDPR_Art5_1b, DPDPA_S8"
tenant-c_log_16.json,345678901234,AWS_ACCOUNT_ID,10250,10262,"GDPR_Art5_1b, DPDPA_S8"
tenant-c_log_16.json,345678901234,AWS_ACCOUNT_ID,10503,10515,"GDPR_Art5_1b, DPDPA_S8"
tenant-c_log_16.json,345678901234,AWS_ACCOUNT_ID,11376,11388,"GDPR_Art5_1b, DPDPA_S8"
tenant-c_log_16.json,345678901234,AWS_ACCOUNT_ID,11540,11552,"GDPR_Art5_1b, DPDPA_S8"
tenant-c_log_16.json,345678901234,AWS_ACCOUNT_ID,11793,11805,"GDPR_Art5_1b, DPDPA_S8"
tenant-c_log_16.json,345678901234,AWS_ACCOUNT_ID,12664,12676,"GDPR_Art5_1b, DPDPA_S8"
tenant-c_log_16.json,345678901234,AWS_ACCOUNT_ID,12828,12840,"GDPR_Art5_1b, DPDPA_S8"
tenant-c_log_16.json,345678901234,AWS_ACCOUNT_ID,13081,13093,"GDPR_Art5_1b, DPDPA_S8"
tenant-c_log_16.json,345678901234,AWS_ACCOUNT_ID,13951,13963,"GDPR_Art5_1b, DPDPA_S8"
tenant-c_log_16.json,345678901234,AWS_ACCOUNT_ID,14115,14127,"GDPR_Art5_1b, DPDPA_S8"
tenant-c_log_16.json,345678901234,AWS_ACCOUNT_ID,14368,14380,"GDPR_Art5_1b, DPDPA_S8"
tenant-c_log_16.json,345678901234,AWS_ACCOUNT_ID,15229,15241,"GDPR_Art5_1b, DPDPA_S8"
tenant-c_log_16.json,345678901234,AWS_ACCOUNT_ID,15393,15405,"GDPR_Art5_1b, DPDPA_S8"
tenant-c_log_16.json,345678901234,AWS_ACCOUNT_ID,15645,15657,"GDPR_Art5_1b, DPDPA_S8"
tenant-c_log_16.json,345678901234,AWS_ACCOUNT_ID,16507,16519,"GDPR_Art5_1b, DPDPA_S8"
tenant-c_log_16.json,345678901234,AWS_ACCOUNT_ID,16671,16683,"GDPR_Art5_1b, DPDPA_S8"
tenant-c_log_16.json,345678901234,AWS_ACCOUNT_ID,16924,16936,"GDPR_Art5_1b, DPDPA_S8"
tenant-c_log_16.json,345678901234,AWS_ACCOUNT_ID,17793,17805,"GDPR_Art5_1b, DPDPA_S8"
tenant-c_log_16.json,345678901234,AWS_ACCOUNT_ID,17957,17969,"GDPR_Art5_1b, DPDPA_S8"
tenant-c_log_16.json,345678901234,AWS_ACCOUNT_ID,18210,18222,"GDPR_Art5_1b, DPDPA_S8"
tenant-c_log_16.json,345678901234,AWS_ACCOUNT_ID,19078,19090,"GDPR_Art5_1b, DPDPA_S8"
tenant-c_log_16.json,345678901234,AWS_ACCOUNT_ID,19242,19254,"GDPR_Art5_1b, DPDPA_S8"
tenant-c_log_16.json,345678901234,AWS_ACCOUNT_ID,19495,19507,"GDPR_Art5_1b, DPDPA_S8"
tenant-c_log_16.json,345678901234,AWS_ACCOUNT_ID,20365,20377,"GDPR_Art5_1b, DPDPA_S8"
tenant-c_log_16.json,345678901234,AWS_ACCOUNT_ID,20529,20541,"GDPR_Art5_1b, DPDPA_S8"
tenant-c_log_16.json,345678901234,AWS_ACCOUNT_ID,20782,20794,"GDPR_Art5_1b, DPDPA_S8"
tenant-c_log_16.json,345678901234,AWS_ACCOUNT_ID,21650,21662,"GDPR_Art5_1b, DPDPA_S8"
tenant-c_log_16.json,345678901234,AWS_ACCOUNT_ID,21814,21826,"GDPR_Art5_1b, DPDPA_S8"
tenant-c_log_16.json,345678901234,AWS_ACCOUNT_ID,22067,22079,"GDPR_Art5_1b, DPDPA_S8"
tenant-c_log_16.json,345678901234,AWS_ACCOUNT_ID,22931,22943,"GDPR_Art5_1b, DPDPA_S8"
tenant-c_log_16.json,345678901234,AWS_ACCOUNT_ID,23095,23107,"GDPR_Art5_1b, DPDPA_S8"
tenant-c_log_16.json,345678901234,AWS_ACCOUNT_ID,23348,23360,"GDPR_Art5_1b, DPDPA_S8"
tenant-c_log_16.json,345678901234,AWS_ACCOUNT_ID,24208,24220,"GDPR_Art5_1b, DPDPA_S8"
tenant-c_log_16.json,345678901234,AWS_ACCOUNT_ID,24372,24384,"GDPR_Art5_1b, DPDPA_S8"
tenant-c_log_16.json,345678901234,AWS_ACCOUNT_ID,24625,24637,"GDPR_Art5_1b, DPDPA_S8"
tenant-c_log_16.json,345678901234,AWS_ACCOUNT_ID,25486,25498,"GDPR_Art5_1b, DPDPA_S8"
tenant-c_log_16.json,345678901234,AWS_ACCOUNT_ID,25650,25662,"GDPR_Art5_1b, DPDPA_S8"
